"","検索文字 URL： チェック","チサンホテル浜松町 サイト名","検索年月： 評価","2026年 投稿日","03月 コメント(全体)","範囲： コメント(良い点)","!A1:K コメント(改善点)","コメント（翻訳:全体)","コメント（翻訳:良い)","コメント（翻訳:改善点)","投稿者","","","","","関数用 2026年 2026年 ","02月 03月 ","","!A2:K75 ","","","",""
"","FALSE","Trip.com","6","2026-03-30","品川駅や田町駅から少し距離があり、雨の日だったので傘をさしても少しズボンが濡れてしまった。部屋は狭く風呂とトイレも旧式のユニットバスで非常に狭かった。それでも15000円近くの値段は今時仕方ないですかね。","","","品川駅や田町駅から少し距離があり、雨の日だったので傘をさしても少しズボンが濡れてしまった。部屋は狭く風呂とトイレも旧式のユニットバスで非常に狭かった。それでも15000円近くの値段は今時仕方ないですかね。","","","ゲ‍ス‍ト","","FALSE","Trip.com","6","2026-03-30","品川駅や田町駅から少し距離があり、雨の日だったので傘をさしても少しズボンが濡れてしまった。部屋は狭く風呂とトイレも旧式のユニットバスで非常に狭かった。それでも15000円近くの値段は今時仕方ないですかね。","","","品川駅や田町駅から少し距離があり、雨の日だったので傘をさしても少しズボンが濡れてしまった。部屋は狭く風呂とトイレも旧式のユニットバスで非常に狭かった。それでも15000円近くの値段は今時仕方ないですかね。","","","ゲ‍ス‍ト"
"","FALSE","Booking.com","3","2026-03-30","","安いです。 駅からも道が一本で分かりやすくて近いのもポイント高いです。","ベッドの下に子どもが入ってしまって出てきたら服も髪の毛もホコリまるけでした。 お風呂場のシャンプー、コンディショナー、ボディソープだと思いますが、ラベルがコンディショナーが２つでしたが、中身は違うのでおそらくひとつがボディソープだったんだと思います。 バスマットを出したら、前の宿泊者の物であろう使用済みのパックが出てきました。とても残念でした。","","安いです。 駅からも道が一本で分かりやすくて近いのもポイント高いです。","ベッドの下に子どもが入ってしまって出てきたら服も髪の毛もホコリまるけでした。 お風呂場のシャンプー、コンディショナー、ボディソープだと思いますが、ラベルがコンディショナーが２つでしたが、中身は違うのでおそらくひとつがボディソープだったんだと思います。 バスマットを出したら、前の宿泊者の物であろう使用済みのパックが出てきました。とても残念でした。","Nao","","FALSE","Booking.com","3","2026-03-30","","安いです。 駅からも道が一本で分かりやすくて近いのもポイント高いです。","ベッドの下に子どもが入ってしまって出てきたら服も髪の毛もホコリまるけでした。 お風呂場のシャンプー、コンディショナー、ボディソープだと思いますが、ラベルがコンディショナーが２つでしたが、中身は違うのでおそらくひとつがボディソープだったんだと思います。 バスマットを出したら、前の宿泊者の物であろう使用済みのパックが出てきました。とても残念でした。","","安いです。 駅からも道が一本で分かりやすくて近いのもポイント高いです。","ベッドの下に子どもが入ってしまって出てきたら服も髪の毛もホコリまるけでした。 お風呂場のシャンプー、コンディショナー、ボディソープだと思いますが、ラベルがコンディショナーが２つでしたが、中身は違うのでおそらくひとつがボディソープだったんだと思います。 バスマットを出したら、前の宿泊者の物であろう使用済みのパックが出てきました。とても残念でした。","Nao"
"","FALSE","Google","1","2026-03-30","","","","","","","Mitch Kaneko","","FALSE","Google","1","2026-03-30","","","","","","","Mitch Kaneko"
"","FALSE","Google","5","2026-03-29","良いホテルです！","","","良いホテルです！","","","Yoshihiro Masamura","","FALSE","Google","5","2026-03-29","良いホテルです！","","","良いホテルです！","","","Yoshihiro Masamura"
"","FALSE","楽天トラベル","3","2026-03-29","建物は古い感じで、部屋のトイレのウォシュレットの使い方が不便で、フロントフロアのトイレを使用しました。","","","建物は古い感じで、部屋のトイレのウォシュレットの使い方が不便で、フロントフロアのトイレを使用しました。","","","ゆみヨッシー","","FALSE","楽天トラベル","3","2026-03-29","建物は古い感じで、部屋のトイレのウォシュレットの使い方が不便で、フロントフロアのトイレを使用しました。","","","建物は古い感じで、部屋のトイレのウォシュレットの使い方が不便で、フロントフロアのトイレを使用しました。","","","ゆみヨッシー"
"","FALSE","Google","4","2026-03-28","特に問題はなかった","","","特に問題はなかった","","","ちび","","FALSE","Google","4","2026-03-28","特に問題はなかった","","","特に問題はなかった","","","ちび"
"","FALSE","Agoda","6","2026-03-27","ホテルの高値が続き規定範囲で宿泊できる宿探しに毎回難儀していますが ここはリーズナブルでよかったです。 フロントの接客も概ね良好、 朝食会場のバイキングが他のビジネスホテルに比べて豪華な気がしました。 浜松町駅から徒歩11分程度かかるところと、 年季がはいっている建物なので客室の壁に小さな穴が空いていたり浴室に落ちない黒汚れが付いていたりしましたが コスパを考慮すれば気にならない程度かなと思います。","","","ホテルの高値が続き規定範囲で宿泊できる宿探しに毎回難儀していますが ここはリーズナブルでよかったです。 フロントの接客も概ね良好、 朝食会場のバイキングが他のビジネスホテルに比べて豪華な気がしました。 浜松町駅から徒歩11分程度かかるところと、 年季がはいっている建物なので客室の壁に小さな穴が空いていたり浴室に落ちない黒汚れが付いていたりしましたが コスパを考慮すれば気にならない程度かなと思います。","","","YUSUKE","","FALSE","Agoda","6","2026-03-27","ホテルの高値が続き規定範囲で宿泊できる宿探しに毎回難儀していますが ここはリーズナブルでよかったです。 フロントの接客も概ね良好、 朝食会場のバイキングが他のビジネスホテルに比べて豪華な気がしました。 浜松町駅から徒歩11分程度かかるところと、 年季がはいっている建物なので客室の壁に小さな穴が空いていたり浴室に落ちない黒汚れが付いていたりしましたが コスパを考慮すれば気にならない程度かなと思います。","","","ホテルの高値が続き規定範囲で宿泊できる宿探しに毎回難儀していますが ここはリーズナブルでよかったです。 フロントの接客も概ね良好、 朝食会場のバイキングが他のビジネスホテルに比べて豪華な気がしました。 浜松町駅から徒歩11分程度かかるところと、 年季がはいっている建物なので客室の壁に小さな穴が空いていたり浴室に落ちない黒汚れが付いていたりしましたが コスパを考慮すれば気にならない程度かなと思います。","","","YUSUKE"
"","FALSE","じゃらん","4","2026-03-26","古さは感じますが、綺麗に清掃がなされ、立地的に静かで良かったです。  お客のマナーの問題ですが、静かさゆえ廊下での話し声が、ちょっと気になりました。","","","古さは感じますが、綺麗に清掃がなされ、立地的に静かで良かったです。  お客のマナーの問題ですが、静かさゆえ廊下での話し声が、ちょっと気になりました。","","","あにやんさん","","FALSE","じゃらん","4","2026-03-26","古さは感じますが、綺麗に清掃がなされ、立地的に静かで良かったです。  お客のマナーの問題ですが、静かさゆえ廊下での話し声が、ちょっと気になりました。","","","古さは感じますが、綺麗に清掃がなされ、立地的に静かで良かったです。  お客のマナーの問題ですが、静かさゆえ廊下での話し声が、ちょっと気になりました。","","","あにやんさん"
"","FALSE","楽天トラベル","1","2026-03-26","汚くて震えました","","","汚くて震えました","","","普通の感性","","FALSE","楽天トラベル","1","2026-03-26","汚くて震えました","","","汚くて震えました","","","普通の感性"
"","FALSE","Trip.com","4","2026-03-26","壁は凄く薄くて隣の人の物音などがハッキリと聞こえる。 ドアも他の人が出入りするのが自分の部屋かのような音。 お風呂やトイレの老朽化も凄く… もう泊まらないと思います…。","","","壁は凄く薄くて隣の人の物音などがハッキリと聞こえる。 ドアも他の人が出入りするのが自分の部屋かのような音。 お風呂やトイレの老朽化も凄く… もう泊まらないと思います…。","","","ゲ‍ス‍ト","","FALSE","Trip.com","4","2026-03-26","壁は凄く薄くて隣の人の物音などがハッキリと聞こえる。 ドアも他の人が出入りするのが自分の部屋かのような音。 お風呂やトイレの老朽化も凄く… もう泊まらないと思います…。","","","壁は凄く薄くて隣の人の物音などがハッキリと聞こえる。 ドアも他の人が出入りするのが自分の部屋かのような音。 お風呂やトイレの老朽化も凄く… もう泊まらないと思います…。","","","ゲ‍ス‍ト"
"","FALSE","Booking.com","10","2026-03-25","","","","","","","Naohiro","","FALSE","Booking.com","10","2026-03-25","","","","","","","Naohiro"
"","FALSE","Trip.com","7","2026-03-24","施設は普通。今回留まった部屋だけかもしれないが、ベットのスプリングが壊れているのかわからないが、寝返りする度にキーキーと音を立てて、寝ることことができなかった。また腰辺りが予想以上に沈みら朝起きると腰痛が酷**の日１日ふかいであった。寝れないし痛みを感じたことが最大の問題かと。","","","施設は普通。今回留まった部屋だけかもしれないが、ベットのスプリングが壊れているのかわからないが、寝返りする度にキーキーと音を立てて、寝ることことができなかった。また腰辺りが予想以上に沈みら朝起きると腰痛が酷**の日１日ふかいであった。寝れないし痛みを感じたことが最大の問題かと。","","","D‍r‍.‍F‍i‍s‍h","","FALSE","Trip.com","7","2026-03-24","施設は普通。今回留まった部屋だけかもしれないが、ベットのスプリングが壊れているのかわからないが、寝返りする度にキーキーと音を立てて、寝ることことができなかった。また腰辺りが予想以上に沈みら朝起きると腰痛が酷**の日１日ふかいであった。寝れないし痛みを感じたことが最大の問題かと。","","","施設は普通。今回留まった部屋だけかもしれないが、ベットのスプリングが壊れているのかわからないが、寝返りする度にキーキーと音を立てて、寝ることことができなかった。また腰辺りが予想以上に沈みら朝起きると腰痛が酷**の日１日ふかいであった。寝れないし痛みを感じたことが最大の問題かと。","","","D‍r‍.‍F‍i‍s‍h"
"","FALSE","Agoda","6","2026-03-24","口コミを見ていて覚悟はしていたが、設備としては古めのホテルでした。 他が空いてなければ使いますが好んでは使わないかなぁ。","","","口コミを見ていて覚悟はしていたが、設備としては古めのホテルでした。 他が空いてなければ使いますが好んでは使わないかなぁ。","","","Yoshikazu","","FALSE","Agoda","6","2026-03-24","口コミを見ていて覚悟はしていたが、設備としては古めのホテルでした。 他が空いてなければ使いますが好んでは使わないかなぁ。","","","口コミを見ていて覚悟はしていたが、設備としては古めのホテルでした。 他が空いてなければ使いますが好んでは使わないかなぁ。","","","Yoshikazu"
"","FALSE","楽天トラベル","4","2026-03-23","本文なし","","","本文なし","","","くらいふたーん","","FALSE","楽天トラベル","4","2026-03-23","本文なし","","","本文なし","","","くらいふたーん"
"","FALSE","楽天トラベル","4","2026-03-23","ビジネス街なので、静かでゆっくりできました。 部屋も広めで良かったです。","","","ビジネス街なので、静かでゆっくりできました。 部屋も広めで良かったです。","","","旅するつっちー","","FALSE","楽天トラベル","4","2026-03-23","ビジネス街なので、静かでゆっくりできました。 部屋も広めで良かったです。","","","ビジネス街なので、静かでゆっくりできました。 部屋も広めで良かったです。","","","旅するつっちー"
"","FALSE","Google","2","2026-03-22","近くにイオンのスーパーがあり便利","","","近くにイオンのスーパーがあり便利","","","Hiroyuki T (hirot)","","FALSE","Google","2","2026-03-22","近くにイオンのスーパーがあり便利","","","近くにイオンのスーパーがあり便利","","","Hiroyuki T (hirot)"
"","FALSE","じゃらん","3","2026-03-22","立地がとてもよくあらゆる方面に移動がものすごい楽！歩いてもよしJRでもよし。近くの中華もリーズナブルで美味しかった。","","","立地がとてもよくあらゆる方面に移動がものすごい楽！歩いてもよしJRでもよし。近くの中華もリーズナブルで美味しかった。","","","アロマさん","","FALSE","じゃらん","3","2026-03-22","立地がとてもよくあらゆる方面に移動がものすごい楽！歩いてもよしJRでもよし。近くの中華もリーズナブルで美味しかった。","","","立地がとてもよくあらゆる方面に移動がものすごい楽！歩いてもよしJRでもよし。近くの中華もリーズナブルで美味しかった。","","","アロマさん"
"","FALSE","Agoda","8","2026-03-22","父（78）私（48）息子（21）の3世代でおそらく最初で最後の家族旅行をしました｡ 駅からも近く立地よく、サービスも充実しておりました｡ 選んでよかったです。","","","父（78）私（48）息子（21）の3世代でおそらく最初で最後の家族旅行をしました｡ 駅からも近く立地よく、サービスも充実しておりました｡ 選んでよかったです。","","","miho","","FALSE","Agoda","8","2026-03-22","父（78）私（48）息子（21）の3世代でおそらく最初で最後の家族旅行をしました｡ 駅からも近く立地よく、サービスも充実しておりました｡ 選んでよかったです。","","","父（78）私（48）息子（21）の3世代でおそらく最初で最後の家族旅行をしました｡ 駅からも近く立地よく、サービスも充実しておりました｡ 選んでよかったです。","","","miho"
"","FALSE","Booking.com","7","2026-03-22","","スタッフの対応が良かったです。 朝ごはんは美味しかったですが、メインのタンパク質が少ない気がした。 もっとハンバーグとか欲しかったです。","電車の音が気になり、眠れませんでした。 トイレの換気扇が効いてない感じでした。","","スタッフの対応が良かったです。 朝ごはんは美味しかったですが、メインのタンパク質が少ない気がした。 もっとハンバーグとか欲しかったです。","電車の音が気になり、眠れませんでした。 トイレの換気扇が効いてない感じでした。","Yoshitake","","FALSE","Booking.com","7","2026-03-22","","スタッフの対応が良かったです。 朝ごはんは美味しかったですが、メインのタンパク質が少ない気がした。 もっとハンバーグとか欲しかったです。","電車の音が気になり、眠れませんでした。 トイレの換気扇が効いてない感じでした。","","スタッフの対応が良かったです。 朝ごはんは美味しかったですが、メインのタンパク質が少ない気がした。 もっとハンバーグとか欲しかったです。","電車の音が気になり、眠れませんでした。 トイレの換気扇が効いてない感じでした。","Yoshitake"
"","FALSE","Google","4","2026-03-21","ホテルや客室内は綺麗に保たれています。 線路沿線なので、騒音が苦手な方は耳栓が必要かもしれませんが、窓にふすまが付いており、ふすまを閉めれば、私は気にならなくなりました。 最上階でしたが、特に素敵な夜景が望めるわけではありませんでした。 近くの三田駅まで徒歩8分程度、近くのコンビニも深夜帯は閉まっているので徒歩7分程度かかるので、ホテルにチェックインする前や手先から戻る前にコンビニに寄っていた方が無難です。 各階にドリンクの自販機があり便利でした。 朝食は、期待しない方が良いですね😅 食べられるだけ有難いと思ってください。","","","ホテルや客室内は綺麗に保たれています。 線路沿線なので、騒音が苦手な方は耳栓が必要かもしれませんが、窓にふすまが付いており、ふすまを閉めれば、私は気にならなくなりました。 最上階でしたが、特に素敵な夜景が望めるわけではありませんでした。 近くの三田駅まで徒歩8分程度、近くのコンビニも深夜帯は閉まっているので徒歩7分程度かかるので、ホテルにチェックインする前や手先から戻る前にコンビニに寄っていた方が無難です。 各階にドリンクの自販機があり便利でした。 朝食は、期待しない方が良いですね😅 食べられるだけ有難いと思ってください。","","","YUTAKA SEIMORI (Say-chance)","","FALSE","Google","4","2026-03-21","ホテルや客室内は綺麗に保たれています。 線路沿線なので、騒音が苦手な方は耳栓が必要かもしれませんが、窓にふすまが付いており、ふすまを閉めれば、私は気にならなくなりました。 最上階でしたが、特に素敵な夜景が望めるわけではありませんでした。 近くの三田駅まで徒歩8分程度、近くのコンビニも深夜帯は閉まっているので徒歩7分程度かかるので、ホテルにチェックインする前や手先から戻る前にコンビニに寄っていた方が無難です。 各階にドリンクの自販機があり便利でした。 朝食は、期待しない方が良いですね😅 食べられるだけ有難いと思ってください。","","","ホテルや客室内は綺麗に保たれています。 線路沿線なので、騒音が苦手な方は耳栓が必要かもしれませんが、窓にふすまが付いており、ふすまを閉めれば、私は気にならなくなりました。 最上階でしたが、特に素敵な夜景が望めるわけではありませんでした。 近くの三田駅まで徒歩8分程度、近くのコンビニも深夜帯は閉まっているので徒歩7分程度かかるので、ホテルにチェックインする前や手先から戻る前にコンビニに寄っていた方が無難です。 各階にドリンクの自販機があり便利でした。 朝食は、期待しない方が良いですね😅 食べられるだけ有難いと思ってください。","","","YUTAKA SEIMORI (Say-chance)"
"","FALSE","楽天トラベル","3","2026-03-20","出張で一泊使用させていただきました。駅に近く、隣のビル一階にコンビニやドラッグストア、マクドも入って利便性は非常に良いです。一方で、駅に近い分部屋によっては常に電車が行き来する音がするのと、水回りの音がやや響きやすい点が気になりました。設備は若干古いですが特に過不足なく不便は感じませんでした。","","","出張で一泊使用させていただきました。駅に近く、隣のビル一階にコンビニやドラッグストア、マクドも入って利便性は非常に良いです。一方で、駅に近い分部屋によっては常に電車が行き来する音がするのと、水回りの音がやや響きやすい点が気になりました。設備は若干古いですが特に過不足なく不便は感じませんでした。","","","出張中のビジネスマン","","FALSE","楽天トラベル","3","2026-03-20","出張で一泊使用させていただきました。駅に近く、隣のビル一階にコンビニやドラッグストア、マクドも入って利便性は非常に良いです。一方で、駅に近い分部屋によっては常に電車が行き来する音がするのと、水回りの音がやや響きやすい点が気になりました。設備は若干古いですが特に過不足なく不便は感じませんでした。","","","出張で一泊使用させていただきました。駅に近く、隣のビル一階にコンビニやドラッグストア、マクドも入って利便性は非常に良いです。一方で、駅に近い分部屋によっては常に電車が行き来する音がするのと、水回りの音がやや響きやすい点が気になりました。設備は若干古いですが特に過不足なく不便は感じませんでした。","","","出張中のビジネスマン"
"","FALSE","楽天トラベル","4","2026-03-20","ビッグサイトでのイベント参加でした。ロケーションも良く、食事をする場所にも困りませんでした。部屋はとてもきれいでした。","","","ビッグサイトでのイベント参加でした。ロケーションも良く、食事をする場所にも困りませんでした。部屋はとてもきれいでした。","","","らりほー2315","","FALSE","楽天トラベル","4","2026-03-20","ビッグサイトでのイベント参加でした。ロケーションも良く、食事をする場所にも困りませんでした。部屋はとてもきれいでした。","","","ビッグサイトでのイベント参加でした。ロケーションも良く、食事をする場所にも困りませんでした。部屋はとてもきれいでした。","","","らりほー2315"
"","FALSE","楽天トラベル","5","2026-03-20","東京出張の定宿として使わせてもらっていました。設備は最近のものに比べれば、やや古い感はありますが、必要にして多すぎず、かつキレイ整えられてるので、良い印象が増します。また、近くにコンビニがあるので、足りないと思うものは買いに行けるのも良いです。そして、何より朝食が美味しいのが、最大の魅力です。ビュッフェ方式ですが、和洋のバランスが良いので、和洋折衷にしても満足感が得られます。また東京出張の際は、是非お世話になりたいホテルです。","","","東京出張の定宿として使わせてもらっていました。設備は最近のものに比べれば、やや古い感はありますが、必要にして多すぎず、かつキレイ整えられてるので、良い印象が増します。また、近くにコンビニがあるので、足りないと思うものは買いに行けるのも良いです。そして、何より朝食が美味しいのが、最大の魅力です。ビュッフェ方式ですが、和洋のバランスが良いので、和洋折衷にしても満足感が得られます。また東京出張の際は、是非お世話になりたいホテルです。","","","901AT","","FALSE","楽天トラベル","5","2026-03-20","東京出張の定宿として使わせてもらっていました。設備は最近のものに比べれば、やや古い感はありますが、必要にして多すぎず、かつキレイ整えられてるので、良い印象が増します。また、近くにコンビニがあるので、足りないと思うものは買いに行けるのも良いです。そして、何より朝食が美味しいのが、最大の魅力です。ビュッフェ方式ですが、和洋のバランスが良いので、和洋折衷にしても満足感が得られます。また東京出張の際は、是非お世話になりたいホテルです。","","","東京出張の定宿として使わせてもらっていました。設備は最近のものに比べれば、やや古い感はありますが、必要にして多すぎず、かつキレイ整えられてるので、良い印象が増します。また、近くにコンビニがあるので、足りないと思うものは買いに行けるのも良いです。そして、何より朝食が美味しいのが、最大の魅力です。ビュッフェ方式ですが、和洋のバランスが良いので、和洋折衷にしても満足感が得られます。また東京出張の際は、是非お世話になりたいホテルです。","","","901AT"
"","FALSE","Google","5","2026-03-18","","","","","","","Bridgette Mirio","","FALSE","Google","5","2026-03-18","","","","","","","Bridgette Mirio"
"","FALSE","楽天トラベル","1","2026-03-16","古くてずっと音が鳴ってて怖かったです。","","","古くてずっと音が鳴ってて怖かったです。","","","さらさら2345","","FALSE","楽天トラベル","1","2026-03-16","古くてずっと音が鳴ってて怖かったです。","","","古くてずっと音が鳴ってて怖かったです。","","","さらさら2345"
"","FALSE","楽天トラベル","4","2026-03-16","朝食のバイキングも、種類も沢山あるので、連泊でも飽きないです。","","","朝食のバイキングも、種類も沢山あるので、連泊でも飽きないです。","","","TOMATO101","","FALSE","楽天トラベル","4","2026-03-16","朝食のバイキングも、種類も沢山あるので、連泊でも飽きないです。","","","朝食のバイキングも、種類も沢山あるので、連泊でも飽きないです。","","","TOMATO101"
"","FALSE","じゃらん","4","2026-03-16","宿は禁煙ルームにも関わらずタバコのような匂いがしたのは残念だった。  駐車場はとにかく狭い間に停めるのはいいけど端とかはほんと狭くて危うくぶつけそうになるから大きい車で来る際は注意が必要。  接客はとても良くて大浴場は広くてサウナもあるから嬉しかった。","","","宿は禁煙ルームにも関わらずタバコのような匂いがしたのは残念だった。  駐車場はとにかく狭い間に停めるのはいいけど端とかはほんと狭くて危うくぶつけそうになるから大きい車で来る際は注意が必要。  接客はとても良くて大浴場は広くてサウナもあるから嬉しかった。","","","れんたんさん","","FALSE","じゃらん","4","2026-03-16","宿は禁煙ルームにも関わらずタバコのような匂いがしたのは残念だった。  駐車場はとにかく狭い間に停めるのはいいけど端とかはほんと狭くて危うくぶつけそうになるから大きい車で来る際は注意が必要。  接客はとても良くて大浴場は広くてサウナもあるから嬉しかった。","","","宿は禁煙ルームにも関わらずタバコのような匂いがしたのは残念だった。  駐車場はとにかく狭い間に停めるのはいいけど端とかはほんと狭くて危うくぶつけそうになるから大きい車で来る際は注意が必要。  接客はとても良くて大浴場は広くてサウナもあるから嬉しかった。","","","れんたんさん"
"","FALSE","楽天トラベル","4","2026-03-15","立地が良く便利","","","立地が良く便利","","","ははは０１","","FALSE","楽天トラベル","4","2026-03-15","立地が良く便利","","","立地が良く便利","","","ははは０１"
"","FALSE","Agoda","8","2026-03-15","国際展示場や都心のアクセスがよかったです。山手線の音が少し聞こえますが、それほど気になりませんでした。","","","国際展示場や都心のアクセスがよかったです。山手線の音が少し聞こえますが、それほど気になりませんでした。","","","HIROSHI","","FALSE","Agoda","8","2026-03-15","国際展示場や都心のアクセスがよかったです。山手線の音が少し聞こえますが、それほど気になりませんでした。","","","国際展示場や都心のアクセスがよかったです。山手線の音が少し聞こえますが、それほど気になりませんでした。","","","HIROSHI"
"","FALSE","Agoda","10","2026-03-14","喫煙で予約してたが禁煙シングルを希望したら柔軟に対応頂けた。","","","喫煙で予約してたが禁煙シングルを希望したら柔軟に対応頂けた。","","","稔","","FALSE","Agoda","10","2026-03-14","喫煙で予約してたが禁煙シングルを希望したら柔軟に対応頂けた。","","","喫煙で予約してたが禁煙シングルを希望したら柔軟に対応頂けた。","","","稔"
"","FALSE","楽天トラベル","2","2026-03-14","部屋のWi-Fiが弱く且つ安定してなかった。階の違う同僚の部屋は安定していたそう。朝食はバリエーション豊富で楽しめました","","","部屋のWi-Fiが弱く且つ安定してなかった。階の違う同僚の部屋は安定していたそう。朝食はバリエーション豊富で楽しめました","","","三仙敏男","","FALSE","楽天トラベル","2","2026-03-14","部屋のWi-Fiが弱く且つ安定してなかった。階の違う同僚の部屋は安定していたそう。朝食はバリエーション豊富で楽しめました","","","部屋のWi-Fiが弱く且つ安定してなかった。階の違う同僚の部屋は安定していたそう。朝食はバリエーション豊富で楽しめました","","","三仙敏男"
"","FALSE","Google","5","2026-03-13","ランチバイキングでレストランを利用させてくだだきました。大満足です。今月イタリアの料理バイキングでとても美味しく居心地が良かったです。 コスパ最高。また是非行きたいです。","","","ランチバイキングでレストランを利用させてくだだきました。大満足です。今月イタリアの料理バイキングでとても美味しく居心地が良かったです。 コスパ最高。また是非行きたいです。","","","Ss h","","FALSE","Google","5","2026-03-13","ランチバイキングでレストランを利用させてくだだきました。大満足です。今月イタリアの料理バイキングでとても美味しく居心地が良かったです。 コスパ最高。また是非行きたいです。","","","ランチバイキングでレストランを利用させてくだだきました。大満足です。今月イタリアの料理バイキングでとても美味しく居心地が良かったです。 コスパ最高。また是非行きたいです。","","","Ss h"
"","FALSE","Google","4","2026-03-13","","","","","","","林田淳","","FALSE","Google","4","2026-03-13","","","","","","","林田淳"
"","FALSE","楽天トラベル","1","2026-03-12","共同エアコン、、、 暑かったです。 施設が古いのは仕方ないですね。。。","","","共同エアコン、、、 暑かったです。 施設が古いのは仕方ないですね。。。","","","たつろーさん","","FALSE","楽天トラベル","1","2026-03-12","共同エアコン、、、 暑かったです。 施設が古いのは仕方ないですね。。。","","","共同エアコン、、、 暑かったです。 施設が古いのは仕方ないですね。。。","","","たつろーさん"
"","FALSE","Google","3","2026-03-12","コスパ良しです。","","","コスパ良しです。","","","樋口元祐","","FALSE","Google","3","2026-03-12","コスパ良しです。","","","コスパ良しです。","","","樋口元祐"
"","FALSE","楽天トラベル","3","2026-03-11","朝食ビュッフェは、もう少し期待していましたが、普通でした。他の方のコメントで期待しすぎたかもです。","","","朝食ビュッフェは、もう少し期待していましたが、普通でした。他の方のコメントで期待しすぎたかもです。","","","カリンパパ4643","","FALSE","楽天トラベル","3","2026-03-11","朝食ビュッフェは、もう少し期待していましたが、普通でした。他の方のコメントで期待しすぎたかもです。","","","朝食ビュッフェは、もう少し期待していましたが、普通でした。他の方のコメントで期待しすぎたかもです。","","","カリンパパ4643"
"","FALSE","Booking.com","5","2026-03-11","","駅から近くコスパ良き","設備が古い","","駅から近くコスパ良き","設備が古い","Kikuno","","FALSE","Booking.com","5","2026-03-11","","駅から近くコスパ良き","設備が古い","","駅から近くコスパ良き","設備が古い","Kikuno"
"","FALSE","楽天トラベル","4","2026-03-10","ごはんは品数はほどほどであるが、どれも美味しい お風呂は大浴場はなく、汚くはないが綺麗でもない ","","","ごはんは品数はほどほどであるが、どれも美味しい お風呂は大浴場はなく、汚くはないが綺麗でもない ","","","仮名1688","","FALSE","楽天トラベル","4","2026-03-10","ごはんは品数はほどほどであるが、どれも美味しい お風呂は大浴場はなく、汚くはないが綺麗でもない ","","","ごはんは品数はほどほどであるが、どれも美味しい お風呂は大浴場はなく、汚くはないが綺麗でもない ","","","仮名1688"
"","FALSE","楽天トラベル","3","2026-03-09","勤務先の会合にて利用させていただいています。個人的には利便性良しで選択しています。モノレ－ル側の部屋は以前ゆっくり寝れませんでしたが、シ－バンス側の部屋していただき感謝申し上げます。壁の損傷や老朽化も通路や室内も目立ちますので、できましたら、早々に改善をお願いします。朝食は、他店のビジネスホテルチェ－ンよりかなり美味しいです。 ","","","勤務先の会合にて利用させていただいています。個人的には利便性良しで選択しています。モノレ－ル側の部屋は以前ゆっくり寝れませんでしたが、シ－バンス側の部屋していただき感謝申し上げます。壁の損傷や老朽化も通路や室内も目立ちますので、できましたら、早々に改善をお願いします。朝食は、他店のビジネスホテルチェ－ンよりかなり美味しいです。 ","","","おじおじポポロ","","FALSE","楽天トラベル","3","2026-03-09","勤務先の会合にて利用させていただいています。個人的には利便性良しで選択しています。モノレ－ル側の部屋は以前ゆっくり寝れませんでしたが、シ－バンス側の部屋していただき感謝申し上げます。壁の損傷や老朽化も通路や室内も目立ちますので、できましたら、早々に改善をお願いします。朝食は、他店のビジネスホテルチェ－ンよりかなり美味しいです。 ","","","勤務先の会合にて利用させていただいています。個人的には利便性良しで選択しています。モノレ－ル側の部屋は以前ゆっくり寝れませんでしたが、シ－バンス側の部屋していただき感謝申し上げます。壁の損傷や老朽化も通路や室内も目立ちますので、できましたら、早々に改善をお願いします。朝食は、他店のビジネスホテルチェ－ンよりかなり美味しいです。 ","","","おじおじポポロ"
"","FALSE","Trip.com","7","2026-03-08","お世話になりました。ありがとうございます。少し駅から遠いのがネックでしたが、寝心地良かったです。海外行くときにおすすめです。","","","お世話になりました。ありがとうございます。少し駅から遠いのがネックでしたが、寝心地良かったです。海外行くときにおすすめです。","","","渡‍邉‍貴‍之","","FALSE","Trip.com","7","2026-03-08","お世話になりました。ありがとうございます。少し駅から遠いのがネックでしたが、寝心地良かったです。海外行くときにおすすめです。","","","お世話になりました。ありがとうございます。少し駅から遠いのがネックでしたが、寝心地良かったです。海外行くときにおすすめです。","","","渡‍邉‍貴‍之"
"","FALSE","楽天トラベル","4","2026-03-08","いつもありがとうございます","","","いつもありがとうございます","","","猫のトシ","","FALSE","楽天トラベル","4","2026-03-08","いつもありがとうございます","","","いつもありがとうございます","","","猫のトシ"
"","FALSE","Google","4","2026-03-08","","","","","","","ねこns","","FALSE","Google","4","2026-03-08","","","","","","","ねこns"
"","FALSE","楽天トラベル","3","2026-03-07","冷蔵庫がガタガタ、コンセントもガタガタ、あと照明など設備機器の埃がとても気になりました。駅から歩いて直ぐなので、立地はいいです。","","","冷蔵庫がガタガタ、コンセントもガタガタ、あと照明など設備機器の埃がとても気になりました。駅から歩いて直ぐなので、立地はいいです。","","","観劇の道順","","FALSE","楽天トラベル","3","2026-03-07","冷蔵庫がガタガタ、コンセントもガタガタ、あと照明など設備機器の埃がとても気になりました。駅から歩いて直ぐなので、立地はいいです。","","","冷蔵庫がガタガタ、コンセントもガタガタ、あと照明など設備機器の埃がとても気になりました。駅から歩いて直ぐなので、立地はいいです。","","","観劇の道順"
"","FALSE","楽天トラベル","4","2026-03-06","仕事の研修がお台場周辺なのでゆりかもめ線沿線で探して4泊5日の滞在をしました。JR浜松町駅からも、ゆりかもめ線の日の出駅からも近くて遠方からの滞在者の私には東京駅にも乗り換えなしで行けたのが良かったです。ホテルを出てすぐコンビニもありましたし、夕飯は向かいのビルに入ってる飲食店が沢山あり選びたい放題でした。滞在中一回ランドリーを利用しましたが、無料で洗濯石鹸を置いて頂いてたのが嬉しかったです。スマホの充電器も貸して頂きました。アメニティはメイク落としが個包装で一回分づつあったので助かりました。朝食はバイキング形式で4日間、毎日同じメニューでしたが、一泊なら美味しい朝食でした。少し残念だったのは禁煙ルームを取りましたが、同じ階に喫煙ルームもある様でエレベーターを降りて廊下中に染みついているのか、タバコの臭いがしましたが、部屋の中は問題ありませんでした。コスパも良かったし便利も良かったので、次回も研修があれば同じホテルに泊まろうと思います。","","","仕事の研修がお台場周辺なのでゆりかもめ線沿線で探して4泊5日の滞在をしました。JR浜松町駅からも、ゆりかもめ線の日の出駅からも近くて遠方からの滞在者の私には東京駅にも乗り換えなしで行けたのが良かったです。ホテルを出てすぐコンビニもありましたし、夕飯は向かいのビルに入ってる飲食店が沢山あり選びたい放題でした。滞在中一回ランドリーを利用しましたが、無料で洗濯石鹸を置いて頂いてたのが嬉しかったです。スマホの充電器も貸して頂きました。アメニティはメイク落としが個包装で一回分づつあったので助かりました。朝食はバイキング形式で4日間、毎日同じメニューでしたが、一泊なら美味しい朝食でした。少し残念だったのは禁煙ルームを取りましたが、同じ階に喫煙ルームもある様でエレベーターを降りて廊下中に染みついているのか、タバコの臭いがしましたが、部屋の中は問題ありませんでした。コスパも良かったし便利も良かったので、次回も研修があれば同じホテルに泊まろうと思います。","","","みもざと桜","","FALSE","楽天トラベル","4","2026-03-06","仕事の研修がお台場周辺なのでゆりかもめ線沿線で探して4泊5日の滞在をしました。JR浜松町駅からも、ゆりかもめ線の日の出駅からも近くて遠方からの滞在者の私には東京駅にも乗り換えなしで行けたのが良かったです。ホテルを出てすぐコンビニもありましたし、夕飯は向かいのビルに入ってる飲食店が沢山あり選びたい放題でした。滞在中一回ランドリーを利用しましたが、無料で洗濯石鹸を置いて頂いてたのが嬉しかったです。スマホの充電器も貸して頂きました。アメニティはメイク落としが個包装で一回分づつあったので助かりました。朝食はバイキング形式で4日間、毎日同じメニューでしたが、一泊なら美味しい朝食でした。少し残念だったのは禁煙ルームを取りましたが、同じ階に喫煙ルームもある様でエレベーターを降りて廊下中に染みついているのか、タバコの臭いがしましたが、部屋の中は問題ありませんでした。コスパも良かったし便利も良かったので、次回も研修があれば同じホテルに泊まろうと思います。","","","仕事の研修がお台場周辺なのでゆりかもめ線沿線で探して4泊5日の滞在をしました。JR浜松町駅からも、ゆりかもめ線の日の出駅からも近くて遠方からの滞在者の私には東京駅にも乗り換えなしで行けたのが良かったです。ホテルを出てすぐコンビニもありましたし、夕飯は向かいのビルに入ってる飲食店が沢山あり選びたい放題でした。滞在中一回ランドリーを利用しましたが、無料で洗濯石鹸を置いて頂いてたのが嬉しかったです。スマホの充電器も貸して頂きました。アメニティはメイク落としが個包装で一回分づつあったので助かりました。朝食はバイキング形式で4日間、毎日同じメニューでしたが、一泊なら美味しい朝食でした。少し残念だったのは禁煙ルームを取りましたが、同じ階に喫煙ルームもある様でエレベーターを降りて廊下中に染みついているのか、タバコの臭いがしましたが、部屋の中は問題ありませんでした。コスパも良かったし便利も良かったので、次回も研修があれば同じホテルに泊まろうと思います。","","","みもざと桜"
"","FALSE","じゃらん","4","2026-03-05","当初の予定を急に変更して、東京に行くのを一日前倒しして、浜松町エリアでホテルを取ることになりました。できるだけ安く探して、こちらのホテルを発見。新しくはないかもしれないけど、何も困らなかったし、追加料金で当日食べた朝食は彩りも栄養バランスも抜群で満腹に。コスパ最高だし、トレインビューで、列車の音を聴きながら読書するのがめちゃくちゃ気持ちよかったです！","","","当初の予定を急に変更して、東京に行くのを一日前倒しして、浜松町エリアでホテルを取ることになりました。できるだけ安く探して、こちらのホテルを発見。新しくはないかもしれないけど、何も困らなかったし、追加料金で当日食べた朝食は彩りも栄養バランスも抜群で満腹に。コスパ最高だし、トレインビューで、列車の音を聴きながら読書するのがめちゃくちゃ気持ちよかったです！","","","あさやけさん","","FALSE","じゃらん","4","2026-03-05","当初の予定を急に変更して、東京に行くのを一日前倒しして、浜松町エリアでホテルを取ることになりました。できるだけ安く探して、こちらのホテルを発見。新しくはないかもしれないけど、何も困らなかったし、追加料金で当日食べた朝食は彩りも栄養バランスも抜群で満腹に。コスパ最高だし、トレインビューで、列車の音を聴きながら読書するのがめちゃくちゃ気持ちよかったです！","","","当初の予定を急に変更して、東京に行くのを一日前倒しして、浜松町エリアでホテルを取ることになりました。できるだけ安く探して、こちらのホテルを発見。新しくはないかもしれないけど、何も困らなかったし、追加料金で当日食べた朝食は彩りも栄養バランスも抜群で満腹に。コスパ最高だし、トレインビューで、列車の音を聴きながら読書するのがめちゃくちゃ気持ちよかったです！","","","あさやけさん"
"","FALSE","Google","1","2026-03-04","東京研修で利用させていただきました。 まず、駅から遠い立地である。地図を見ないとスムーズにはたどり着けなかった。 また、周辺にはリーズナブルな飲食店がなくコンビニか駅の方まで行かないと無い。 客室に関しては、昭和感というかなんというか… ハウスダストアレルギー持ちの私は、非常に辛かったです。 客室に入ると目も鼻も喉も全て痒くなる。 換気をしようと窓を開けると、清掃されてないようなサッシ部分。 ベッドも硬めであり、照明設備も暗め。 ユニットバスに関しては、とても古く便座も冷たいので座るのに要注意。 シャワーを浴びている最中は換気も作動しているのか分からないくらいに湿気がこもるので、非常に不快。  これならもう少し金額をプラスで払って近くのホテルに泊まった方がマシだと思うくらい。 二度と泊まりたくないです。","","","東京研修で利用させていただきました。 まず、駅から遠い立地である。地図を見ないとスムーズにはたどり着けなかった。 また、周辺にはリーズナブルな飲食店がなくコンビニか駅の方まで行かないと無い。 客室に関しては、昭和感というかなんというか… ハウスダストアレルギー持ちの私は、非常に辛かったです。 客室に入ると目も鼻も喉も全て痒くなる。 換気をしようと窓を開けると、清掃されてないようなサッシ部分。 ベッドも硬めであり、照明設備も暗め。 ユニットバスに関しては、とても古く便座も冷たいので座るのに要注意。 シャワーを浴びている最中は換気も作動しているのか分からないくらいに湿気がこもるので、非常に不快。  これならもう少し金額をプラスで払って近くのホテルに泊まった方がマシだと思うくらい。 二度と泊まりたくないです。","","","坂本悠樹","","FALSE","Google","1","2026-03-04","東京研修で利用させていただきました。 まず、駅から遠い立地である。地図を見ないとスムーズにはたどり着けなかった。 また、周辺にはリーズナブルな飲食店がなくコンビニか駅の方まで行かないと無い。 客室に関しては、昭和感というかなんというか… ハウスダストアレルギー持ちの私は、非常に辛かったです。 客室に入ると目も鼻も喉も全て痒くなる。 換気をしようと窓を開けると、清掃されてないようなサッシ部分。 ベッドも硬めであり、照明設備も暗め。 ユニットバスに関しては、とても古く便座も冷たいので座るのに要注意。 シャワーを浴びている最中は換気も作動しているのか分からないくらいに湿気がこもるので、非常に不快。  これならもう少し金額をプラスで払って近くのホテルに泊まった方がマシだと思うくらい。 二度と泊まりたくないです。","","","東京研修で利用させていただきました。 まず、駅から遠い立地である。地図を見ないとスムーズにはたどり着けなかった。 また、周辺にはリーズナブルな飲食店がなくコンビニか駅の方まで行かないと無い。 客室に関しては、昭和感というかなんというか… ハウスダストアレルギー持ちの私は、非常に辛かったです。 客室に入ると目も鼻も喉も全て痒くなる。 換気をしようと窓を開けると、清掃されてないようなサッシ部分。 ベッドも硬めであり、照明設備も暗め。 ユニットバスに関しては、とても古く便座も冷たいので座るのに要注意。 シャワーを浴びている最中は換気も作動しているのか分からないくらいに湿気がこもるので、非常に不快。  これならもう少し金額をプラスで払って近くのホテルに泊まった方がマシだと思うくらい。 二度と泊まりたくないです。","","","坂本悠樹"
"","FALSE","じゃらん","3","2026-03-04","久しぶりに出張で利用しましたが、ビジネスホテルでこの値段、東京の宿泊費は非常に高くなりました。割高館が強いです。","","","久しぶりに出張で利用しましたが、ビジネスホテルでこの値段、東京の宿泊費は非常に高くなりました。割高館が強いです。","","","あははさん","","FALSE","じゃらん","3","2026-03-04","久しぶりに出張で利用しましたが、ビジネスホテルでこの値段、東京の宿泊費は非常に高くなりました。割高館が強いです。","","","久しぶりに出張で利用しましたが、ビジネスホテルでこの値段、東京の宿泊費は非常に高くなりました。割高館が強いです。","","","あははさん"
"","FALSE","じゃらん","3","2026-03-04","久しぶりに出張で利用しましたが、ビジネスホテルでこの値段、東京の宿泊費は非常に高くなりました。割高館が強いです。","","","久しぶりに出張で利用しましたが、ビジネスホテルでこの値段、東京の宿泊費は非常に高くなりました。割高館が強いです。","","","あははさん","","FALSE","じゃらん","3","2026-03-04","久しぶりに出張で利用しましたが、ビジネスホテルでこの値段、東京の宿泊費は非常に高くなりました。割高館が強いです。","","","久しぶりに出張で利用しましたが、ビジネスホテルでこの値段、東京の宿泊費は非常に高くなりました。割高館が強いです。","","","あははさん"
"","FALSE","Google","1","2026-03-04","東京研修で利用させていただきました。 まず、駅から遠い立地である。地図を見ないとスムーズにはたどり着けなかった。 また、周辺にはリーズナブルな飲食店がなくコンビニか駅の方まで行かないと無い。 客室に関しては、昭和感というかなんというか… ハウスダストアレルギー持ちの私は、非常に辛かったです。 客室に入ると目も鼻も喉も全て痒くなる。 換気をしようと窓を開けると、清掃されてないようなサッシ部分。 ベッドも硬めであり、照明設備も暗め。 ユニットバスに関しては、とても古く便座も冷たいので座るのに要注意。 シャワーを浴びている最中は換気も作動しているのか分からないくらいに湿気がこもるので、非常に不快。  これならもう少し金額をプラスで払って近くのホテルに泊まった方がマシだと思うくらい。 二度と泊まりたくないです。","","","東京研修で利用させていただきました。 まず、駅から遠い立地である。地図を見ないとスムーズにはたどり着けなかった。 また、周辺にはリーズナブルな飲食店がなくコンビニか駅の方まで行かないと無い。 客室に関しては、昭和感というかなんというか… ハウスダストアレルギー持ちの私は、非常に辛かったです。 客室に入ると目も鼻も喉も全て痒くなる。 換気をしようと窓を開けると、清掃されてないようなサッシ部分。 ベッドも硬めであり、照明設備も暗め。 ユニットバスに関しては、とても古く便座も冷たいので座るのに要注意。 シャワーを浴びている最中は換気も作動しているのか分からないくらいに湿気がこもるので、非常に不快。  これならもう少し金額をプラスで払って近くのホテルに泊まった方がマシだと思うくらい。 二度と泊まりたくないです。","","","坂本悠樹","","FALSE","Google","1","2026-03-04","東京研修で利用させていただきました。 まず、駅から遠い立地である。地図を見ないとスムーズにはたどり着けなかった。 また、周辺にはリーズナブルな飲食店がなくコンビニか駅の方まで行かないと無い。 客室に関しては、昭和感というかなんというか… ハウスダストアレルギー持ちの私は、非常に辛かったです。 客室に入ると目も鼻も喉も全て痒くなる。 換気をしようと窓を開けると、清掃されてないようなサッシ部分。 ベッドも硬めであり、照明設備も暗め。 ユニットバスに関しては、とても古く便座も冷たいので座るのに要注意。 シャワーを浴びている最中は換気も作動しているのか分からないくらいに湿気がこもるので、非常に不快。  これならもう少し金額をプラスで払って近くのホテルに泊まった方がマシだと思うくらい。 二度と泊まりたくないです。","","","東京研修で利用させていただきました。 まず、駅から遠い立地である。地図を見ないとスムーズにはたどり着けなかった。 また、周辺にはリーズナブルな飲食店がなくコンビニか駅の方まで行かないと無い。 客室に関しては、昭和感というかなんというか… ハウスダストアレルギー持ちの私は、非常に辛かったです。 客室に入ると目も鼻も喉も全て痒くなる。 換気をしようと窓を開けると、清掃されてないようなサッシ部分。 ベッドも硬めであり、照明設備も暗め。 ユニットバスに関しては、とても古く便座も冷たいので座るのに要注意。 シャワーを浴びている最中は換気も作動しているのか分からないくらいに湿気がこもるので、非常に不快。  これならもう少し金額をプラスで払って近くのホテルに泊まった方がマシだと思うくらい。 二度と泊まりたくないです。","","","坂本悠樹"
"","FALSE","Agoda","8","2026-03-03","駅から遠いと思いきや、近くまで濡れずに歩ける道があり、結構近い。 部屋も設備に逆さを感じるものの、綺麗にされており、価格面含めて良かったです。","","","駅から遠いと思いきや、近くまで濡れずに歩ける道があり、結構近い。 部屋も設備に逆さを感じるものの、綺麗にされており、価格面含めて良かったです。","","","MASANORI","","FALSE","Agoda","8","2026-03-03","駅から遠いと思いきや、近くまで濡れずに歩ける道があり、結構近い。 部屋も設備に逆さを感じるものの、綺麗にされており、価格面含めて良かったです。","","","駅から遠いと思いきや、近くまで濡れずに歩ける道があり、結構近い。 部屋も設備に逆さを感じるものの、綺麗にされており、価格面含めて良かったです。","","","MASANORI"
"","FALSE","Agoda","8","2026-03-03","駅から遠いと思いきや、近くまで濡れずに歩ける道があり、結構近い。 部屋も設備に逆さを感じるものの、綺麗にされており、価格面含めて良かったです。","","","駅から遠いと思いきや、近くまで濡れずに歩ける道があり、結構近い。 部屋も設備に逆さを感じるものの、綺麗にされており、価格面含めて良かったです。","","","MASANORI","","FALSE","Agoda","8","2026-03-03","駅から遠いと思いきや、近くまで濡れずに歩ける道があり、結構近い。 部屋も設備に逆さを感じるものの、綺麗にされており、価格面含めて良かったです。","","","駅から遠いと思いきや、近くまで濡れずに歩ける道があり、結構近い。 部屋も設備に逆さを感じるものの、綺麗にされており、価格面含めて良かったです。","","","MASANORI"
"","FALSE","Google","2","2026-03-02","浜松町駅から距離が離れてる ホテル自体は年期を感じる 朝食はおかずが少ないけど貧素の感じは無く、美味しかった","","","浜松町駅から距離が離れてる ホテル自体は年期を感じる 朝食はおかずが少ないけど貧素の感じは無く、美味しかった","","","3104","","FALSE","Google","2","2026-03-02","浜松町駅から距離が離れてる ホテル自体は年期を感じる 朝食はおかずが少ないけど貧素の感じは無く、美味しかった","","","浜松町駅から距離が離れてる ホテル自体は年期を感じる 朝食はおかずが少ないけど貧素の感じは無く、美味しかった","","","3104"
"","FALSE","楽天トラベル","4","2026-03-02","施設の古さは否めませんが、快適に過ごせました。朝食も不満なし。 3Fのツインルームは角部屋でした。 水洗トイレの水補給音が騒々しかたったのは、施設の古さ故か。総じて満足のいく宿泊でした。","","","施設の古さは否めませんが、快適に過ごせました。朝食も不満なし。 3Fのツインルームは角部屋でした。 水洗トイレの水補給音が騒々しかたったのは、施設の古さ故か。総じて満足のいく宿泊でした。","","","椀捨三郎","","FALSE","楽天トラベル","4","2026-03-02","施設の古さは否めませんが、快適に過ごせました。朝食も不満なし。 3Fのツインルームは角部屋でした。 水洗トイレの水補給音が騒々しかたったのは、施設の古さ故か。総じて満足のいく宿泊でした。","","","施設の古さは否めませんが、快適に過ごせました。朝食も不満なし。 3Fのツインルームは角部屋でした。 水洗トイレの水補給音が騒々しかたったのは、施設の古さ故か。総じて満足のいく宿泊でした。","","","椀捨三郎"
"","FALSE","Google","2","2026-03-01","浜松町駅から距離が離れてる ホテル自体は年期を感じる 朝食はおかずが少ないけど貧素の感じは無く、美味しかった","","","浜松町駅から距離が離れてる ホテル自体は年期を感じる 朝食はおかずが少ないけど貧素の感じは無く、美味しかった","","","3104","","FALSE","Google","2","2026-03-01","浜松町駅から距離が離れてる ホテル自体は年期を感じる 朝食はおかずが少ないけど貧素の感じは無く、美味しかった","","","浜松町駅から距離が離れてる ホテル自体は年期を感じる 朝食はおかずが少ないけど貧素の感じは無く、美味しかった","","","3104"
"","FALSE","Agoda","9","2026-02-28","お風呂や洗顔、手洗いなど自分の好みの温度にレバーを調整しますが、その調整したレバーを清掃される方は一切触らずそのままにしてくださっていたので、宿泊日初日に設定しただけでその後チェックアウトするまで温度調整不要でした。 その清掃される方のご配慮が有り難かったです。 それと朝食も煮物や焼き魚、山芋や漬物、パンもありどれも美味しくいただきました。ごちそうさまでした。","","","お風呂や洗顔、手洗いなど自分の好みの温度にレバーを調整しますが、その調整したレバーを清掃される方は一切触らずそのままにしてくださっていたので、宿泊日初日に設定しただけでその後チェックアウトするまで温度調整不要でした。 その清掃される方のご配慮が有り難かったです。 それと朝食も煮物や焼き魚、山芋や漬物、パンもありどれも美味しくいただきました。ごちそうさまでした。","","","KEISUKE","","","","","","","","","","","",""
"","FALSE","Booking.com","8","2026-02-28","","","","","","","Shigetaka","","","","","","","","","","","",""
"","FALSE","じゃらん","5","2026-02-27","急な出張でしたが、当日空きあり無事宿泊できました。駅からホテル付近までは簡易な屋根付の歩道がありますので、多少の雨であれば傘無しでも行けます。","","","急な出張でしたが、当日空きあり無事宿泊できました。駅からホテル付近までは簡易な屋根付の歩道がありますので、多少の雨であれば傘無しでも行けます。","","","だんなさん","","","","","","","","","","","",""
"","FALSE","Agoda","6","2026-02-27","出張で利用しました。快適に過ごせました。ただ電車路線に近い場所ので、電車の音が気になる方は、考えた方がいいかもしれません(私はきになりませんでしたが）","","","出張で利用しました。快適に過ごせました。ただ電車路線に近い場所ので、電車の音が気になる方は、考えた方がいいかもしれません(私はきになりませんでしたが）","","","YOSHITAKE","","","","","","","","","","","",""
"","FALSE","楽天トラベル","4","2026-02-27","東京出張時の定宿にしています。止むを得ず、他のホテルにも泊まった事もありますが、ここより良いホテルに巡り合っていません。東京出張もあと数回で終わりますが、最後の出張までお世話になりたいと考えています。","","","東京出張時の定宿にしています。止むを得ず、他のホテルにも泊まった事もありますが、ここより良いホテルに巡り合っていません。東京出張もあと数回で終わりますが、最後の出張までお世話になりたいと考えています。","","","901AT","","","","","","","","","","","",""
"","FALSE","じゃらん","4","2026-02-27","急な出張でしたが、当日空きあり無事宿泊できました。駅からホテル付近までは簡易な屋根付の歩道がありますので、多少の雨であれば傘無しでも行けます。","","","急な出張でしたが、当日空きあり無事宿泊できました。駅からホテル付近までは簡易な屋根付の歩道がありますので、多少の雨であれば傘無しでも行けます。","","","だんなさん","","","","","","","","","","","",""
"","FALSE","楽天トラベル","2","2026-02-24","良くも悪くも普通の何ら特徴のないホテルだとは思うんですが、いかんせん設備が古いらしく、お風呂の浴槽に穴が空いてたり、ヒビが入ってたりとか、廊下のカーペットがダルんダルんとしててキャリーバックの車輪が軽く引っかかるなど年季の入ったところが随所に見て取れました。頑張って掃除して清潔を保ってるのはわかるけど、経年劣化はちょっと誤魔化せないかな？と。 あと、価格がそんなに高すぎないけど、安くはない微妙なラインの設定ではあるものの、その割に特別なサービスとか何もなく、寝るだけと考えたら、最近のホテルから比べると高いと感じてしまいました...。 一番気になったのは、浜松町とホテルの道の複雑さです。たぶん直線距離は大した事ないのかもしれませんけど、狭い路地をぐにゃぐにゃ歩いて、屋形船の前をとおり、謎の高架の下をくぐった後に右折して...と初見じゃあ無理なルートで12分くらいかかりました。 たぶん汐留から浜松町まで歩くのとそんな変わらないくらい遠いです。 立地はどうしようもないと思うので、諦めますけど、なんか維持費で精一杯で設備投資できないのかな？と思ったりもしました。 設備刷新できないなら、例えばエアドッグを貸しますーとか、フロントでプレステ5貸してくれるーとか、そんなに有名じゃあなくても、凄腕バリスタがウェルカムドリンクで美味いコーヒー一杯入れてくれるとか...なんか個性的なサービス打ち出したりしないと泊まったこと自体忘れそう。  ","","","良くも悪くも普通の何ら特徴のないホテルだとは思うんですが、いかんせん設備が古いらしく、お風呂の浴槽に穴が空いてたり、ヒビが入ってたりとか、廊下のカーペットがダルんダルんとしててキャリーバックの車輪が軽く引っかかるなど年季の入ったところが随所に見て取れました。頑張って掃除して清潔を保ってるのはわかるけど、経年劣化はちょっと誤魔化せないかな？と。 あと、価格がそんなに高すぎないけど、安くはない微妙なラインの設定ではあるものの、その割に特別なサービスとか何もなく、寝るだけと考えたら、最近のホテルから比べると高いと感じてしまいました...。 一番気になったのは、浜松町とホテルの道の複雑さです。たぶん直線距離は大した事ないのかもしれませんけど、狭い路地をぐにゃぐにゃ歩いて、屋形船の前をとおり、謎の高架の下をくぐった後に右折して...と初見じゃあ無理なルートで12分くらいかかりました。 たぶん汐留から浜松町まで歩くのとそんな変わらないくらい遠いです。 立地はどうしようもないと思うので、諦めますけど、なんか維持費で精一杯で設備投資できないのかな？と思ったりもしました。 設備刷新できないなら、例えばエアドッグを貸しますーとか、フロントでプレステ5貸してくれるーとか、そんなに有名じゃあなくても、凄腕バリスタがウェルカムドリンクで美味いコーヒー一杯入れてくれるとか...なんか個性的なサービス打ち出したりしないと泊まったこと自体忘れそう。  ","","","たかふさん","","","","","","","","","","","",""
"","FALSE","楽天トラベル","5","2026-02-24","気持ちよく宿泊させていただきました。 アメニティも充実してましたが、もしよければインスタントコーヒーがあると嬉しいです","","","気持ちよく宿泊させていただきました。 アメニティも充実してましたが、もしよければインスタントコーヒーがあると嬉しいです","","","a.haccho","","","","","","","","","","","",""
"","FALSE","じゃらん","2","2026-02-24","2泊だったから安かったのか分かりませんが、、  毛布をお願いしたら良かったと後で後悔しました。  思ってたより綺麗でした。","","","2泊だったから安かったのか分かりませんが、、  毛布をお願いしたら良かったと後で後悔しました。  思ってたより綺麗でした。","","","まりさん","","","","","","","","","","","",""
"","FALSE","じゃらん","3","2026-02-24","2泊だったから安かったのか分かりませんが、、  毛布をお願いしたら良かったと後で後悔しました。  思ってたより綺麗でした。","","","2泊だったから安かったのか分かりませんが、、  毛布をお願いしたら良かったと後で後悔しました。  思ってたより綺麗でした。","","","まりさん","","","","","","","","","","","",""
"","FALSE","Google","5","2026-02-23","","","","","","","sourin4649","","","","","","","","","","","",""
"","FALSE","Booking.com","8","2026-02-23","","浜松町駅からすぐではないが　遠い程ではない","線路沿いなので　泊まった部屋は9階だったがややうるさい","","浜松町駅からすぐではないが　遠い程ではない","線路沿いなので　泊まった部屋は9階だったがややうるさい","Toshiaki","","","","","","","","","","","",""
"","FALSE","Agoda","10","2026-02-23","全体的にとても清潔でした。お風呂はシャワーヘッドが大きく、シャンプーとリンスもポーラで快適でした。ベッドも寝心地がよかったです。主照明だけでなく、頭上に小さい照明があったので、丁度良い明かりで安眠できました。","","","全体的にとても清潔でした。お風呂はシャワーヘッドが大きく、シャンプーとリンスもポーラで快適でした。ベッドも寝心地がよかったです。主照明だけでなく、頭上に小さい照明があったので、丁度良い明かりで安眠できました。","","","KANAKO","","","","","","","","","","","",""
"","FALSE","Agoda","8","2026-02-23","","浜松町駅からすぐではないが　遠い程ではない","線路沿いなので　泊まった部屋は9階だったがややうるさい","","浜松町駅からすぐではないが　遠い程ではない","線路沿いなので　泊まった部屋は9階だったがややうるさい","Toshiaki","","","","","","","","","","","",""
"","FALSE","楽天トラベル","2","2026-02-19","409号室に泊まった者です。 端の部屋だからか、水回りの音が結構して気になりました。   特におトイレの何かがずっと「ピチョン…ピチョン…」て、どっかの国の拷問かなと思いました。   いやそれは言い過ぎですが、静まり返ったところに一晩中鳴ってるので熟睡出来なかったです。(汗) 他はそんなに気にならなかったですし、スタッフさんも丁寧に応対してくださいました。 あ、都心だから仕方ないのですが、当日予約なのもありますが、値段が高かった。まあそれは仕方ないですね。","","","409号室に泊まった者です。 端の部屋だからか、水回りの音が結構して気になりました。   特におトイレの何かがずっと「ピチョン…ピチョン…」て、どっかの国の拷問かなと思いました。   いやそれは言い過ぎですが、静まり返ったところに一晩中鳴ってるので熟睡出来なかったです。(汗) 他はそんなに気にならなかったですし、スタッフさんも丁寧に応対してくださいました。 あ、都心だから仕方ないのですが、当日予約なのもありますが、値段が高かった。まあそれは仕方ないですね。","","","関西からの人間","","","","","","","","","","","",""
"","FALSE","Google","3","2026-02-19","部屋は少し古さを感じますがビジネスホテルとしてはまぁ普通だと思います。しかし値段が上がってるとはいえやや高いかなという印象です。","","","部屋は少し古さを感じますがビジネスホテルとしてはまぁ普通だと思います。しかし値段が上がってるとはいえやや高いかなという印象です。","","","吉田健太郎","","","","","","","","","","","",""
"","FALSE","Google","5","2026-02-17","スタッフの方が親切","","","スタッフの方が親切","","","由香里関根","","","","","","","","","","","",""
"","FALSE","Agoda","8","2026-02-16","初めて利用しました。 浜松町駅からほぼ直進で距離はそこまで感じなかった。 部屋は多少設備の古さを感じたけど、大切に清掃され今も問題無く使えるのでしょうね。 コンビニも近くにあったし、私的には満足でした。","","","初めて利用しました。 浜松町駅からほぼ直進で距離はそこまで感じなかった。 部屋は多少設備の古さを感じたけど、大切に清掃され今も問題無く使えるのでしょうね。 コンビニも近くにあったし、私的には満足でした。","","","AKIKO","","","","","","","","","","","",""
"","FALSE","楽天トラベル","2","2026-02-15","接客は良かったですが清掃が… 2度泊まりましたが1度目はタオルに毛が付いており、2度目はトイレが流されていなかった(トイレットペーパーも三角になっていなかった)です。","","","接客は良かったですが清掃が… 2度泊まりましたが1度目はタオルに毛が付いており、2度目はトイレが流されていなかった(トイレットペーパーも三角になっていなかった)です。","","","xxxさきxxx","","","","","","","","","","","",""
"","FALSE","楽天トラベル","5","2026-02-14","スムーズなチェックイン、チェックアウト、よかったです。","","","スムーズなチェックイン、チェックアウト、よかったです。","","","ysatoh","","","","","","","","","","","",""
"","FALSE","Google","3","2026-02-13","行き方間違えなければ駅から近い 古くて狭い","","","行き方間違えなければ駅から近い 古くて狭い","","","あかくまくっきー","","","","","","","","","","","",""
"","FALSE","楽天トラベル","5","2026-02-12","15時チェックインでしたが柔軟に対応いただけて助かりました。設備は少し昔のビジネスホテルですが、水量やシャワーもしっかり出て困りません。田町駅、大門駅、浜松町駅からはそれぞれ15分くらい歩きますが、アクセスはそこまで不便に感じません。","","","15時チェックインでしたが柔軟に対応いただけて助かりました。設備は少し昔のビジネスホテルですが、水量やシャワーもしっかり出て困りません。田町駅、大門駅、浜松町駅からはそれぞれ15分くらい歩きますが、アクセスはそこまで不便に感じません。","","","おせわになりました！","","","","","","","","","","","",""
"","FALSE","楽天トラベル","4","2026-02-11","部屋は対象古さを感じますが、立地はあまりに神すぎます。 それだけでプラスと言っていいでしょう 接客も丁寧です","","","部屋は対象古さを感じますが、立地はあまりに神すぎます。 それだけでプラスと言っていいでしょう 接客も丁寧です","","","saizero","","","","","","","","","","","",""
"","FALSE","Agoda","10","2026-02-11","受験で利用しました。とてもリラックス出来ました。安心して試験にのぞめました。","","","受験で利用しました。とてもリラックス出来ました。安心して試験にのぞめました。","","","YOSHIAKI","","","","","","","","","","","",""
"","FALSE","Google","1","2026-02-10","線路側の部屋でした。 ボロアパート並みの防音性能。ひっきりなしの電車の音がとてもよく聞こえます。 慣れない限り寝れなんてできません。 そして酷い乾燥。老舗のビジネスホテルなのに加湿器ありません。 カプセルホテルの方がまだマシです。","","","線路側の部屋でした。 ボロアパート並みの防音性能。ひっきりなしの電車の音がとてもよく聞こえます。 慣れない限り寝れなんてできません。 そして酷い乾燥。老舗のビジネスホテルなのに加湿器ありません。 カプセルホテルの方がまだマシです。","","","Junichi Kashiwada","","","","","","","","","","","",""
"","FALSE","Google","4","2026-02-10","あまりゆっくりとできなかったのですが、特に不自由はありませんでした。コンビニが近いので重宝します。","","","あまりゆっくりとできなかったのですが、特に不自由はありませんでした。コンビニが近いので重宝します。","","","T H","","","","","","","","","","","",""
"","FALSE","楽天トラベル","5","2026-02-09","静かで快適でした","","","静かで快適でした","","","abeman","","","","","","","","","","","",""
"","FALSE","Google","4","2026-02-09","","","","","","","園田典華","","","","","","","","","","","",""
"","FALSE","楽天トラベル","5","2026-02-09","安定したおもてなしで、快適に過ごすことが出来ました。","","","安定したおもてなしで、快適に過ごすことが出来ました。","","","club ckd","","","","","","","","","","","",""
"","FALSE","楽天トラベル","3","2026-02-08","浜松町駅から迷うことなく到着することができました。館内は古さを感じますが、特に不便なことはありませんでした。あえて言うなら、寝ている時に電車の音、他部屋の排水の音？が少し気になるかもしれません。総合的に問題はないと思いますので、また機会がありましたら利用させていただきます。","","","浜松町駅から迷うことなく到着することができました。館内は古さを感じますが、特に不便なことはありませんでした。あえて言うなら、寝ている時に電車の音、他部屋の排水の音？が少し気になるかもしれません。総合的に問題はないと思いますので、また機会がありましたら利用させていただきます。","","","トムオーシャン","","","","","","","","","","","",""
"","FALSE","楽天トラベル","4","2026-02-08","空調設定が全館統一で自分で出来ないのが少し不安でしたが、問題なく快適に過ごせました。 チェックイン前に荷物預かりもしていただけたし、朝食ビュッフェも美味しくいただけました。 また機会がありましたら利用したいと思います。","","","空調設定が全館統一で自分で出来ないのが少し不安でしたが、問題なく快適に過ごせました。 チェックイン前に荷物預かりもしていただけたし、朝食ビュッフェも美味しくいただけました。 また機会がありましたら利用したいと思います。","","","memegon","","","","","","","","","","","",""
"","FALSE","楽天トラベル","3","2026-02-07","浴槽が詰まってた、、","","","浴槽が詰まってた、、","","","yuyu001@","","","","","","","","","","","",""
"","FALSE","楽天トラベル","2","2026-02-07","電車の音が丸聞こえでゆっくり休めなかったです。","","","電車の音が丸聞こえでゆっくり休めなかったです。","","","k--25","","","","","","","","","","","",""
"","FALSE","Agoda","10","2026-02-07","駅から近く利便性が良いです。 窓を開けた際にビル壁がが見える事はなく、陽射しも入り良かったです。 またネオン街ではないので安眠できました。出張の時には次も利用したいです。","","","駅から近く利便性が良いです。 窓を開けた際にビル壁がが見える事はなく、陽射しも入り良かったです。 またネオン街ではないので安眠できました。出張の時には次も利用したいです。","","","MK","","","","","","","","","","","",""
"","FALSE","楽天トラベル","1","2026-02-04","部屋の壁ははがれたまま、洗面トイレも何十年前のものかという設備の古さでした。写真とはあまりにも違いすぎてがっかりです。","","","部屋の壁ははがれたまま、洗面トイレも何十年前のものかという設備の古さでした。写真とはあまりにも違いすぎてがっかりです。","","","みはぱん1212","","","","","","","","","","","",""
"","FALSE","Agoda","9","2026-02-03","出張で、素泊まりしました。 ベットも広く清潔で、料金の割にお得感ありです。","","","出張で、素泊まりしました。 ベットも広く清潔で、料金の割にお得感ありです。","","","Tsuguya","","","","","","","","","","","",""
"","FALSE","じゃらん","3","2026-02-03","３泊の連泊のため少しでも宿泊費を浮かせようと思ったのが、間違いだった。  ある程度のホテルならチェックインも1時間前に出来るのに、全然融通利かないし、チェックアウトの延長も部屋に1時間延長で千円って記載されてるのにフロントに行ったら1500円言われるし。  訂正くらいしておけよ。  喫煙部屋もあるからかエレベーターの中がタバコ臭い。  色々残念過ぎた。","","","３泊の連泊のため少しでも宿泊費を浮かせようと思ったのが、間違いだった。  ある程度のホテルならチェックインも1時間前に出来るのに、全然融通利かないし、チェックアウトの延長も部屋に1時間延長で千円って記載されてるのにフロントに行ったら1500円言われるし。  訂正くらいしておけよ。  喫煙部屋もあるからかエレベーターの中がタバコ臭い。  色々残念過ぎた。","","","かおりんさん","","","","","","","","","","","",""
"","FALSE","Google","3","2026-02-02","","","","","","","つつゆー","","","","","","","","","","","",""
"","FALSE","Google","4","2026-02-01","","","","","","","T H","","","","","","","","","","","",""
"","","","","","","","","","","","","","FALSE","Agoda","9","2026-02-28","お風呂や洗顔、手洗いなど自分の好みの温度にレバーを調整しますが、その調整したレバーを清掃される方は一切触らずそのままにしてくださっていたので、宿泊日初日に設定しただけでその後チェックアウトするまで温度調整不要でした。 その清掃される方のご配慮が有り難かったです。 それと朝食も煮物や焼き魚、山芋や漬物、パンもありどれも美味しくいただきました。ごちそうさまでした。","","","お風呂や洗顔、手洗いなど自分の好みの温度にレバーを調整しますが、その調整したレバーを清掃される方は一切触らずそのままにしてくださっていたので、宿泊日初日に設定しただけでその後チェックアウトするまで温度調整不要でした。 その清掃される方のご配慮が有り難かったです。 それと朝食も煮物や焼き魚、山芋や漬物、パンもありどれも美味しくいただきました。ごちそうさまでした。","","","KEISUKE"
"","","","","","","","","","","","","","FALSE","Booking.com","8","2026-02-28","","","","","","","Shigetaka"
"","","","","","","","","","","","","","FALSE","じゃらん","5","2026-02-27","急な出張でしたが、当日空きあり無事宿泊できました。駅からホテル付近までは簡易な屋根付の歩道がありますので、多少の雨であれば傘無しでも行けます。","","","急な出張でしたが、当日空きあり無事宿泊できました。駅からホテル付近までは簡易な屋根付の歩道がありますので、多少の雨であれば傘無しでも行けます。","","","だんなさん"
"","","","","","","","","","","","","","FALSE","Agoda","6","2026-02-27","出張で利用しました。快適に過ごせました。ただ電車路線に近い場所ので、電車の音が気になる方は、考えた方がいいかもしれません(私はきになりませんでしたが）","","","出張で利用しました。快適に過ごせました。ただ電車路線に近い場所ので、電車の音が気になる方は、考えた方がいいかもしれません(私はきになりませんでしたが）","","","YOSHITAKE"
"","","","","","","","","","","","","","FALSE","楽天トラベル","4","2026-02-27","東京出張時の定宿にしています。止むを得ず、他のホテルにも泊まった事もありますが、ここより良いホテルに巡り合っていません。東京出張もあと数回で終わりますが、最後の出張までお世話になりたいと考えています。","","","東京出張時の定宿にしています。止むを得ず、他のホテルにも泊まった事もありますが、ここより良いホテルに巡り合っていません。東京出張もあと数回で終わりますが、最後の出張までお世話になりたいと考えています。","","","901AT"
"","","","","","","","","","","","","","FALSE","じゃらん","4","2026-02-27","急な出張でしたが、当日空きあり無事宿泊できました。駅からホテル付近までは簡易な屋根付の歩道がありますので、多少の雨であれば傘無しでも行けます。","","","急な出張でしたが、当日空きあり無事宿泊できました。駅からホテル付近までは簡易な屋根付の歩道がありますので、多少の雨であれば傘無しでも行けます。","","","だんなさん"
"","","","","","","","","","","","","","FALSE","楽天トラベル","2","2026-02-24","良くも悪くも普通の何ら特徴のないホテルだとは思うんですが、いかんせん設備が古いらしく、お風呂の浴槽に穴が空いてたり、ヒビが入ってたりとか、廊下のカーペットがダルんダルんとしててキャリーバックの車輪が軽く引っかかるなど年季の入ったところが随所に見て取れました。頑張って掃除して清潔を保ってるのはわかるけど、経年劣化はちょっと誤魔化せないかな？と。 あと、価格がそんなに高すぎないけど、安くはない微妙なラインの設定ではあるものの、その割に特別なサービスとか何もなく、寝るだけと考えたら、最近のホテルから比べると高いと感じてしまいました...。 一番気になったのは、浜松町とホテルの道の複雑さです。たぶん直線距離は大した事ないのかもしれませんけど、狭い路地をぐにゃぐにゃ歩いて、屋形船の前をとおり、謎の高架の下をくぐった後に右折して...と初見じゃあ無理なルートで12分くらいかかりました。 たぶん汐留から浜松町まで歩くのとそんな変わらないくらい遠いです。 立地はどうしようもないと思うので、諦めますけど、なんか維持費で精一杯で設備投資できないのかな？と思ったりもしました。 設備刷新できないなら、例えばエアドッグを貸しますーとか、フロントでプレステ5貸してくれるーとか、そんなに有名じゃあなくても、凄腕バリスタがウェルカムドリンクで美味いコーヒー一杯入れてくれるとか...なんか個性的なサービス打ち出したりしないと泊まったこと自体忘れそう。  ","","","良くも悪くも普通の何ら特徴のないホテルだとは思うんですが、いかんせん設備が古いらしく、お風呂の浴槽に穴が空いてたり、ヒビが入ってたりとか、廊下のカーペットがダルんダルんとしててキャリーバックの車輪が軽く引っかかるなど年季の入ったところが随所に見て取れました。頑張って掃除して清潔を保ってるのはわかるけど、経年劣化はちょっと誤魔化せないかな？と。 あと、価格がそんなに高すぎないけど、安くはない微妙なラインの設定ではあるものの、その割に特別なサービスとか何もなく、寝るだけと考えたら、最近のホテルから比べると高いと感じてしまいました...。 一番気になったのは、浜松町とホテルの道の複雑さです。たぶん直線距離は大した事ないのかもしれませんけど、狭い路地をぐにゃぐにゃ歩いて、屋形船の前をとおり、謎の高架の下をくぐった後に右折して...と初見じゃあ無理なルートで12分くらいかかりました。 たぶん汐留から浜松町まで歩くのとそんな変わらないくらい遠いです。 立地はどうしようもないと思うので、諦めますけど、なんか維持費で精一杯で設備投資できないのかな？と思ったりもしました。 設備刷新できないなら、例えばエアドッグを貸しますーとか、フロントでプレステ5貸してくれるーとか、そんなに有名じゃあなくても、凄腕バリスタがウェルカムドリンクで美味いコーヒー一杯入れてくれるとか...なんか個性的なサービス打ち出したりしないと泊まったこと自体忘れそう。  ","","","たかふさん"
"","","","","","","","","","","","","","FALSE","楽天トラベル","5","2026-02-24","気持ちよく宿泊させていただきました。 アメニティも充実してましたが、もしよければインスタントコーヒーがあると嬉しいです","","","気持ちよく宿泊させていただきました。 アメニティも充実してましたが、もしよければインスタントコーヒーがあると嬉しいです","","","a.haccho"
"","","","","","","","","","","","","","FALSE","じゃらん","2","2026-02-24","2泊だったから安かったのか分かりませんが、、  毛布をお願いしたら良かったと後で後悔しました。  思ってたより綺麗でした。","","","2泊だったから安かったのか分かりませんが、、  毛布をお願いしたら良かったと後で後悔しました。  思ってたより綺麗でした。","","","まりさん"
"","","","","","","","","","","","","","FALSE","じゃらん","3","2026-02-24","2泊だったから安かったのか分かりませんが、、  毛布をお願いしたら良かったと後で後悔しました。  思ってたより綺麗でした。","","","2泊だったから安かったのか分かりませんが、、  毛布をお願いしたら良かったと後で後悔しました。  思ってたより綺麗でした。","","","まりさん"
"","","","","","","","","","","","","","FALSE","Google","5","2026-02-23","","","","","","","sourin4649"
"","","","","","","","","","","","","","FALSE","Booking.com","8","2026-02-23","","浜松町駅からすぐではないが　遠い程ではない","線路沿いなので　泊まった部屋は9階だったがややうるさい","","浜松町駅からすぐではないが　遠い程ではない","線路沿いなので　泊まった部屋は9階だったがややうるさい","Toshiaki"
"","","","","","","","","","","","","","FALSE","Agoda","10","2026-02-23","全体的にとても清潔でした。お風呂はシャワーヘッドが大きく、シャンプーとリンスもポーラで快適でした。ベッドも寝心地がよかったです。主照明だけでなく、頭上に小さい照明があったので、丁度良い明かりで安眠できました。","","","全体的にとても清潔でした。お風呂はシャワーヘッドが大きく、シャンプーとリンスもポーラで快適でした。ベッドも寝心地がよかったです。主照明だけでなく、頭上に小さい照明があったので、丁度良い明かりで安眠できました。","","","KANAKO"
"","","","","","","","","","","","","","FALSE","Agoda","8","2026-02-23","","浜松町駅からすぐではないが　遠い程ではない","線路沿いなので　泊まった部屋は9階だったがややうるさい","","浜松町駅からすぐではないが　遠い程ではない","線路沿いなので　泊まった部屋は9階だったがややうるさい","Toshiaki"
"","","","","","","","","","","","","","FALSE","楽天トラベル","2","2026-02-19","409号室に泊まった者です。 端の部屋だからか、水回りの音が結構して気になりました。   特におトイレの何かがずっと「ピチョン…ピチョン…」て、どっかの国の拷問かなと思いました。   いやそれは言い過ぎですが、静まり返ったところに一晩中鳴ってるので熟睡出来なかったです。(汗) 他はそんなに気にならなかったですし、スタッフさんも丁寧に応対してくださいました。 あ、都心だから仕方ないのですが、当日予約なのもありますが、値段が高かった。まあそれは仕方ないですね。","","","409号室に泊まった者です。 端の部屋だからか、水回りの音が結構して気になりました。   特におトイレの何かがずっと「ピチョン…ピチョン…」て、どっかの国の拷問かなと思いました。   いやそれは言い過ぎですが、静まり返ったところに一晩中鳴ってるので熟睡出来なかったです。(汗) 他はそんなに気にならなかったですし、スタッフさんも丁寧に応対してくださいました。 あ、都心だから仕方ないのですが、当日予約なのもありますが、値段が高かった。まあそれは仕方ないですね。","","","関西からの人間"
"","","","","","","","","","","","","","FALSE","Google","3","2026-02-19","部屋は少し古さを感じますがビジネスホテルとしてはまぁ普通だと思います。しかし値段が上がってるとはいえやや高いかなという印象です。","","","部屋は少し古さを感じますがビジネスホテルとしてはまぁ普通だと思います。しかし値段が上がってるとはいえやや高いかなという印象です。","","","吉田健太郎"
"","","","","","","","","","","","","","FALSE","Google","5","2026-02-17","スタッフの方が親切","","","スタッフの方が親切","","","由香里関根"
"","","","","","","","","","","","","","FALSE","Agoda","8","2026-02-16","初めて利用しました。 浜松町駅からほぼ直進で距離はそこまで感じなかった。 部屋は多少設備の古さを感じたけど、大切に清掃され今も問題無く使えるのでしょうね。 コンビニも近くにあったし、私的には満足でした。","","","初めて利用しました。 浜松町駅からほぼ直進で距離はそこまで感じなかった。 部屋は多少設備の古さを感じたけど、大切に清掃され今も問題無く使えるのでしょうね。 コンビニも近くにあったし、私的には満足でした。","","","AKIKO"
"","","","","","","","","","","","","","FALSE","楽天トラベル","2","2026-02-15","接客は良かったですが清掃が… 2度泊まりましたが1度目はタオルに毛が付いており、2度目はトイレが流されていなかった(トイレットペーパーも三角になっていなかった)です。","","","接客は良かったですが清掃が… 2度泊まりましたが1度目はタオルに毛が付いており、2度目はトイレが流されていなかった(トイレットペーパーも三角になっていなかった)です。","","","xxxさきxxx"
"","","","","","","","","","","","","","FALSE","楽天トラベル","5","2026-02-14","スムーズなチェックイン、チェックアウト、よかったです。","","","スムーズなチェックイン、チェックアウト、よかったです。","","","ysatoh"
"","","","","","","","","","","","","","FALSE","Google","3","2026-02-13","行き方間違えなければ駅から近い 古くて狭い","","","行き方間違えなければ駅から近い 古くて狭い","","","あかくまくっきー"
"","","","","","","","","","","","","","FALSE","楽天トラベル","5","2026-02-12","15時チェックインでしたが柔軟に対応いただけて助かりました。設備は少し昔のビジネスホテルですが、水量やシャワーもしっかり出て困りません。田町駅、大門駅、浜松町駅からはそれぞれ15分くらい歩きますが、アクセスはそこまで不便に感じません。","","","15時チェックインでしたが柔軟に対応いただけて助かりました。設備は少し昔のビジネスホテルですが、水量やシャワーもしっかり出て困りません。田町駅、大門駅、浜松町駅からはそれぞれ15分くらい歩きますが、アクセスはそこまで不便に感じません。","","","おせわになりました！"
"","","","","","","","","","","","","","FALSE","楽天トラベル","4","2026-02-11","部屋は対象古さを感じますが、立地はあまりに神すぎます。 それだけでプラスと言っていいでしょう 接客も丁寧です","","","部屋は対象古さを感じますが、立地はあまりに神すぎます。 それだけでプラスと言っていいでしょう 接客も丁寧です","","","saizero"
"","","","","","","","","","","","","","FALSE","Agoda","10","2026-02-11","受験で利用しました。とてもリラックス出来ました。安心して試験にのぞめました。","","","受験で利用しました。とてもリラックス出来ました。安心して試験にのぞめました。","","","YOSHIAKI"
"","","","","","","","","","","","","","FALSE","Google","1","2026-02-10","線路側の部屋でした。 ボロアパート並みの防音性能。ひっきりなしの電車の音がとてもよく聞こえます。 慣れない限り寝れなんてできません。 そして酷い乾燥。老舗のビジネスホテルなのに加湿器ありません。 カプセルホテルの方がまだマシです。","","","線路側の部屋でした。 ボロアパート並みの防音性能。ひっきりなしの電車の音がとてもよく聞こえます。 慣れない限り寝れなんてできません。 そして酷い乾燥。老舗のビジネスホテルなのに加湿器ありません。 カプセルホテルの方がまだマシです。","","","Junichi Kashiwada"
"","","","","","","","","","","","","","FALSE","Google","4","2026-02-10","あまりゆっくりとできなかったのですが、特に不自由はありませんでした。コンビニが近いので重宝します。","","","あまりゆっくりとできなかったのですが、特に不自由はありませんでした。コンビニが近いので重宝します。","","","T H"
"","","","","","","","","","","","","","FALSE","楽天トラベル","5","2026-02-09","静かで快適でした","","","静かで快適でした","","","abeman"
"","","","","","","","","","","","","","FALSE","Google","4","2026-02-09","","","","","","","園田典華"
"","","","","","","","","","","","","","FALSE","楽天トラベル","5","2026-02-09","安定したおもてなしで、快適に過ごすことが出来ました。","","","安定したおもてなしで、快適に過ごすことが出来ました。","","","club ckd"
"","","","","","","","","","","","","","FALSE","楽天トラベル","3","2026-02-08","浜松町駅から迷うことなく到着することができました。館内は古さを感じますが、特に不便なことはありませんでした。あえて言うなら、寝ている時に電車の音、他部屋の排水の音？が少し気になるかもしれません。総合的に問題はないと思いますので、また機会がありましたら利用させていただきます。","","","浜松町駅から迷うことなく到着することができました。館内は古さを感じますが、特に不便なことはありませんでした。あえて言うなら、寝ている時に電車の音、他部屋の排水の音？が少し気になるかもしれません。総合的に問題はないと思いますので、また機会がありましたら利用させていただきます。","","","トムオーシャン"
"","","","","","","","","","","","","","FALSE","楽天トラベル","4","2026-02-08","空調設定が全館統一で自分で出来ないのが少し不安でしたが、問題なく快適に過ごせました。 チェックイン前に荷物預かりもしていただけたし、朝食ビュッフェも美味しくいただけました。 また機会がありましたら利用したいと思います。","","","空調設定が全館統一で自分で出来ないのが少し不安でしたが、問題なく快適に過ごせました。 チェックイン前に荷物預かりもしていただけたし、朝食ビュッフェも美味しくいただけました。 また機会がありましたら利用したいと思います。","","","memegon"
"","","","","","","","","","","","","","FALSE","楽天トラベル","3","2026-02-07","浴槽が詰まってた、、","","","浴槽が詰まってた、、","","","yuyu001@"
"","","","","","","","","","","","","","FALSE","楽天トラベル","2","2026-02-07","電車の音が丸聞こえでゆっくり休めなかったです。","","","電車の音が丸聞こえでゆっくり休めなかったです。","","","k--25"
"","","","","","","","","","","","","","FALSE","Agoda","10","2026-02-07","駅から近く利便性が良いです。 窓を開けた際にビル壁がが見える事はなく、陽射しも入り良かったです。 またネオン街ではないので安眠できました。出張の時には次も利用したいです。","","","駅から近く利便性が良いです。 窓を開けた際にビル壁がが見える事はなく、陽射しも入り良かったです。 またネオン街ではないので安眠できました。出張の時には次も利用したいです。","","","MK"
"","","","","","","","","","","","","","FALSE","楽天トラベル","1","2026-02-04","部屋の壁ははがれたまま、洗面トイレも何十年前のものかという設備の古さでした。写真とはあまりにも違いすぎてがっかりです。","","","部屋の壁ははがれたまま、洗面トイレも何十年前のものかという設備の古さでした。写真とはあまりにも違いすぎてがっかりです。","","","みはぱん1212"
"","","","","","","","","","","","","","FALSE","Agoda","9","2026-02-03","出張で、素泊まりしました。 ベットも広く清潔で、料金の割にお得感ありです。","","","出張で、素泊まりしました。 ベットも広く清潔で、料金の割にお得感ありです。","","","Tsuguya"
"","","","","","","","","","","","","","FALSE","じゃらん","3","2026-02-03","３泊の連泊のため少しでも宿泊費を浮かせようと思ったのが、間違いだった。  ある程度のホテルならチェックインも1時間前に出来るのに、全然融通利かないし、チェックアウトの延長も部屋に1時間延長で千円って記載されてるのにフロントに行ったら1500円言われるし。  訂正くらいしておけよ。  喫煙部屋もあるからかエレベーターの中がタバコ臭い。  色々残念過ぎた。","","","３泊の連泊のため少しでも宿泊費を浮かせようと思ったのが、間違いだった。  ある程度のホテルならチェックインも1時間前に出来るのに、全然融通利かないし、チェックアウトの延長も部屋に1時間延長で千円って記載されてるのにフロントに行ったら1500円言われるし。  訂正くらいしておけよ。  喫煙部屋もあるからかエレベーターの中がタバコ臭い。  色々残念過ぎた。","","","かおりんさん"
"","","","","","","","","","","","","","FALSE","Google","3","2026-02-02","","","","","","","つつゆー"
"","","","","","","","","","","","","","FALSE","Google","4","2026-02-01","","","","","","","T H"