"","検索文字 URL： チェック","コンフォートホテル横浜関内 サイト名","検索年月： 評価","2026年 投稿日","03月 コメント(全体)","範囲： コメント(良い点)","!A1:K コメント(改善点)","コメント（翻訳:全体)","コメント（翻訳:良い)","コメント（翻訳:改善点)","投稿者","","","","","関数用 2026年 2026年 ","02月 03月 ","","!A2:K75 ","","","",""
"","FALSE","楽天トラベル","4","2026-03-20","立地もいいですし、客層もまずまず。料金帯を考えたら良いホテルだと思います。","","","立地もいいですし、客層もまずまず。料金帯を考えたら良いホテルだと思います。","","","Kikikirin","","FALSE","楽天トラベル","4","2026-03-20","立地もいいですし、客層もまずまず。料金帯を考えたら良いホテルだと思います。","","","立地もいいですし、客層もまずまず。料金帯を考えたら良いホテルだと思います。","","","Kikikirin"
"","FALSE","楽天トラベル","1","2026-03-20","予約時に見落としていたこちらのミスかもしれないが、内装工事しており、その関係で音がうるさく、朝食も弁当だった。","","","予約時に見落としていたこちらのミスかもしれないが、内装工事しており、その関係で音がうるさく、朝食も弁当だった。","","","りーたん0401","","FALSE","楽天トラベル","1","2026-03-20","予約時に見落としていたこちらのミスかもしれないが、内装工事しており、その関係で音がうるさく、朝食も弁当だった。","","","予約時に見落としていたこちらのミスかもしれないが、内装工事しており、その関係で音がうるさく、朝食も弁当だった。","","","りーたん0401"
"","FALSE","Trip.com","6","2026-03-20","改装中のため朝食がお弁当のため味気ない為ショックだった。もうすこし中身など考えた方が良いと思いました。","","","改装中のため朝食がお弁当のため味気ない為ショックだった。もうすこし中身など考えた方が良いと思いました。","","","ゲ‍ス‍ト","","FALSE","Trip.com","6","2026-03-20","改装中のため朝食がお弁当のため味気ない為ショックだった。もうすこし中身など考えた方が良いと思いました。","","","改装中のため朝食がお弁当のため味気ない為ショックだった。もうすこし中身など考えた方が良いと思いました。","","","ゲ‍ス‍ト"
"","FALSE","Google","4","2026-03-20","部屋は狭めで設備も古いが、スタッフの応対も丁寧でウェルカムドリンクもあります。 道向かいにコンビニがあり、近隣に美味しい飲食店も多く、中華街や赤レンガ等の観光地まで徒歩圏内。さらに駅近で便利な立地です。 ただし、朝食会場は狭く配置も悪いので平日でも激混み。夜は泥酔通行人の声が響いて聞こえます。個人的には騒音には慣れているので問題なし。 トータル、セールで安く泊まれるならオススメ。","","","部屋は狭めで設備も古いが、スタッフの応対も丁寧でウェルカムドリンクもあります。 道向かいにコンビニがあり、近隣に美味しい飲食店も多く、中華街や赤レンガ等の観光地まで徒歩圏内。さらに駅近で便利な立地です。 ただし、朝食会場は狭く配置も悪いので平日でも激混み。夜は泥酔通行人の声が響いて聞こえます。個人的には騒音には慣れているので問題なし。 トータル、セールで安く泊まれるならオススメ。","","","501","","FALSE","Google","4","2026-03-20","部屋は狭めで設備も古いが、スタッフの応対も丁寧でウェルカムドリンクもあります。 道向かいにコンビニがあり、近隣に美味しい飲食店も多く、中華街や赤レンガ等の観光地まで徒歩圏内。さらに駅近で便利な立地です。 ただし、朝食会場は狭く配置も悪いので平日でも激混み。夜は泥酔通行人の声が響いて聞こえます。個人的には騒音には慣れているので問題なし。 トータル、セールで安く泊まれるならオススメ。","","","部屋は狭めで設備も古いが、スタッフの応対も丁寧でウェルカムドリンクもあります。 道向かいにコンビニがあり、近隣に美味しい飲食店も多く、中華街や赤レンガ等の観光地まで徒歩圏内。さらに駅近で便利な立地です。 ただし、朝食会場は狭く配置も悪いので平日でも激混み。夜は泥酔通行人の声が響いて聞こえます。個人的には騒音には慣れているので問題なし。 トータル、セールで安く泊まれるならオススメ。","","","501"
"","FALSE","Google","4","2026-03-20","7,000円で朝食ビュッフェ付きは格安かと思います また6:30から朝食可能でしたので、出発まで時間ない人はおすすめです 部屋も綺麗で広く、ベッドはダブルでした","","","7,000円で朝食ビュッフェ付きは格安かと思います また6:30から朝食可能でしたので、出発まで時間ない人はおすすめです 部屋も綺麗で広く、ベッドはダブルでした","","","AM 10","","FALSE","Google","4","2026-03-20","7,000円で朝食ビュッフェ付きは格安かと思います また6:30から朝食可能でしたので、出発まで時間ない人はおすすめです 部屋も綺麗で広く、ベッドはダブルでした","","","7,000円で朝食ビュッフェ付きは格安かと思います また6:30から朝食可能でしたので、出発まで時間ない人はおすすめです 部屋も綺麗で広く、ベッドはダブルでした","","","AM 10"
"","FALSE","Booking.com","4","2026-03-19","","","朝食は、ビュッフェ形式でなかった。","","","朝食は、ビュッフェ形式でなかった。","Yukiharu","","FALSE","Booking.com","4","2026-03-19","","","朝食は、ビュッフェ形式でなかった。","","","朝食は、ビュッフェ形式でなかった。","Yukiharu"
"","FALSE","楽天トラベル","1","2026-03-19","羊頭狗肉で非常に残念な滞在でした。 予約したプランには【朝食ビュッフェが無料！スムージーや期間限定メニュー！】などと大々的に銘打ってありましたが、実際にはチェックイン時に「工事期間のため簡単な弁当になる」と伝えられました。  工事期間は3月7日〜20日だそうで、私が予約したのは3月15日（宿泊は19日）なので、予約入れた時点ですでに工事中でしたね。つまり、宿泊当日は朝食を提供できないと事前に知りながら【朝食ビュッフェ無料】と不実を記載していた、ということになります。少なからず問題だし、トラブルは十分予見できるでしょう。  弁当は写真のとおり非常に粗末で、手をつけませんでした。 まあそれはいいのですが、本件で不愉快な思いをしている宿泊客が多数存在するのは確実なのに、それと知りながら平気で行う姿勢がとても残念です。","","","羊頭狗肉で非常に残念な滞在でした。 予約したプランには【朝食ビュッフェが無料！スムージーや期間限定メニュー！】などと大々的に銘打ってありましたが、実際にはチェックイン時に「工事期間のため簡単な弁当になる」と伝えられました。  工事期間は3月7日〜20日だそうで、私が予約したのは3月15日（宿泊は19日）なので、予約入れた時点ですでに工事中でしたね。つまり、宿泊当日は朝食を提供できないと事前に知りながら【朝食ビュッフェ無料】と不実を記載していた、ということになります。少なからず問題だし、トラブルは十分予見できるでしょう。  弁当は写真のとおり非常に粗末で、手をつけませんでした。 まあそれはいいのですが、本件で不愉快な思いをしている宿泊客が多数存在するのは確実なのに、それと知りながら平気で行う姿勢がとても残念です。","","","zihuatanejo_rdptn","","FALSE","楽天トラベル","1","2026-03-19","羊頭狗肉で非常に残念な滞在でした。 予約したプランには【朝食ビュッフェが無料！スムージーや期間限定メニュー！】などと大々的に銘打ってありましたが、実際にはチェックイン時に「工事期間のため簡単な弁当になる」と伝えられました。  工事期間は3月7日〜20日だそうで、私が予約したのは3月15日（宿泊は19日）なので、予約入れた時点ですでに工事中でしたね。つまり、宿泊当日は朝食を提供できないと事前に知りながら【朝食ビュッフェ無料】と不実を記載していた、ということになります。少なからず問題だし、トラブルは十分予見できるでしょう。  弁当は写真のとおり非常に粗末で、手をつけませんでした。 まあそれはいいのですが、本件で不愉快な思いをしている宿泊客が多数存在するのは確実なのに、それと知りながら平気で行う姿勢がとても残念です。","","","羊頭狗肉で非常に残念な滞在でした。 予約したプランには【朝食ビュッフェが無料！スムージーや期間限定メニュー！】などと大々的に銘打ってありましたが、実際にはチェックイン時に「工事期間のため簡単な弁当になる」と伝えられました。  工事期間は3月7日〜20日だそうで、私が予約したのは3月15日（宿泊は19日）なので、予約入れた時点ですでに工事中でしたね。つまり、宿泊当日は朝食を提供できないと事前に知りながら【朝食ビュッフェ無料】と不実を記載していた、ということになります。少なからず問題だし、トラブルは十分予見できるでしょう。  弁当は写真のとおり非常に粗末で、手をつけませんでした。 まあそれはいいのですが、本件で不愉快な思いをしている宿泊客が多数存在するのは確実なのに、それと知りながら平気で行う姿勢がとても残念です。","","","zihuatanejo_rdptn"
"","FALSE","楽天トラベル","4","2026-03-18","最近の横浜方面出張時には良く利用。横浜市営地下鉄の駅が近く便利。個人的には特に、ライブラリー&カフェが気に入っており、好きな本を選んで読んだりゆっくり過ごす事ができます。コンフォートホテルはベットの硬さも枕の高さも私には最適で睡眠アプリで熟睡度80%くらい(自宅でも70%なのに)。ただし，今回は改装工事でカフェが利用出来ず、朝食もおにぎり弁当の一択で残念！でも，来月もまた泊まります。","","","最近の横浜方面出張時には良く利用。横浜市営地下鉄の駅が近く便利。個人的には特に、ライブラリー&カフェが気に入っており、好きな本を選んで読んだりゆっくり過ごす事ができます。コンフォートホテルはベットの硬さも枕の高さも私には最適で睡眠アプリで熟睡度80%くらい(自宅でも70%なのに)。ただし，今回は改装工事でカフェが利用出来ず、朝食もおにぎり弁当の一択で残念！でも，来月もまた泊まります。","","","Cookie_Papa","","FALSE","楽天トラベル","4","2026-03-18","最近の横浜方面出張時には良く利用。横浜市営地下鉄の駅が近く便利。個人的には特に、ライブラリー&カフェが気に入っており、好きな本を選んで読んだりゆっくり過ごす事ができます。コンフォートホテルはベットの硬さも枕の高さも私には最適で睡眠アプリで熟睡度80%くらい(自宅でも70%なのに)。ただし，今回は改装工事でカフェが利用出来ず、朝食もおにぎり弁当の一択で残念！でも，来月もまた泊まります。","","","最近の横浜方面出張時には良く利用。横浜市営地下鉄の駅が近く便利。個人的には特に、ライブラリー&カフェが気に入っており、好きな本を選んで読んだりゆっくり過ごす事ができます。コンフォートホテルはベットの硬さも枕の高さも私には最適で睡眠アプリで熟睡度80%くらい(自宅でも70%なのに)。ただし，今回は改装工事でカフェが利用出来ず、朝食もおにぎり弁当の一択で残念！でも，来月もまた泊まります。","","","Cookie_Papa"
"","FALSE","Booking.com","7","2026-03-18","","窓から富士山が見えました。","あさのお弁当オニギリならジュースではなく、お茶が良かったかな？？","","窓から富士山が見えました。","あさのお弁当オニギリならジュースではなく、お茶が良かったかな？？","澤木","","FALSE","Booking.com","7","2026-03-18","","窓から富士山が見えました。","あさのお弁当オニギリならジュースではなく、お茶が良かったかな？？","","窓から富士山が見えました。","あさのお弁当オニギリならジュースではなく、お茶が良かったかな？？","澤木"
"","FALSE","Booking.com","8","2026-03-17","","連泊なのにお部屋の清掃入られたことに驚きました。散らかしていて申し訳なかったです。m(_ _)m","レストラン？が改装中で提供された朝ごはん（お弁当）が残念でした。 あと、エレベーターが遅くて急いでいる時は早めの行動が必要です。（気持ちの問題）","","連泊なのにお部屋の清掃入られたことに驚きました。散らかしていて申し訳なかったです。m(_ _)m","レストラン？が改装中で提供された朝ごはん（お弁当）が残念でした。 あと、エレベーターが遅くて急いでいる時は早めの行動が必要です。（気持ちの問題）","Chie","","FALSE","Booking.com","8","2026-03-17","","連泊なのにお部屋の清掃入られたことに驚きました。散らかしていて申し訳なかったです。m(_ _)m","レストラン？が改装中で提供された朝ごはん（お弁当）が残念でした。 あと、エレベーターが遅くて急いでいる時は早めの行動が必要です。（気持ちの問題）","","連泊なのにお部屋の清掃入られたことに驚きました。散らかしていて申し訳なかったです。m(_ _)m","レストラン？が改装中で提供された朝ごはん（お弁当）が残念でした。 あと、エレベーターが遅くて急いでいる時は早めの行動が必要です。（気持ちの問題）","Chie"
"","FALSE","Google","1","2026-03-17","立地だけのホテル 朝食ブュッフェが楽しめるというから選んだのに、改装工事ということでクッソ不味い弁当であしらわれた。  弁当の内容は、いつ作ったん？というご飯の固くなったおにぎり2個(シャケ･昆布)とちゃっちいおかず、スプーンひとさじくらいのポテサラ、2切れの漬け物、ひじき  これだけ。行かなきゃ良かった。 ホテル予約する時にそんな注意書き無かったよね？ ほんと宿泊代返して欲しいレベル。","","","立地だけのホテル 朝食ブュッフェが楽しめるというから選んだのに、改装工事ということでクッソ不味い弁当であしらわれた。  弁当の内容は、いつ作ったん？というご飯の固くなったおにぎり2個(シャケ･昆布)とちゃっちいおかず、スプーンひとさじくらいのポテサラ、2切れの漬け物、ひじき  これだけ。行かなきゃ良かった。 ホテル予約する時にそんな注意書き無かったよね？ ほんと宿泊代返して欲しいレベル。","","","McKinley","","FALSE","Google","1","2026-03-17","立地だけのホテル 朝食ブュッフェが楽しめるというから選んだのに、改装工事ということでクッソ不味い弁当であしらわれた。  弁当の内容は、いつ作ったん？というご飯の固くなったおにぎり2個(シャケ･昆布)とちゃっちいおかず、スプーンひとさじくらいのポテサラ、2切れの漬け物、ひじき  これだけ。行かなきゃ良かった。 ホテル予約する時にそんな注意書き無かったよね？ ほんと宿泊代返して欲しいレベル。","","","立地だけのホテル 朝食ブュッフェが楽しめるというから選んだのに、改装工事ということでクッソ不味い弁当であしらわれた。  弁当の内容は、いつ作ったん？というご飯の固くなったおにぎり2個(シャケ･昆布)とちゃっちいおかず、スプーンひとさじくらいのポテサラ、2切れの漬け物、ひじき  これだけ。行かなきゃ良かった。 ホテル予約する時にそんな注意書き無かったよね？ ほんと宿泊代返して欲しいレベル。","","","McKinley"
"","FALSE","Trip.com","9","2026-03-17","朝食が無料で大変助かりました","","","朝食が無料で大変助かりました","","","匿‍名‍ユ‍ー‍ザ‍ー","","FALSE","Trip.com","9","2026-03-17","朝食が無料で大変助かりました","","","朝食が無料で大変助かりました","","","匿‍名‍ユ‍ー‍ザ‍ー"
"","FALSE","楽天トラベル","4","2026-03-17","レストラン工事でお弁当だったのが残念。 ただリニューアル中なのでお部屋も綺麗になりつつあり好感。","","","レストラン工事でお弁当だったのが残念。 ただリニューアル中なのでお部屋も綺麗になりつつあり好感。","","","Kikikirin","","FALSE","楽天トラベル","4","2026-03-17","レストラン工事でお弁当だったのが残念。 ただリニューアル中なのでお部屋も綺麗になりつつあり好感。","","","レストラン工事でお弁当だったのが残念。 ただリニューアル中なのでお部屋も綺麗になりつつあり好感。","","","Kikikirin"
"","FALSE","じゃらん","1","2026-03-17","改修工事で通常のサービスが提供出来ない状態での営業なら、訳あり表示などでわかりやすく表示して欲しい。コーヒー1杯飲めないホテルなんて宿泊する価値ありません。朝食弁当はまずいし、朝食がパン派の人は対応なし。あれなら提供できませんとした方がよおのでは？とも思います。コンフォートを利用した事があったので、同等サービスを期待しての利用でした。このイメージダウンでコンフォートはもう使わないと思います。","","","改修工事で通常のサービスが提供出来ない状態での営業なら、訳あり表示などでわかりやすく表示して欲しい。コーヒー1杯飲めないホテルなんて宿泊する価値ありません。朝食弁当はまずいし、朝食がパン派の人は対応なし。あれなら提供できませんとした方がよおのでは？とも思います。コンフォートを利用した事があったので、同等サービスを期待しての利用でした。このイメージダウンでコンフォートはもう使わないと思います。","","","リョウガさん","","FALSE","じゃらん","1","2026-03-17","改修工事で通常のサービスが提供出来ない状態での営業なら、訳あり表示などでわかりやすく表示して欲しい。コーヒー1杯飲めないホテルなんて宿泊する価値ありません。朝食弁当はまずいし、朝食がパン派の人は対応なし。あれなら提供できませんとした方がよおのでは？とも思います。コンフォートを利用した事があったので、同等サービスを期待しての利用でした。このイメージダウンでコンフォートはもう使わないと思います。","","","改修工事で通常のサービスが提供出来ない状態での営業なら、訳あり表示などでわかりやすく表示して欲しい。コーヒー1杯飲めないホテルなんて宿泊する価値ありません。朝食弁当はまずいし、朝食がパン派の人は対応なし。あれなら提供できませんとした方がよおのでは？とも思います。コンフォートを利用した事があったので、同等サービスを期待しての利用でした。このイメージダウンでコンフォートはもう使わないと思います。","","","リョウガさん"
"","FALSE","Google","3","2026-03-16","","","","","","","きよちゃん","","FALSE","Google","3","2026-03-16","","","","","","","きよちゃん"
"","FALSE","Trip.com","9","2026-03-16","La struttura è il classico business hotel con stanze piccole ma accoglienti peccato solo che c'erano i lavori di ristrutturazione e quindi non c'era la solita colazione ma davano un piccolo pocket lunch sinceramente avevo preso l'hotel per avere la colazione a buffet quindi non mi è piaciuto che non l'avessero perlomeno annunciato che ci sarebbero stati i lavori ! Altro hotel a Kyoto ha scritto e detto di cancellare nel caso ! Prezzo non adeguato","","","このホテルは、小さめながら快適な客室を備えた典型的なビジネスホテルです。残念ながら改装工事中で、通常の朝食は提供されていませんでした。代わりに、軽食が提供されました。正直なところ、ビュッフェスタイルの朝食目当てでこのホテルを予約したので、せめて改装工事の告知すらしてくれなかったのは残念でした。京都の別のホテルに連絡を取り、必要であればキャンセルすると伝えました。料金も妥当ではありませんでした。","","","ゲ‍ス‍ト","","FALSE","Trip.com","9","2026-03-16","La struttura è il classico business hotel con stanze piccole ma accoglienti peccato solo che c'erano i lavori di ristrutturazione e quindi non c'era la solita colazione ma davano un piccolo pocket lunch sinceramente avevo preso l'hotel per avere la colazione a buffet quindi non mi è piaciuto che non l'avessero perlomeno annunciato che ci sarebbero stati i lavori ! Altro hotel a Kyoto ha scritto e detto di cancellare nel caso ! Prezzo non adeguato","","","このホテルは、小さめながら快適な客室を備えた典型的なビジネスホテルです。残念ながら改装工事中で、通常の朝食は提供されていませんでした。代わりに、軽食が提供されました。正直なところ、ビュッフェスタイルの朝食目当てでこのホテルを予約したので、せめて改装工事の告知すらしてくれなかったのは残念でした。京都の別のホテルに連絡を取り、必要であればキャンセルすると伝えました。料金も妥当ではありませんでした。","","","ゲ‍ス‍ト"
"","FALSE","Agoda","5","2026-03-16","ホテルが改装しているのを知らないで 宿泊をしたので、楽しみにしていた朝食のスムージーが飲めなくて残念でした。","","","ホテルが改装しているのを知らないで 宿泊をしたので、楽しみにしていた朝食のスムージーが飲めなくて残念でした。","","","Yasuyo","","FALSE","Agoda","5","2026-03-16","ホテルが改装しているのを知らないで 宿泊をしたので、楽しみにしていた朝食のスムージーが飲めなくて残念でした。","","","ホテルが改装しているのを知らないで 宿泊をしたので、楽しみにしていた朝食のスムージーが飲めなくて残念でした。","","","Yasuyo"
"","FALSE","じゃらん","4","2026-03-16","チェックイン前、後荷物を預かってくれたのがとても助かりました。  ２泊しましたが立地もよくご飯に困りませんでした。  また利用したいと思います。","","","チェックイン前、後荷物を預かってくれたのがとても助かりました。  ２泊しましたが立地もよくご飯に困りませんでした。  また利用したいと思います。","","","すぎちゃんさん","","FALSE","じゃらん","4","2026-03-16","チェックイン前、後荷物を預かってくれたのがとても助かりました。  ２泊しましたが立地もよくご飯に困りませんでした。  また利用したいと思います。","","","チェックイン前、後荷物を預かってくれたのがとても助かりました。  ２泊しましたが立地もよくご飯に困りませんでした。  また利用したいと思います。","","","すぎちゃんさん"
"","FALSE","じゃらん","3","2026-03-16","朝食バイキングを楽しみにしていたら、まさかの弁当支給。  彩なんてない、冷え切った硬いおにぎり二つ、小さな唐揚げ二つ、薄い卵焼き一枚。飲み物はオレンジ、アップル、野菜生活から選べたけども、非常に残念。パン派もいるだろう。温かい食事を楽しみにしていた人もいるただろう。金券渡してもらって近くのコンビニで買った方がうんと美味しい食事が食べれたと思う。施設を良くするためのリニューアル工事は仕方ないにしても、対応が残念。リニューアル期間は弁当支給のプランと表記すべきだと思う。","","","朝食バイキングを楽しみにしていたら、まさかの弁当支給。  彩なんてない、冷え切った硬いおにぎり二つ、小さな唐揚げ二つ、薄い卵焼き一枚。飲み物はオレンジ、アップル、野菜生活から選べたけども、非常に残念。パン派もいるだろう。温かい食事を楽しみにしていた人もいるただろう。金券渡してもらって近くのコンビニで買った方がうんと美味しい食事が食べれたと思う。施設を良くするためのリニューアル工事は仕方ないにしても、対応が残念。リニューアル期間は弁当支給のプランと表記すべきだと思う。","","","まささん","","FALSE","じゃらん","3","2026-03-16","朝食バイキングを楽しみにしていたら、まさかの弁当支給。  彩なんてない、冷え切った硬いおにぎり二つ、小さな唐揚げ二つ、薄い卵焼き一枚。飲み物はオレンジ、アップル、野菜生活から選べたけども、非常に残念。パン派もいるだろう。温かい食事を楽しみにしていた人もいるただろう。金券渡してもらって近くのコンビニで買った方がうんと美味しい食事が食べれたと思う。施設を良くするためのリニューアル工事は仕方ないにしても、対応が残念。リニューアル期間は弁当支給のプランと表記すべきだと思う。","","","朝食バイキングを楽しみにしていたら、まさかの弁当支給。  彩なんてない、冷え切った硬いおにぎり二つ、小さな唐揚げ二つ、薄い卵焼き一枚。飲み物はオレンジ、アップル、野菜生活から選べたけども、非常に残念。パン派もいるだろう。温かい食事を楽しみにしていた人もいるただろう。金券渡してもらって近くのコンビニで買った方がうんと美味しい食事が食べれたと思う。施設を良くするためのリニューアル工事は仕方ないにしても、対応が残念。リニューアル期間は弁当支給のプランと表記すべきだと思う。","","","まささん"
"","FALSE","楽天トラベル","4","2026-03-15","遠出のついでに日帰りもできましたが、値段が安かったので宿泊しました。 7時半のチェックアウトのとき、改装中の朝食のお弁当受け渡し業務のスタッフが5人ほどいましたが、完全にシカトで、感じ悪かったです。 それ以外は特に問題なく過ごせました。","","","遠出のついでに日帰りもできましたが、値段が安かったので宿泊しました。 7時半のチェックアウトのとき、改装中の朝食のお弁当受け渡し業務のスタッフが5人ほどいましたが、完全にシカトで、感じ悪かったです。 それ以外は特に問題なく過ごせました。","","","みどりむす","","FALSE","楽天トラベル","4","2026-03-15","遠出のついでに日帰りもできましたが、値段が安かったので宿泊しました。 7時半のチェックアウトのとき、改装中の朝食のお弁当受け渡し業務のスタッフが5人ほどいましたが、完全にシカトで、感じ悪かったです。 それ以外は特に問題なく過ごせました。","","","遠出のついでに日帰りもできましたが、値段が安かったので宿泊しました。 7時半のチェックアウトのとき、改装中の朝食のお弁当受け渡し業務のスタッフが5人ほどいましたが、完全にシカトで、感じ悪かったです。 それ以外は特に問題なく過ごせました。","","","みどりむす"
"","FALSE","楽天トラベル","5","2026-03-15","ぴあアリーナでのイベントの際に一泊しました。低価格なのに、ホテル内、お部屋共にどこも清潔でフロントの方の接客もとても丁寧で安心でした。 チェックイン時間より早めに着いてしまいましたが、会員になるとチェックインを早められることを説明してくださり、フリースペースで少しの間待つだけでチェックインできました。 朝食のバイキングは混み合うことなく、待ち時間なしでのんびり食べることができました。いろいろな種類の朝食を楽しめたのがよかったです。 また泊まりたいです！","","","ぴあアリーナでのイベントの際に一泊しました。低価格なのに、ホテル内、お部屋共にどこも清潔でフロントの方の接客もとても丁寧で安心でした。 チェックイン時間より早めに着いてしまいましたが、会員になるとチェックインを早められることを説明してくださり、フリースペースで少しの間待つだけでチェックインできました。 朝食のバイキングは混み合うことなく、待ち時間なしでのんびり食べることができました。いろいろな種類の朝食を楽しめたのがよかったです。 また泊まりたいです！","","","えのこ0518","","FALSE","楽天トラベル","5","2026-03-15","ぴあアリーナでのイベントの際に一泊しました。低価格なのに、ホテル内、お部屋共にどこも清潔でフロントの方の接客もとても丁寧で安心でした。 チェックイン時間より早めに着いてしまいましたが、会員になるとチェックインを早められることを説明してくださり、フリースペースで少しの間待つだけでチェックインできました。 朝食のバイキングは混み合うことなく、待ち時間なしでのんびり食べることができました。いろいろな種類の朝食を楽しめたのがよかったです。 また泊まりたいです！","","","ぴあアリーナでのイベントの際に一泊しました。低価格なのに、ホテル内、お部屋共にどこも清潔でフロントの方の接客もとても丁寧で安心でした。 チェックイン時間より早めに着いてしまいましたが、会員になるとチェックインを早められることを説明してくださり、フリースペースで少しの間待つだけでチェックインできました。 朝食のバイキングは混み合うことなく、待ち時間なしでのんびり食べることができました。いろいろな種類の朝食を楽しめたのがよかったです。 また泊まりたいです！","","","えのこ0518"
"","FALSE","Booking.com","7","2026-03-15","","","","","","","徳永","","FALSE","Booking.com","7","2026-03-15","","","","","","","徳永"
"","FALSE","Google","3","2026-03-15","改装中でごたついてはいましたが、客室に入れば静かで落ち着いて過ごせました。アメニティはビジネスホテルとしては普通だと思います。 Apple Payは使えませんでした。","","","改装中でごたついてはいましたが、客室に入れば静かで落ち着いて過ごせました。アメニティはビジネスホテルとしては普通だと思います。 Apple Payは使えませんでした。","","","Yasuhiko SHIMOKIHARA (hisuix)","","FALSE","Google","3","2026-03-15","改装中でごたついてはいましたが、客室に入れば静かで落ち着いて過ごせました。アメニティはビジネスホテルとしては普通だと思います。 Apple Payは使えませんでした。","","","改装中でごたついてはいましたが、客室に入れば静かで落ち着いて過ごせました。アメニティはビジネスホテルとしては普通だと思います。 Apple Payは使えませんでした。","","","Yasuhiko SHIMOKIHARA (hisuix)"
"","FALSE","Agoda","8","2026-03-15","フェスの為、一泊しました。 部屋は、少し狭いですが、清潔にされていました。パジャマが用意されていましたが、薄く、ズボンがなかった為、若い方は、パジャマセットがいるかもです。 スタッフの方は親切で、丁寧に返答してくださいました。 今、朝食時のカフェが工事中で利用出来なかったので、今度は、是非利用したいと思います。","","","フェスの為、一泊しました。 部屋は、少し狭いですが、清潔にされていました。パジャマが用意されていましたが、薄く、ズボンがなかった為、若い方は、パジャマセットがいるかもです。 スタッフの方は親切で、丁寧に返答してくださいました。 今、朝食時のカフェが工事中で利用出来なかったので、今度は、是非利用したいと思います。","","","RIKA","","FALSE","Agoda","8","2026-03-15","フェスの為、一泊しました。 部屋は、少し狭いですが、清潔にされていました。パジャマが用意されていましたが、薄く、ズボンがなかった為、若い方は、パジャマセットがいるかもです。 スタッフの方は親切で、丁寧に返答してくださいました。 今、朝食時のカフェが工事中で利用出来なかったので、今度は、是非利用したいと思います。","","","フェスの為、一泊しました。 部屋は、少し狭いですが、清潔にされていました。パジャマが用意されていましたが、薄く、ズボンがなかった為、若い方は、パジャマセットがいるかもです。 スタッフの方は親切で、丁寧に返答してくださいました。 今、朝食時のカフェが工事中で利用出来なかったので、今度は、是非利用したいと思います。","","","RIKA"
"","FALSE","Agoda","8","2026-03-15","機械操作でのチェックインとチェックアウトでしたが、スタッフが丁寧にサポートしてくださりスムーズでした。工事中のため評価の高いカフェスペースや朝食バイキングが使用不可だったのは残念でしたし、アメニティが少ない点もありましたが朝食のお弁当付きでベッドも快適で隣からの音漏れも少なく静かで娘と宿泊するのに大変コスパが良かったです。横浜にまた遊びに来たときはリピートしたいと思います。","","","機械操作でのチェックインとチェックアウトでしたが、スタッフが丁寧にサポートしてくださりスムーズでした。工事中のため評価の高いカフェスペースや朝食バイキングが使用不可だったのは残念でしたし、アメニティが少ない点もありましたが朝食のお弁当付きでベッドも快適で隣からの音漏れも少なく静かで娘と宿泊するのに大変コスパが良かったです。横浜にまた遊びに来たときはリピートしたいと思います。","","","CHIKAKO","","FALSE","Agoda","8","2026-03-15","機械操作でのチェックインとチェックアウトでしたが、スタッフが丁寧にサポートしてくださりスムーズでした。工事中のため評価の高いカフェスペースや朝食バイキングが使用不可だったのは残念でしたし、アメニティが少ない点もありましたが朝食のお弁当付きでベッドも快適で隣からの音漏れも少なく静かで娘と宿泊するのに大変コスパが良かったです。横浜にまた遊びに来たときはリピートしたいと思います。","","","機械操作でのチェックインとチェックアウトでしたが、スタッフが丁寧にサポートしてくださりスムーズでした。工事中のため評価の高いカフェスペースや朝食バイキングが使用不可だったのは残念でしたし、アメニティが少ない点もありましたが朝食のお弁当付きでベッドも快適で隣からの音漏れも少なく静かで娘と宿泊するのに大変コスパが良かったです。横浜にまた遊びに来たときはリピートしたいと思います。","","","CHIKAKO"
"","FALSE","じゃらん","2","2026-03-15","設備についてはビジネスホテルなのでガッカリすることもなく普通です、改装というのはわかっていて宿泊したので問題は感じませんでした。  ただ朝食のお弁当があの内容なら要らないからその分500円でも安くして欲しいわ。と思いました、栄養バランスも悪かった。","","","設備についてはビジネスホテルなのでガッカリすることもなく普通です、改装というのはわかっていて宿泊したので問題は感じませんでした。  ただ朝食のお弁当があの内容なら要らないからその分500円でも安くして欲しいわ。と思いました、栄養バランスも悪かった。","","","雪猫さん","","FALSE","じゃらん","2","2026-03-15","設備についてはビジネスホテルなのでガッカリすることもなく普通です、改装というのはわかっていて宿泊したので問題は感じませんでした。  ただ朝食のお弁当があの内容なら要らないからその分500円でも安くして欲しいわ。と思いました、栄養バランスも悪かった。","","","設備についてはビジネスホテルなのでガッカリすることもなく普通です、改装というのはわかっていて宿泊したので問題は感じませんでした。  ただ朝食のお弁当があの内容なら要らないからその分500円でも安くして欲しいわ。と思いました、栄養バランスも悪かった。","","","雪猫さん"
"","FALSE","Google","5","2026-03-14","","","","","","","Kouki","","FALSE","Google","5","2026-03-14","","","","","","","Kouki"
"","FALSE","Trip.com","8","2026-03-14","最低限のアメニティ(歯ブラシ、くし、シャンプーリンス)が提供されてます。女性だと、スキンケアを持ち込んだ方がおすすめです。 冷蔵庫ですが、アイスを入れても溶けないくらい冷えるのでちょっとした嬉しさがあります！ 共有スペースに電子レンジや製氷器あるので温めるのに困りませんでした。 無料の朝食付きがこのホテルの魅力的ポイントでした！ 電車に乗ってラーメン博物館もあり、観光にも便利な立地でした。","","","最低限のアメニティ(歯ブラシ、くし、シャンプーリンス)が提供されてます。女性だと、スキンケアを持ち込んだ方がおすすめです。 冷蔵庫ですが、アイスを入れても溶けないくらい冷えるのでちょっとした嬉しさがあります！ 共有スペースに電子レンジや製氷器あるので温めるのに困りませんでした。 無料の朝食付きがこのホテルの魅力的ポイントでした！ 電車に乗ってラーメン博物館もあり、観光にも便利な立地でした。","","","m‍o‍c‍h‍i‍.‍m‍o‍c‍h‍i","","FALSE","Trip.com","8","2026-03-14","最低限のアメニティ(歯ブラシ、くし、シャンプーリンス)が提供されてます。女性だと、スキンケアを持ち込んだ方がおすすめです。 冷蔵庫ですが、アイスを入れても溶けないくらい冷えるのでちょっとした嬉しさがあります！ 共有スペースに電子レンジや製氷器あるので温めるのに困りませんでした。 無料の朝食付きがこのホテルの魅力的ポイントでした！ 電車に乗ってラーメン博物館もあり、観光にも便利な立地でした。","","","最低限のアメニティ(歯ブラシ、くし、シャンプーリンス)が提供されてます。女性だと、スキンケアを持ち込んだ方がおすすめです。 冷蔵庫ですが、アイスを入れても溶けないくらい冷えるのでちょっとした嬉しさがあります！ 共有スペースに電子レンジや製氷器あるので温めるのに困りませんでした。 無料の朝食付きがこのホテルの魅力的ポイントでした！ 電車に乗ってラーメン博物館もあり、観光にも便利な立地でした。","","","m‍o‍c‍h‍i‍.‍m‍o‍c‍h‍i"
"","FALSE","楽天トラベル","2","2026-03-14","工事中だったため朝のビュッフェがないのは連絡を受けていましたが、代わりの弁当があまりにもお粗末でした。２泊目はジュースとスープのみいただきました。 また、工事の時間が18時までと長かったので、ホテルに戻らず時間を調整してみたり、使う人が多いだろうという時間にエレベーターを一基止めて作業していたり。 フロント付近にドリンクはありましたが、一泊目の日には紙コップがなくて結局飲めず。コンフォートホテルはあちこちで使っていますが、工事中のフォローがまったく足りてなくてとても残念でした。","","","工事中だったため朝のビュッフェがないのは連絡を受けていましたが、代わりの弁当があまりにもお粗末でした。２泊目はジュースとスープのみいただきました。 また、工事の時間が18時までと長かったので、ホテルに戻らず時間を調整してみたり、使う人が多いだろうという時間にエレベーターを一基止めて作業していたり。 フロント付近にドリンクはありましたが、一泊目の日には紙コップがなくて結局飲めず。コンフォートホテルはあちこちで使っていますが、工事中のフォローがまったく足りてなくてとても残念でした。","","","不明","","FALSE","楽天トラベル","2","2026-03-14","工事中だったため朝のビュッフェがないのは連絡を受けていましたが、代わりの弁当があまりにもお粗末でした。２泊目はジュースとスープのみいただきました。 また、工事の時間が18時までと長かったので、ホテルに戻らず時間を調整してみたり、使う人が多いだろうという時間にエレベーターを一基止めて作業していたり。 フロント付近にドリンクはありましたが、一泊目の日には紙コップがなくて結局飲めず。コンフォートホテルはあちこちで使っていますが、工事中のフォローがまったく足りてなくてとても残念でした。","","","工事中だったため朝のビュッフェがないのは連絡を受けていましたが、代わりの弁当があまりにもお粗末でした。２泊目はジュースとスープのみいただきました。 また、工事の時間が18時までと長かったので、ホテルに戻らず時間を調整してみたり、使う人が多いだろうという時間にエレベーターを一基止めて作業していたり。 フロント付近にドリンクはありましたが、一泊目の日には紙コップがなくて結局飲めず。コンフォートホテルはあちこちで使っていますが、工事中のフォローがまったく足りてなくてとても残念でした。","","","不明"
"","FALSE","じゃらん","2","2026-03-14","今回横浜旅行で1泊させてもらいました。  朝食がおいしいとの口コミがありましたのでこちらにしましたが、自分の見落としにより今は改装中のため、ビュッフェがないことを見落としてしまいました。。。  今はフロントで朝、軽食のお弁当が配られます。  子供がビュッフェを楽しみにしていたのでとても悲しかったです。。。  またウェルカムドリンクのコーヒーも楽しみにしていたのですが、現在はそういったサービスも無しとの事なので非常に残念でした。  せめて部屋に粉末スティックタイプでもいいのでコーヒーや紅茶等おいておいてくれるとありがたかったのですが。。。  スティックのお茶が二つありました。  部屋着（バスローブ）はエレベーター前にあるのでそれを取って行くスタイルです。  部屋は清潔感があります。  スタッフも親切です。  お世話になりました。","","","今回横浜旅行で1泊させてもらいました。  朝食がおいしいとの口コミがありましたのでこちらにしましたが、自分の見落としにより今は改装中のため、ビュッフェがないことを見落としてしまいました。。。  今はフロントで朝、軽食のお弁当が配られます。  子供がビュッフェを楽しみにしていたのでとても悲しかったです。。。  またウェルカムドリンクのコーヒーも楽しみにしていたのですが、現在はそういったサービスも無しとの事なので非常に残念でした。  せめて部屋に粉末スティックタイプでもいいのでコーヒーや紅茶等おいておいてくれるとありがたかったのですが。。。  スティックのお茶が二つありました。  部屋着（バスローブ）はエレベーター前にあるのでそれを取って行くスタイルです。  部屋は清潔感があります。  スタッフも親切です。  お世話になりました。","","","マサルさん","","FALSE","じゃらん","2","2026-03-14","今回横浜旅行で1泊させてもらいました。  朝食がおいしいとの口コミがありましたのでこちらにしましたが、自分の見落としにより今は改装中のため、ビュッフェがないことを見落としてしまいました。。。  今はフロントで朝、軽食のお弁当が配られます。  子供がビュッフェを楽しみにしていたのでとても悲しかったです。。。  またウェルカムドリンクのコーヒーも楽しみにしていたのですが、現在はそういったサービスも無しとの事なので非常に残念でした。  せめて部屋に粉末スティックタイプでもいいのでコーヒーや紅茶等おいておいてくれるとありがたかったのですが。。。  スティックのお茶が二つありました。  部屋着（バスローブ）はエレベーター前にあるのでそれを取って行くスタイルです。  部屋は清潔感があります。  スタッフも親切です。  お世話になりました。","","","今回横浜旅行で1泊させてもらいました。  朝食がおいしいとの口コミがありましたのでこちらにしましたが、自分の見落としにより今は改装中のため、ビュッフェがないことを見落としてしまいました。。。  今はフロントで朝、軽食のお弁当が配られます。  子供がビュッフェを楽しみにしていたのでとても悲しかったです。。。  またウェルカムドリンクのコーヒーも楽しみにしていたのですが、現在はそういったサービスも無しとの事なので非常に残念でした。  せめて部屋に粉末スティックタイプでもいいのでコーヒーや紅茶等おいておいてくれるとありがたかったのですが。。。  スティックのお茶が二つありました。  部屋着（バスローブ）はエレベーター前にあるのでそれを取って行くスタイルです。  部屋は清潔感があります。  スタッフも親切です。  お世話になりました。","","","マサルさん"
"","FALSE","Google","3","2026-03-13","","","","","","","カーミーKa-mmy","","FALSE","Google","3","2026-03-13","","","","","","","カーミーKa-mmy"
"","FALSE","Google","2","2026-03-13","注意！現在改装工事の為迄『朝食バイキング・ウェルカムドリンク』なし！！ 予約時は、特に口コミにそのような情報はなく、外装工事入るとは知らなかったので、予約してしまいましたが、朝食はおにぎりと少しおかずの入ったお弁当が配布されます。ビュッフェとコーヒーなどのドリンクが楽しみだったので非常に残念に思いました。","","","注意！現在改装工事の為迄『朝食バイキング・ウェルカムドリンク』なし！！ 予約時は、特に口コミにそのような情報はなく、外装工事入るとは知らなかったので、予約してしまいましたが、朝食はおにぎりと少しおかずの入ったお弁当が配布されます。ビュッフェとコーヒーなどのドリンクが楽しみだったので非常に残念に思いました。","","","ハウスコネクト","","FALSE","Google","2","2026-03-13","注意！現在改装工事の為迄『朝食バイキング・ウェルカムドリンク』なし！！ 予約時は、特に口コミにそのような情報はなく、外装工事入るとは知らなかったので、予約してしまいましたが、朝食はおにぎりと少しおかずの入ったお弁当が配布されます。ビュッフェとコーヒーなどのドリンクが楽しみだったので非常に残念に思いました。","","","注意！現在改装工事の為迄『朝食バイキング・ウェルカムドリンク』なし！！ 予約時は、特に口コミにそのような情報はなく、外装工事入るとは知らなかったので、予約してしまいましたが、朝食はおにぎりと少しおかずの入ったお弁当が配布されます。ビュッフェとコーヒーなどのドリンクが楽しみだったので非常に残念に思いました。","","","ハウスコネクト"
"","FALSE","Trip.com","5","2026-03-13","自助早餐都撤了，變成盒飯飯糰。在裝修，局部像工地一樣。這些訊息訂房頁面毫無提及。 優點：衞生可以，房間寬敞。 缺點：白燈光昏暗，洗護辣雞，和東橫一樣辣雞。","","","ビュッフェスタイルの朝食は廃止され、代わりに弁当とおにぎりが提供されるようになりました。改装工事中で、一部は工事現場のようです。この情報は予約ページには記載されていません。良い点：清潔さは許容範囲内、部屋は広々としています。悪い点：照明が暗く、アメニティがひどい。東横インと全く同じです。","","","匿‍名‍ユ‍ー‍ザ‍ー","","FALSE","Trip.com","5","2026-03-13","自助早餐都撤了，變成盒飯飯糰。在裝修，局部像工地一樣。這些訊息訂房頁面毫無提及。 優點：衞生可以，房間寬敞。 缺點：白燈光昏暗，洗護辣雞，和東橫一樣辣雞。","","","ビュッフェスタイルの朝食は廃止され、代わりに弁当とおにぎりが提供されるようになりました。改装工事中で、一部は工事現場のようです。この情報は予約ページには記載されていません。良い点：清潔さは許容範囲内、部屋は広々としています。悪い点：照明が暗く、アメニティがひどい。東横インと全く同じです。","","","匿‍名‍ユ‍ー‍ザ‍ー"
"","FALSE","Trip.com","7","2026-03-13","このホテルの最大の魅力はライブラリーカフェーにありますが、今回はカフェーの工事のため使えなくて残念でした。朝食サービスはおにぎりと、健康に悪いフライ（プラスジュースとスープ）だったので、がっかりでした。野菜スティックとか焼き魚にでもしてくださればよかったのに。ベッドは快適でした。","","","このホテルの最大の魅力はライブラリーカフェーにありますが、今回はカフェーの工事のため使えなくて残念でした。朝食サービスはおにぎりと、健康に悪いフライ（プラスジュースとスープ）だったので、がっかりでした。野菜スティックとか焼き魚にでもしてくださればよかったのに。ベッドは快適でした。","","","ゲ‍ス‍ト","","FALSE","Trip.com","7","2026-03-13","このホテルの最大の魅力はライブラリーカフェーにありますが、今回はカフェーの工事のため使えなくて残念でした。朝食サービスはおにぎりと、健康に悪いフライ（プラスジュースとスープ）だったので、がっかりでした。野菜スティックとか焼き魚にでもしてくださればよかったのに。ベッドは快適でした。","","","このホテルの最大の魅力はライブラリーカフェーにありますが、今回はカフェーの工事のため使えなくて残念でした。朝食サービスはおにぎりと、健康に悪いフライ（プラスジュースとスープ）だったので、がっかりでした。野菜スティックとか焼き魚にでもしてくださればよかったのに。ベッドは快適でした。","","","ゲ‍ス‍ト"
"","FALSE","楽天トラベル","5","2026-03-13","駅からとても近くて、歩いていろいろなところにいける良いホテルだと。","","","駅からとても近くて、歩いていろいろなところにいける良いホテルだと。","","","いいまりさん","","FALSE","楽天トラベル","5","2026-03-13","駅からとても近くて、歩いていろいろなところにいける良いホテルだと。","","","駅からとても近くて、歩いていろいろなところにいける良いホテルだと。","","","いいまりさん"
"","FALSE","Booking.com","3","2026-03-13","","","","","","","杉浦","","FALSE","Booking.com","3","2026-03-13","","","","","","","杉浦"
"","FALSE","Google","4","2026-03-13","","","","","","","takafumi oohara","","FALSE","Google","4","2026-03-13","","","","","","","takafumi oohara"
"","FALSE","楽天トラベル","2","2026-03-12","朝食はだいぶ寂しい感じです。 チェックイン日からコーヒー等が飲み放題なのはうれしいです。 他のお客さんが部屋を開けながら喋っていたのかわからないですがずっとうるさかったです。 部屋は一般的なビジネスホテルという感じです。","","","朝食はだいぶ寂しい感じです。 チェックイン日からコーヒー等が飲み放題なのはうれしいです。 他のお客さんが部屋を開けながら喋っていたのかわからないですがずっとうるさかったです。 部屋は一般的なビジネスホテルという感じです。","","","かずや9176","","FALSE","楽天トラベル","2","2026-03-12","朝食はだいぶ寂しい感じです。 チェックイン日からコーヒー等が飲み放題なのはうれしいです。 他のお客さんが部屋を開けながら喋っていたのかわからないですがずっとうるさかったです。 部屋は一般的なビジネスホテルという感じです。","","","朝食はだいぶ寂しい感じです。 チェックイン日からコーヒー等が飲み放題なのはうれしいです。 他のお客さんが部屋を開けながら喋っていたのかわからないですがずっとうるさかったです。 部屋は一般的なビジネスホテルという感じです。","","","かずや9176"
"","FALSE","楽天トラベル","4","2026-03-12","朝食のバイキングがなく、軽食に変更されてたのが残念でした。チェクイン、チェックアウトの際、丁寧な対応で非常に助かりました。","","","朝食のバイキングがなく、軽食に変更されてたのが残念でした。チェクイン、チェックアウトの際、丁寧な対応で非常に助かりました。","","","JassMerry","","FALSE","楽天トラベル","4","2026-03-12","朝食のバイキングがなく、軽食に変更されてたのが残念でした。チェクイン、チェックアウトの際、丁寧な対応で非常に助かりました。","","","朝食のバイキングがなく、軽食に変更されてたのが残念でした。チェクイン、チェックアウトの際、丁寧な対応で非常に助かりました。","","","JassMerry"
"","FALSE","Agoda","8","2026-03-12","工事中でしたがなんの問題もなく、過ごせました 清掃なしのプランですが、タオルは交換してもらえましたし、備品も追加してもらえました 中華街から歩ける距離なのでよかったです","","","工事中でしたがなんの問題もなく、過ごせました 清掃なしのプランですが、タオルは交換してもらえましたし、備品も追加してもらえました 中華街から歩ける距離なのでよかったです","","","Machiko","","FALSE","Agoda","8","2026-03-12","工事中でしたがなんの問題もなく、過ごせました 清掃なしのプランですが、タオルは交換してもらえましたし、備品も追加してもらえました 中華街から歩ける距離なのでよかったです","","","工事中でしたがなんの問題もなく、過ごせました 清掃なしのプランですが、タオルは交換してもらえましたし、備品も追加してもらえました 中華街から歩ける距離なのでよかったです","","","Machiko"
"","FALSE","Trip.com","10","2026-03-11","レストランの改装中にあたってしまい残念でしたが、お弁当の朝食サービスもあり立地と価格を考えるとかなりお得だったと思います。","","","レストランの改装中にあたってしまい残念でしたが、お弁当の朝食サービスもあり立地と価格を考えるとかなりお得だったと思います。","","","m‍o‍m‍o‍m‍o‍m‍o‍s‍u‍m‍o‍m‍o","","FALSE","Trip.com","10","2026-03-11","レストランの改装中にあたってしまい残念でしたが、お弁当の朝食サービスもあり立地と価格を考えるとかなりお得だったと思います。","","","レストランの改装中にあたってしまい残念でしたが、お弁当の朝食サービスもあり立地と価格を考えるとかなりお得だったと思います。","","","m‍o‍m‍o‍m‍o‍m‍o‍s‍u‍m‍o‍m‍o"
"","FALSE","楽天トラベル","5","2026-03-11","朝食に2種類スムージーがあったのがよかったです。","","","朝食に2種類スムージーがあったのがよかったです。","","","２８９６st","","FALSE","楽天トラベル","5","2026-03-11","朝食に2種類スムージーがあったのがよかったです。","","","朝食に2種類スムージーがあったのがよかったです。","","","２８９６st"
"","FALSE","楽天トラベル","3","2026-03-11","今回も早めの予約で朝食を楽しみにしていたのですが、タイミング悪く突然の改装でお弁当を部屋で食べると言うスタイルでした。お値段的には仕方ないかもですが、やはり通常のブュッフェには及ばす、 とても残念でした。","","","今回も早めの予約で朝食を楽しみにしていたのですが、タイミング悪く突然の改装でお弁当を部屋で食べると言うスタイルでした。お値段的には仕方ないかもですが、やはり通常のブュッフェには及ばす、 とても残念でした。","","","いーちゃん6047","","FALSE","楽天トラベル","3","2026-03-11","今回も早めの予約で朝食を楽しみにしていたのですが、タイミング悪く突然の改装でお弁当を部屋で食べると言うスタイルでした。お値段的には仕方ないかもですが、やはり通常のブュッフェには及ばす、 とても残念でした。","","","今回も早めの予約で朝食を楽しみにしていたのですが、タイミング悪く突然の改装でお弁当を部屋で食べると言うスタイルでした。お値段的には仕方ないかもですが、やはり通常のブュッフェには及ばす、 とても残念でした。","","","いーちゃん6047"
"","FALSE","Trip.com","6","2026-03-10","施設が工事中だったので、朝食がお弁当だった。 毎日、おかずが変わるお弁当で良かった。","","","施設が工事中だったので、朝食がお弁当だった。 毎日、おかずが変わるお弁当で良かった。","","","ゲ‍ス‍ト","","FALSE","Trip.com","6","2026-03-10","施設が工事中だったので、朝食がお弁当だった。 毎日、おかずが変わるお弁当で良かった。","","","施設が工事中だったので、朝食がお弁当だった。 毎日、おかずが変わるお弁当で良かった。","","","ゲ‍ス‍ト"
"","FALSE","Google","4","2026-03-10","関内駅に近く、朝食付きで、ある程度のきれいさに評価のあるホテルの中で探しました。 選んだプランの子連れ料金(小学生以下添い寝無料)が決めてとなりました。 あいにく改装期間で朝食バイキングはお休みとなっていましたが、朝ごはんに給食を提供してください、アットホームというか、親切に対応いただいたと思います。コスパはよく、部屋に冷蔵庫もあって良かったです。 チェックアウトタイミングに上階からのエレベーターが満員で全然乗れなくて、非常階段から降りましたが、それだけは困りました。タイミングですかね。 子連れで添い寝無料はとても助かるので、朝食レストランが復活したらまた利用したいと思います。","","","関内駅に近く、朝食付きで、ある程度のきれいさに評価のあるホテルの中で探しました。 選んだプランの子連れ料金(小学生以下添い寝無料)が決めてとなりました。 あいにく改装期間で朝食バイキングはお休みとなっていましたが、朝ごはんに給食を提供してください、アットホームというか、親切に対応いただいたと思います。コスパはよく、部屋に冷蔵庫もあって良かったです。 チェックアウトタイミングに上階からのエレベーターが満員で全然乗れなくて、非常階段から降りましたが、それだけは困りました。タイミングですかね。 子連れで添い寝無料はとても助かるので、朝食レストランが復活したらまた利用したいと思います。","","","田村ワイフ","","FALSE","Google","4","2026-03-10","関内駅に近く、朝食付きで、ある程度のきれいさに評価のあるホテルの中で探しました。 選んだプランの子連れ料金(小学生以下添い寝無料)が決めてとなりました。 あいにく改装期間で朝食バイキングはお休みとなっていましたが、朝ごはんに給食を提供してください、アットホームというか、親切に対応いただいたと思います。コスパはよく、部屋に冷蔵庫もあって良かったです。 チェックアウトタイミングに上階からのエレベーターが満員で全然乗れなくて、非常階段から降りましたが、それだけは困りました。タイミングですかね。 子連れで添い寝無料はとても助かるので、朝食レストランが復活したらまた利用したいと思います。","","","関内駅に近く、朝食付きで、ある程度のきれいさに評価のあるホテルの中で探しました。 選んだプランの子連れ料金(小学生以下添い寝無料)が決めてとなりました。 あいにく改装期間で朝食バイキングはお休みとなっていましたが、朝ごはんに給食を提供してください、アットホームというか、親切に対応いただいたと思います。コスパはよく、部屋に冷蔵庫もあって良かったです。 チェックアウトタイミングに上階からのエレベーターが満員で全然乗れなくて、非常階段から降りましたが、それだけは困りました。タイミングですかね。 子連れで添い寝無料はとても助かるので、朝食レストランが復活したらまた利用したいと思います。","","","田村ワイフ"
"","FALSE","Agoda","8","2026-03-10","グッド","","","グッド","","","くにお","","FALSE","Agoda","8","2026-03-10","グッド","","","グッド","","","くにお"
"","FALSE","Agoda","8","2026-03-10","部屋は清潔だし、コンパクトで使いやすい。朝食付きだが、場所が狭いのでかなり混みます。","","","部屋は清潔だし、コンパクトで使いやすい。朝食付きだが、場所が狭いのでかなり混みます。","","","h","","FALSE","Agoda","8","2026-03-10","部屋は清潔だし、コンパクトで使いやすい。朝食付きだが、場所が狭いのでかなり混みます。","","","部屋は清潔だし、コンパクトで使いやすい。朝食付きだが、場所が狭いのでかなり混みます。","","","h"
"","FALSE","じゃらん","2","2026-03-10","気づいていなかった自分自身の落ち度ではありますが、ちょうど、朝食会場改装に当たってしまい、楽しみにしていた朝食が、ごく簡素なお弁当になって、残念な思いをしました(無料朝食なので文句も言えません)。あわせて、朝にコーヒーすらホテルでいただけず、コンビニに行かなければならなかったことが良い思い出になりませんでした。スタッフの皆さんはけっして感じ悪くなかったです。周りに飲食店も多く、地下鉄駅からも近く、便利な立地ではあると思います。アメニティはごくシンプルで、ブラシはなくクシだったのが珍しかったです。","","","気づいていなかった自分自身の落ち度ではありますが、ちょうど、朝食会場改装に当たってしまい、楽しみにしていた朝食が、ごく簡素なお弁当になって、残念な思いをしました(無料朝食なので文句も言えません)。あわせて、朝にコーヒーすらホテルでいただけず、コンビニに行かなければならなかったことが良い思い出になりませんでした。スタッフの皆さんはけっして感じ悪くなかったです。周りに飲食店も多く、地下鉄駅からも近く、便利な立地ではあると思います。アメニティはごくシンプルで、ブラシはなくクシだったのが珍しかったです。","","","そらさん","","FALSE","じゃらん","2","2026-03-10","気づいていなかった自分自身の落ち度ではありますが、ちょうど、朝食会場改装に当たってしまい、楽しみにしていた朝食が、ごく簡素なお弁当になって、残念な思いをしました(無料朝食なので文句も言えません)。あわせて、朝にコーヒーすらホテルでいただけず、コンビニに行かなければならなかったことが良い思い出になりませんでした。スタッフの皆さんはけっして感じ悪くなかったです。周りに飲食店も多く、地下鉄駅からも近く、便利な立地ではあると思います。アメニティはごくシンプルで、ブラシはなくクシだったのが珍しかったです。","","","気づいていなかった自分自身の落ち度ではありますが、ちょうど、朝食会場改装に当たってしまい、楽しみにしていた朝食が、ごく簡素なお弁当になって、残念な思いをしました(無料朝食なので文句も言えません)。あわせて、朝にコーヒーすらホテルでいただけず、コンビニに行かなければならなかったことが良い思い出になりませんでした。スタッフの皆さんはけっして感じ悪くなかったです。周りに飲食店も多く、地下鉄駅からも近く、便利な立地ではあると思います。アメニティはごくシンプルで、ブラシはなくクシだったのが珍しかったです。","","","そらさん"
"","FALSE","Booking.com","8","2026-03-10","","清潔感ありました","","","清潔感ありました","","Takayasu","","FALSE","Booking.com","8","2026-03-10","","清潔感ありました","","","清潔感ありました","","Takayasu"
"","FALSE","Agoda","5","2026-03-09","工事中だったため、ラウンジは使えず、朝食も簡素な弁当だけだった。ただし、ロケーションは良く、駅近だし、中華街にも歩いていけた。土日にも関わらず格安だったので文句は言えないが、工事の埋め合わせが欲しかった。","","","工事中だったため、ラウンジは使えず、朝食も簡素な弁当だけだった。ただし、ロケーションは良く、駅近だし、中華街にも歩いていけた。土日にも関わらず格安だったので文句は言えないが、工事の埋め合わせが欲しかった。","","","naotaka","","FALSE","Agoda","5","2026-03-09","工事中だったため、ラウンジは使えず、朝食も簡素な弁当だけだった。ただし、ロケーションは良く、駅近だし、中華街にも歩いていけた。土日にも関わらず格安だったので文句は言えないが、工事の埋め合わせが欲しかった。","","","工事中だったため、ラウンジは使えず、朝食も簡素な弁当だけだった。ただし、ロケーションは良く、駅近だし、中華街にも歩いていけた。土日にも関わらず格安だったので文句は言えないが、工事の埋め合わせが欲しかった。","","","naotaka"
"","FALSE","Agoda","8","2026-03-09","連泊しましたが快適に過ごせました。","","","連泊しましたが快適に過ごせました。","","","MIWAKO","","FALSE","Agoda","8","2026-03-09","連泊しましたが快適に過ごせました。","","","連泊しましたが快適に過ごせました。","","","MIWAKO"
"","FALSE","楽天トラベル","4","2026-03-09","4泊しました。部屋は毎日綺麗に整えられており、とても快適に過ごせました。 4泊だったため、部屋から外が見える道路に面した部屋を希望しました。希望に沿った部屋を用意していただき、毎日疲れ果てていましたが、おかげでリラックスして朝晩を過ごすことができました。 朝食は1日目のみ、ビュフェスタイルで、以降は食事会場が、工事のため、お弁当の配布でした。事前に知らせておらず、チェックイン時に知りました。お弁当はご飯がかたく、揚げ物ばかりで野菜がなく、最終日は食べませんでした。もう少しバランスの取れた内容だったら、よかったです。そこだけはとても残念でした。","","","4泊しました。部屋は毎日綺麗に整えられており、とても快適に過ごせました。 4泊だったため、部屋から外が見える道路に面した部屋を希望しました。希望に沿った部屋を用意していただき、毎日疲れ果てていましたが、おかげでリラックスして朝晩を過ごすことができました。 朝食は1日目のみ、ビュフェスタイルで、以降は食事会場が、工事のため、お弁当の配布でした。事前に知らせておらず、チェックイン時に知りました。お弁当はご飯がかたく、揚げ物ばかりで野菜がなく、最終日は食べませんでした。もう少しバランスの取れた内容だったら、よかったです。そこだけはとても残念でした。","","","まる丸まる","","FALSE","楽天トラベル","4","2026-03-09","4泊しました。部屋は毎日綺麗に整えられており、とても快適に過ごせました。 4泊だったため、部屋から外が見える道路に面した部屋を希望しました。希望に沿った部屋を用意していただき、毎日疲れ果てていましたが、おかげでリラックスして朝晩を過ごすことができました。 朝食は1日目のみ、ビュフェスタイルで、以降は食事会場が、工事のため、お弁当の配布でした。事前に知らせておらず、チェックイン時に知りました。お弁当はご飯がかたく、揚げ物ばかりで野菜がなく、最終日は食べませんでした。もう少しバランスの取れた内容だったら、よかったです。そこだけはとても残念でした。","","","4泊しました。部屋は毎日綺麗に整えられており、とても快適に過ごせました。 4泊だったため、部屋から外が見える道路に面した部屋を希望しました。希望に沿った部屋を用意していただき、毎日疲れ果てていましたが、おかげでリラックスして朝晩を過ごすことができました。 朝食は1日目のみ、ビュフェスタイルで、以降は食事会場が、工事のため、お弁当の配布でした。事前に知らせておらず、チェックイン時に知りました。お弁当はご飯がかたく、揚げ物ばかりで野菜がなく、最終日は食べませんでした。もう少しバランスの取れた内容だったら、よかったです。そこだけはとても残念でした。","","","まる丸まる"
"","FALSE","Booking.com","10","2026-03-09","","中華街、みなとみらい、野毛すべてが徒歩10分程度でアクセスが良い。  平日価格ではあるが、１泊朝食付で一人5000円程度で宿泊でき、コスト的にも満足。  朝食で提供される料理の種類は多くはないが、和食洋食が提供されており宿泊代を考えると十分だと感じている。  有料かつ台数制限ではあるが駐車場も用意されており、車での出張・観光に適している。","","","中華街、みなとみらい、野毛すべてが徒歩10分程度でアクセスが良い。  平日価格ではあるが、１泊朝食付で一人5000円程度で宿泊でき、コスト的にも満足。  朝食で提供される料理の種類は多くはないが、和食洋食が提供されており宿泊代を考えると十分だと感じている。  有料かつ台数制限ではあるが駐車場も用意されており、車での出張・観光に適している。","","Isaji","","FALSE","Booking.com","10","2026-03-09","","中華街、みなとみらい、野毛すべてが徒歩10分程度でアクセスが良い。  平日価格ではあるが、１泊朝食付で一人5000円程度で宿泊でき、コスト的にも満足。  朝食で提供される料理の種類は多くはないが、和食洋食が提供されており宿泊代を考えると十分だと感じている。  有料かつ台数制限ではあるが駐車場も用意されており、車での出張・観光に適している。","","","中華街、みなとみらい、野毛すべてが徒歩10分程度でアクセスが良い。  平日価格ではあるが、１泊朝食付で一人5000円程度で宿泊でき、コスト的にも満足。  朝食で提供される料理の種類は多くはないが、和食洋食が提供されており宿泊代を考えると十分だと感じている。  有料かつ台数制限ではあるが駐車場も用意されており、車での出張・観光に適している。","","Isaji"
"","FALSE","楽天トラベル","1","2026-03-09","「◆朝食ビュッフェが無料◆スムージーや期間限定メニュー◆」というプラン名に惹かれ、予約してしまったのですが、実際は工事のためカフェは一切使えず、朝食は簡易的なお弁当を提供するということをチェックイン時に知りました。 よくよく確認すると、予約時の完了メールの下の方、キャンセルポリシーに紛れて、カフェのことも記載されており、完全に見落としていました。 個人的には朝、ゆっくりコーヒーを飲める、という点を重視していたので、かなり残念な宿泊になりました。しかも、普段は朝食のテイクアウト対応をされているかと思いますが、お弁当は持ち出し不可です。 清潔にされていますが、部屋や建物自体の防音性がかなり低く廊下や外の音が届いてしまいます。また、特に浴槽はかなり狭く、アメニティも最低限でした。仕事の関係で泊まりが多くランドリーを利用しましたが、電子マネーに対応しておらず、他のホテルに比べて料金も高めだったのも気になりました。客室数に対し、エレベーターは狭く、混雑が生じるのも地味にストレスです。 宿泊需要が低い日だったのか、全体的にどこも宿泊費が安めで、他にも選択肢がたくさんあった中、カフェにつられて予約をしてしまい本当に後悔しています。この内容だったら値段に関わらず選択したいと思う要素がありません。 確認不足は完全に自己責任ですが、カフェが使えないのは突発的な理由ではなく、相当のデメリットなので、訳ありプラン等として明示すべき内容だと思います。","","","「◆朝食ビュッフェが無料◆スムージーや期間限定メニュー◆」というプラン名に惹かれ、予約してしまったのですが、実際は工事のためカフェは一切使えず、朝食は簡易的なお弁当を提供するということをチェックイン時に知りました。 よくよく確認すると、予約時の完了メールの下の方、キャンセルポリシーに紛れて、カフェのことも記載されており、完全に見落としていました。 個人的には朝、ゆっくりコーヒーを飲める、という点を重視していたので、かなり残念な宿泊になりました。しかも、普段は朝食のテイクアウト対応をされているかと思いますが、お弁当は持ち出し不可です。 清潔にされていますが、部屋や建物自体の防音性がかなり低く廊下や外の音が届いてしまいます。また、特に浴槽はかなり狭く、アメニティも最低限でした。仕事の関係で泊まりが多くランドリーを利用しましたが、電子マネーに対応しておらず、他のホテルに比べて料金も高めだったのも気になりました。客室数に対し、エレベーターは狭く、混雑が生じるのも地味にストレスです。 宿泊需要が低い日だったのか、全体的にどこも宿泊費が安めで、他にも選択肢がたくさんあった中、カフェにつられて予約をしてしまい本当に後悔しています。この内容だったら値段に関わらず選択したいと思う要素がありません。 確認不足は完全に自己責任ですが、カフェが使えないのは突発的な理由ではなく、相当のデメリットなので、訳ありプラン等として明示すべき内容だと思います。","","","てりぴこ777","","FALSE","楽天トラベル","1","2026-03-09","「◆朝食ビュッフェが無料◆スムージーや期間限定メニュー◆」というプラン名に惹かれ、予約してしまったのですが、実際は工事のためカフェは一切使えず、朝食は簡易的なお弁当を提供するということをチェックイン時に知りました。 よくよく確認すると、予約時の完了メールの下の方、キャンセルポリシーに紛れて、カフェのことも記載されており、完全に見落としていました。 個人的には朝、ゆっくりコーヒーを飲める、という点を重視していたので、かなり残念な宿泊になりました。しかも、普段は朝食のテイクアウト対応をされているかと思いますが、お弁当は持ち出し不可です。 清潔にされていますが、部屋や建物自体の防音性がかなり低く廊下や外の音が届いてしまいます。また、特に浴槽はかなり狭く、アメニティも最低限でした。仕事の関係で泊まりが多くランドリーを利用しましたが、電子マネーに対応しておらず、他のホテルに比べて料金も高めだったのも気になりました。客室数に対し、エレベーターは狭く、混雑が生じるのも地味にストレスです。 宿泊需要が低い日だったのか、全体的にどこも宿泊費が安めで、他にも選択肢がたくさんあった中、カフェにつられて予約をしてしまい本当に後悔しています。この内容だったら値段に関わらず選択したいと思う要素がありません。 確認不足は完全に自己責任ですが、カフェが使えないのは突発的な理由ではなく、相当のデメリットなので、訳ありプラン等として明示すべき内容だと思います。","","","「◆朝食ビュッフェが無料◆スムージーや期間限定メニュー◆」というプラン名に惹かれ、予約してしまったのですが、実際は工事のためカフェは一切使えず、朝食は簡易的なお弁当を提供するということをチェックイン時に知りました。 よくよく確認すると、予約時の完了メールの下の方、キャンセルポリシーに紛れて、カフェのことも記載されており、完全に見落としていました。 個人的には朝、ゆっくりコーヒーを飲める、という点を重視していたので、かなり残念な宿泊になりました。しかも、普段は朝食のテイクアウト対応をされているかと思いますが、お弁当は持ち出し不可です。 清潔にされていますが、部屋や建物自体の防音性がかなり低く廊下や外の音が届いてしまいます。また、特に浴槽はかなり狭く、アメニティも最低限でした。仕事の関係で泊まりが多くランドリーを利用しましたが、電子マネーに対応しておらず、他のホテルに比べて料金も高めだったのも気になりました。客室数に対し、エレベーターは狭く、混雑が生じるのも地味にストレスです。 宿泊需要が低い日だったのか、全体的にどこも宿泊費が安めで、他にも選択肢がたくさんあった中、カフェにつられて予約をしてしまい本当に後悔しています。この内容だったら値段に関わらず選択したいと思う要素がありません。 確認不足は完全に自己責任ですが、カフェが使えないのは突発的な理由ではなく、相当のデメリットなので、訳ありプラン等として明示すべき内容だと思います。","","","てりぴこ777"
"","FALSE","じゃらん","4","2026-03-09","ベッドが広く、事前にくっつけてもらったので、小さな子どもと一緒でも安心でした！  タオル類もあらかじめ用意してもらえて、朝食も無料。中華街にも歩ける距離で、凄く良い旅行になりました。","","","ベッドが広く、事前にくっつけてもらったので、小さな子どもと一緒でも安心でした！  タオル類もあらかじめ用意してもらえて、朝食も無料。中華街にも歩ける距離で、凄く良い旅行になりました。","","","ひろさん","","FALSE","じゃらん","4","2026-03-09","ベッドが広く、事前にくっつけてもらったので、小さな子どもと一緒でも安心でした！  タオル類もあらかじめ用意してもらえて、朝食も無料。中華街にも歩ける距離で、凄く良い旅行になりました。","","","ベッドが広く、事前にくっつけてもらったので、小さな子どもと一緒でも安心でした！  タオル類もあらかじめ用意してもらえて、朝食も無料。中華街にも歩ける距離で、凄く良い旅行になりました。","","","ひろさん"
"","FALSE","じゃらん","4","2026-03-09","みなとみらい線馬車道駅から近い此方のホテルに、14時チェックインのプランを見つけて予約。ブックカフェと朝食ビュッフェも楽しみにしていました。予約からしばらくして、ホテルからのお知らせメールが…改装工事に入るためビュッフェではなく軽食のお弁当になるとのこと。残念でしたが、チェックイン当日はブックカフェが利用できるようなので、そちらに期待することに。午前中に荷物を預けて用事を済ませ、チェックインまでカフェを利用させてもらいました。ウェルカムドリンクがいろいろ選べて、居心地◎。部屋はエレベーターと離れていたからか、さほど音は気にならず、ゆっくりできました。お弁当形式の軽食については期待していなかったとはいえ、さすがに残念だったかも。機会があれば次回、評判の朝食ビュッフェを堪能したいです。お世話になりました。","","","みなとみらい線馬車道駅から近い此方のホテルに、14時チェックインのプランを見つけて予約。ブックカフェと朝食ビュッフェも楽しみにしていました。予約からしばらくして、ホテルからのお知らせメールが…改装工事に入るためビュッフェではなく軽食のお弁当になるとのこと。残念でしたが、チェックイン当日はブックカフェが利用できるようなので、そちらに期待することに。午前中に荷物を預けて用事を済ませ、チェックインまでカフェを利用させてもらいました。ウェルカムドリンクがいろいろ選べて、居心地◎。部屋はエレベーターと離れていたからか、さほど音は気にならず、ゆっくりできました。お弁当形式の軽食については期待していなかったとはいえ、さすがに残念だったかも。機会があれば次回、評判の朝食ビュッフェを堪能したいです。お世話になりました。","","","み。さん","","FALSE","じゃらん","4","2026-03-09","みなとみらい線馬車道駅から近い此方のホテルに、14時チェックインのプランを見つけて予約。ブックカフェと朝食ビュッフェも楽しみにしていました。予約からしばらくして、ホテルからのお知らせメールが…改装工事に入るためビュッフェではなく軽食のお弁当になるとのこと。残念でしたが、チェックイン当日はブックカフェが利用できるようなので、そちらに期待することに。午前中に荷物を預けて用事を済ませ、チェックインまでカフェを利用させてもらいました。ウェルカムドリンクがいろいろ選べて、居心地◎。部屋はエレベーターと離れていたからか、さほど音は気にならず、ゆっくりできました。お弁当形式の軽食については期待していなかったとはいえ、さすがに残念だったかも。機会があれば次回、評判の朝食ビュッフェを堪能したいです。お世話になりました。","","","みなとみらい線馬車道駅から近い此方のホテルに、14時チェックインのプランを見つけて予約。ブックカフェと朝食ビュッフェも楽しみにしていました。予約からしばらくして、ホテルからのお知らせメールが…改装工事に入るためビュッフェではなく軽食のお弁当になるとのこと。残念でしたが、チェックイン当日はブックカフェが利用できるようなので、そちらに期待することに。午前中に荷物を預けて用事を済ませ、チェックインまでカフェを利用させてもらいました。ウェルカムドリンクがいろいろ選べて、居心地◎。部屋はエレベーターと離れていたからか、さほど音は気にならず、ゆっくりできました。お弁当形式の軽食については期待していなかったとはいえ、さすがに残念だったかも。機会があれば次回、評判の朝食ビュッフェを堪能したいです。お世話になりました。","","","み。さん"
"","FALSE","じゃらん","4","2026-03-09","ベッドが広く、事前にくっつけてもらったので、小さな子どもと一緒でも安心でした！  タオル類もあらかじめ用意してもらえて、朝食も無料。中華街にも歩ける距離で、凄く良い旅行になりました。","","","ベッドが広く、事前にくっつけてもらったので、小さな子どもと一緒でも安心でした！  タオル類もあらかじめ用意してもらえて、朝食も無料。中華街にも歩ける距離で、凄く良い旅行になりました。","","","不明","","FALSE","じゃらん","4","2026-03-09","ベッドが広く、事前にくっつけてもらったので、小さな子どもと一緒でも安心でした！  タオル類もあらかじめ用意してもらえて、朝食も無料。中華街にも歩ける距離で、凄く良い旅行になりました。","","","ベッドが広く、事前にくっつけてもらったので、小さな子どもと一緒でも安心でした！  タオル類もあらかじめ用意してもらえて、朝食も無料。中華街にも歩ける距離で、凄く良い旅行になりました。","","","不明"
"","FALSE","Google","4","2026-03-08","セルフコインロッカーに気軽に荷物を預けられます。","","","セルフコインロッカーに気軽に荷物を預けられます。","","","あかすと","","FALSE","Google","4","2026-03-08","セルフコインロッカーに気軽に荷物を預けられます。","","","セルフコインロッカーに気軽に荷物を預けられます。","","","あかすと"
"","FALSE","Trip.com","9","2026-03-08","部屋のトイレが故障していて、部屋を交換してもらいました。 隣の部屋だったので荷物の移動も大変ではありませんでした。 朝食会場が工事中と言う事で、お弁当を用意して頂きました。ご馳走さまでした。","","","部屋のトイレが故障していて、部屋を交換してもらいました。 隣の部屋だったので荷物の移動も大変ではありませんでした。 朝食会場が工事中と言う事で、お弁当を用意して頂きました。ご馳走さまでした。","","","ゲ‍ス‍ト","","FALSE","Trip.com","9","2026-03-08","部屋のトイレが故障していて、部屋を交換してもらいました。 隣の部屋だったので荷物の移動も大変ではありませんでした。 朝食会場が工事中と言う事で、お弁当を用意して頂きました。ご馳走さまでした。","","","部屋のトイレが故障していて、部屋を交換してもらいました。 隣の部屋だったので荷物の移動も大変ではありませんでした。 朝食会場が工事中と言う事で、お弁当を用意して頂きました。ご馳走さまでした。","","","ゲ‍ス‍ト"
"","FALSE","Agoda","2","2026-03-08","朝食会場が工事のため中止に。それは仕方ないですが、手荷物を預けており、カバーをかけられていましたがそれでも手荷物が工事の粉塵だらけに。それに対してスタッフも何も言わず。残念な気持ちになりました。","","","朝食会場が工事のため中止に。それは仕方ないですが、手荷物を預けており、カバーをかけられていましたがそれでも手荷物が工事の粉塵だらけに。それに対してスタッフも何も言わず。残念な気持ちになりました。","","","AOI","","FALSE","Agoda","2","2026-03-08","朝食会場が工事のため中止に。それは仕方ないですが、手荷物を預けており、カバーをかけられていましたがそれでも手荷物が工事の粉塵だらけに。それに対してスタッフも何も言わず。残念な気持ちになりました。","","","朝食会場が工事のため中止に。それは仕方ないですが、手荷物を預けており、カバーをかけられていましたがそれでも手荷物が工事の粉塵だらけに。それに対してスタッフも何も言わず。残念な気持ちになりました。","","","AOI"
"","FALSE","じゃらん","4","2026-03-08","料金が安くて忙しい時間でも一人一人に接客対応が良くて部屋の清掃もしっかりしてるので清潔感ありとても良かったです。","","","料金が安くて忙しい時間でも一人一人に接客対応が良くて部屋の清掃もしっかりしてるので清潔感ありとても良かったです。","","","ひでちゃんさん","","FALSE","じゃらん","4","2026-03-08","料金が安くて忙しい時間でも一人一人に接客対応が良くて部屋の清掃もしっかりしてるので清潔感ありとても良かったです。","","","料金が安くて忙しい時間でも一人一人に接客対応が良くて部屋の清掃もしっかりしてるので清潔感ありとても良かったです。","","","ひでちゃんさん"
"","FALSE","Booking.com","10","2026-03-07","","風呂の水圧が良かった ご飯が美味しかった","受付のスタッフの方が無愛想に教えてきた","","風呂の水圧が良かった ご飯が美味しかった","受付のスタッフの方が無愛想に教えてきた","Suwabe","","FALSE","Booking.com","10","2026-03-07","","風呂の水圧が良かった ご飯が美味しかった","受付のスタッフの方が無愛想に教えてきた","","風呂の水圧が良かった ご飯が美味しかった","受付のスタッフの方が無愛想に教えてきた","Suwabe"
"","FALSE","楽天トラベル","5","2026-03-07","朝食付きは良かったが、食事会場が狭い。 食事客の集中する時間に応じたスペースを確保してほしい。","","","朝食付きは良かったが、食事会場が狭い。 食事客の集中する時間に応じたスペースを確保してほしい。","","","ノエ君","","FALSE","楽天トラベル","5","2026-03-07","朝食付きは良かったが、食事会場が狭い。 食事客の集中する時間に応じたスペースを確保してほしい。","","","朝食付きは良かったが、食事会場が狭い。 食事客の集中する時間に応じたスペースを確保してほしい。","","","ノエ君"
"","FALSE","Trip.com","7","2026-03-07","改修中ということで朝食は弁当でしたが、美味しくなかった、 部屋が薬品のような臭いが強くて、しばらく寝られなかった","","","改修中ということで朝食は弁当でしたが、美味しくなかった、 部屋が薬品のような臭いが強くて、しばらく寝られなかった","","","ゲ‍ス‍ト","","FALSE","Trip.com","7","2026-03-07","改修中ということで朝食は弁当でしたが、美味しくなかった、 部屋が薬品のような臭いが強くて、しばらく寝られなかった","","","改修中ということで朝食は弁当でしたが、美味しくなかった、 部屋が薬品のような臭いが強くて、しばらく寝られなかった","","","ゲ‍ス‍ト"
"","FALSE","Booking.com","8","2026-03-07","","仕事で終電を逃して遅い時間で急遽決めましたが、朝食付きで駅にも近くお得でした。","女性にはアメニティが少し物足りなく感じましたが、都会なのでコンビニも近くにあるのでなんとかなるかとは思います。","","仕事で終電を逃して遅い時間で急遽決めましたが、朝食付きで駅にも近くお得でした。","女性にはアメニティが少し物足りなく感じましたが、都会なのでコンビニも近くにあるのでなんとかなるかとは思います。","M","","FALSE","Booking.com","8","2026-03-07","","仕事で終電を逃して遅い時間で急遽決めましたが、朝食付きで駅にも近くお得でした。","女性にはアメニティが少し物足りなく感じましたが、都会なのでコンビニも近くにあるのでなんとかなるかとは思います。","","仕事で終電を逃して遅い時間で急遽決めましたが、朝食付きで駅にも近くお得でした。","女性にはアメニティが少し物足りなく感じましたが、都会なのでコンビニも近くにあるのでなんとかなるかとは思います。","M"
"","FALSE","Trip.com","10","2026-03-07","アクセスは良くて部屋も綺麗でおすすめです。 朝飯は工事中でお弁当でしたが、サービスも良くおすすめできます？","","","アクセスは良くて部屋も綺麗でおすすめです。 朝飯は工事中でお弁当でしたが、サービスも良くおすすめできます？","","","ゲ‍ス‍ト","","FALSE","Trip.com","10","2026-03-07","アクセスは良くて部屋も綺麗でおすすめです。 朝飯は工事中でお弁当でしたが、サービスも良くおすすめできます？","","","アクセスは良くて部屋も綺麗でおすすめです。 朝飯は工事中でお弁当でしたが、サービスも良くおすすめできます？","","","ゲ‍ス‍ト"
"","FALSE","じゃらん","4","2026-03-07","夫婦で利用させてもらいました。近くに中華街 赤レンガ倉庫 みなとみらいがあり散歩がてら散策させてもらいました。ホテルは朝食付で部屋はツイン。 ただホテル自体が年数が経ってるせいかちょっと古さ加減があったけど全然気にならない程度でした。 朝食もちょうどいい感じのバイキング方式で好きなものを好きなだけ。 ただちょっと狭く順番待ちがあったのが難点かな？ とにかく満足出来たホテルでした。また利用させてほしいです。","","","夫婦で利用させてもらいました。近くに中華街 赤レンガ倉庫 みなとみらいがあり散歩がてら散策させてもらいました。ホテルは朝食付で部屋はツイン。 ただホテル自体が年数が経ってるせいかちょっと古さ加減があったけど全然気にならない程度でした。 朝食もちょうどいい感じのバイキング方式で好きなものを好きなだけ。 ただちょっと狭く順番待ちがあったのが難点かな？ とにかく満足出来たホテルでした。また利用させてほしいです。","","","さんちゅうさん","","FALSE","じゃらん","4","2026-03-07","夫婦で利用させてもらいました。近くに中華街 赤レンガ倉庫 みなとみらいがあり散歩がてら散策させてもらいました。ホテルは朝食付で部屋はツイン。 ただホテル自体が年数が経ってるせいかちょっと古さ加減があったけど全然気にならない程度でした。 朝食もちょうどいい感じのバイキング方式で好きなものを好きなだけ。 ただちょっと狭く順番待ちがあったのが難点かな？ とにかく満足出来たホテルでした。また利用させてほしいです。","","","夫婦で利用させてもらいました。近くに中華街 赤レンガ倉庫 みなとみらいがあり散歩がてら散策させてもらいました。ホテルは朝食付で部屋はツイン。 ただホテル自体が年数が経ってるせいかちょっと古さ加減があったけど全然気にならない程度でした。 朝食もちょうどいい感じのバイキング方式で好きなものを好きなだけ。 ただちょっと狭く順番待ちがあったのが難点かな？ とにかく満足出来たホテルでした。また利用させてほしいです。","","","さんちゅうさん"
"","FALSE","Booking.com","7","2026-03-06","","","","","","","Kazuma","","FALSE","Booking.com","7","2026-03-06","","","","","","","Kazuma"
"","FALSE","Booking.com","5","2026-03-05","","関内や桜木町へのアクセス","朝食があまり充実して無かった ただ、無料だからそこはしょうがないと思う。","","関内や桜木町へのアクセス","朝食があまり充実して無かった ただ、無料だからそこはしょうがないと思う。","Tsukagoshi","","FALSE","Booking.com","5","2026-03-05","","関内や桜木町へのアクセス","朝食があまり充実して無かった ただ、無料だからそこはしょうがないと思う。","","関内や桜木町へのアクセス","朝食があまり充実して無かった ただ、無料だからそこはしょうがないと思う。","Tsukagoshi"
"","FALSE","Booking.com","5","2026-03-05","","関内や桜木町へのアクセス","朝食があまり充実して無かった ただ、無料だからそこはしょうがないと思う。","","関内や桜木町へのアクセス","朝食があまり充実して無かった ただ、無料だからそこはしょうがないと思う。","Tsukagoshi","","FALSE","Booking.com","5","2026-03-05","","関内や桜木町へのアクセス","朝食があまり充実して無かった ただ、無料だからそこはしょうがないと思う。","","関内や桜木町へのアクセス","朝食があまり充実して無かった ただ、無料だからそこはしょうがないと思う。","Tsukagoshi"
"","FALSE","Booking.com","9","2026-03-05","","清潔感がよく出ていた｡","","","清潔感がよく出ていた｡","","Masaharu","","FALSE","Booking.com","9","2026-03-05","","清潔感がよく出ていた｡","","","清潔感がよく出ていた｡","","Masaharu"
"","FALSE","じゃらん","4","2026-03-05","じゃらんのクーポンの重ねがけでとても安く予約できたので宿泊  コンパクトな提供台の割に朝食ビュッフェの味がクオリティー高めで美味しかった  スムージーもあって健康的な朝食で良かったです","","","じゃらんのクーポンの重ねがけでとても安く予約できたので宿泊  コンパクトな提供台の割に朝食ビュッフェの味がクオリティー高めで美味しかった  スムージーもあって健康的な朝食で良かったです","","","快斗さん","","FALSE","じゃらん","4","2026-03-05","じゃらんのクーポンの重ねがけでとても安く予約できたので宿泊  コンパクトな提供台の割に朝食ビュッフェの味がクオリティー高めで美味しかった  スムージーもあって健康的な朝食で良かったです","","","じゃらんのクーポンの重ねがけでとても安く予約できたので宿泊  コンパクトな提供台の割に朝食ビュッフェの味がクオリティー高めで美味しかった  スムージーもあって健康的な朝食で良かったです","","","快斗さん"
"","FALSE","楽天トラベル","5","2026-03-04","ホテルは駅から近いし、周りにコンビニや飲食店が多数有り便利でした。横浜で泊まる際はまたこのホテルに利用したいと思います。ホテル評価とは別ですが、深夜２時ころに向かいのア○ホテルの納品トラックがつき、コンテナのにおろしでガチャーンと音が響き渡るの嫌でした。○パホテルに電話しようかと思いました。","","","ホテルは駅から近いし、周りにコンビニや飲食店が多数有り便利でした。横浜で泊まる際はまたこのホテルに利用したいと思います。ホテル評価とは別ですが、深夜２時ころに向かいのア○ホテルの納品トラックがつき、コンテナのにおろしでガチャーンと音が響き渡るの嫌でした。○パホテルに電話しようかと思いました。","","","bayfm78","","FALSE","楽天トラベル","5","2026-03-04","ホテルは駅から近いし、周りにコンビニや飲食店が多数有り便利でした。横浜で泊まる際はまたこのホテルに利用したいと思います。ホテル評価とは別ですが、深夜２時ころに向かいのア○ホテルの納品トラックがつき、コンテナのにおろしでガチャーンと音が響き渡るの嫌でした。○パホテルに電話しようかと思いました。","","","ホテルは駅から近いし、周りにコンビニや飲食店が多数有り便利でした。横浜で泊まる際はまたこのホテルに利用したいと思います。ホテル評価とは別ですが、深夜２時ころに向かいのア○ホテルの納品トラックがつき、コンテナのにおろしでガチャーンと音が響き渡るの嫌でした。○パホテルに電話しようかと思いました。","","","bayfm78"
"","FALSE","Booking.com","8","2026-03-04","","","","","","","Naoki","","FALSE","Booking.com","8","2026-03-04","","","","","","","Naoki"
"","FALSE","Agoda","9","2026-02-28","値段はリーズナブルだけど部屋は清潔だった。無料でカフェが使えるし朝食はとてもおいしかった。食堂が狭いので並びました。","","","値段はリーズナブルだけど部屋は清潔だった。無料でカフェが使えるし朝食はとてもおいしかった。食堂が狭いので並びました。","","","Mina","","","","","","","","","","","",""
"","FALSE","Booking.com","6","2026-02-27","","","","","","","進藤","","","","","","","","","","","",""
"","FALSE","Agoda","9","2026-02-27","チェックインがスムーズにできて、快適だった。提携駐車場もあり、車で来ても駐車場の心配がない。また利用します。","","","チェックインがスムーズにできて、快適だった。提携駐車場もあり、車で来ても駐車場の心配がない。また利用します。","","","TAKAHIRO","","","","","","","","","","","",""
"","FALSE","楽天トラベル","5","2026-02-27","駅から近く、お手頃な価格で朝食まで付いてくるのでとても満足出来ました。コーヒーやお茶、お水などのドリンクバーもあり、スタッフの方も親切でした。 ただ、泊まった部屋が、ユニットバスとの段差が結構高く何回か引っかかりそうになったので、気をつけた方が良いと思います。蛇口から出るお水は飲料可となってますが、実際にお湯を沸かそうと水を入れた所、小さい黒い鉄？砂？みたいなのが出てきたので使用せず、ドリンクバーの所でお湯を貰いに行きました。気になった所はありましたが、価格立地含めまた利用したいと思います。ありがとうございました。","","","駅から近く、お手頃な価格で朝食まで付いてくるのでとても満足出来ました。コーヒーやお茶、お水などのドリンクバーもあり、スタッフの方も親切でした。 ただ、泊まった部屋が、ユニットバスとの段差が結構高く何回か引っかかりそうになったので、気をつけた方が良いと思います。蛇口から出るお水は飲料可となってますが、実際にお湯を沸かそうと水を入れた所、小さい黒い鉄？砂？みたいなのが出てきたので使用せず、ドリンクバーの所でお湯を貰いに行きました。気になった所はありましたが、価格立地含めまた利用したいと思います。ありがとうございました。","","","シークエン","","","","","","","","","","","",""
"","FALSE","じゃらん","5","2026-02-27","出張で利用させていただきました。  関内駅から海側にすぐのところにあり、ビジネスマンにとってはとても良い立地です。  JR線路よりも伊勢崎町側にもホテルはたくさんありますが移動に意外と時間かかるので、みなとみらい地区に用事がある方にはオススメのホテルです。  食事も無料にしてはよかったです。","","","出張で利用させていただきました。  関内駅から海側にすぐのところにあり、ビジネスマンにとってはとても良い立地です。  JR線路よりも伊勢崎町側にもホテルはたくさんありますが移動に意外と時間かかるので、みなとみらい地区に用事がある方にはオススメのホテルです。  食事も無料にしてはよかったです。","","","ぱおぱおさん","","","","","","","","","","","",""
"","FALSE","楽天トラベル","3","2026-02-26","三連休に2泊利用しました。 館内順次リニューアル工事中のようで、設備の古さやシャワーの漏れ具合を見て納得しました。 立地は申し分ないので多くを望まなければ必要十分です。","","","三連休に2泊利用しました。 館内順次リニューアル工事中のようで、設備の古さやシャワーの漏れ具合を見て納得しました。 立地は申し分ないので多くを望まなければ必要十分です。","","","daichan_hamachan","","","","","","","","","","","",""
"","FALSE","楽天トラベル","5","2026-02-26","今回は横浜観光の為に、こちらのホテルを利用させていただきました♪ 大人2名と小学生低学年2名、未就学児1名の5名で宿泊しました。添い寝無料で朝食付きコスパ良し！横浜の夜景を眺めつつ、ホテルまでのんびりコスモワールドから歩いてチェックイン。子どもでも歩ける距離でした（＾∇＾） 添い寝の子どもの分のバスタオルがもらえたのが嬉しかったです！朝食も子どもが喜んで食べれるものが揃っていたので大満足でした！スムージーも美味しかったです♪ また機会があれば是非利用したいです♪ ","","","今回は横浜観光の為に、こちらのホテルを利用させていただきました♪ 大人2名と小学生低学年2名、未就学児1名の5名で宿泊しました。添い寝無料で朝食付きコスパ良し！横浜の夜景を眺めつつ、ホテルまでのんびりコスモワールドから歩いてチェックイン。子どもでも歩ける距離でした（＾∇＾） 添い寝の子どもの分のバスタオルがもらえたのが嬉しかったです！朝食も子どもが喜んで食べれるものが揃っていたので大満足でした！スムージーも美味しかったです♪ また機会があれば是非利用したいです♪ ","","","かりぼーさん","","","","","","","","","","","",""
"","FALSE","Google","5","2026-02-26","落ち着いた立地 部屋に圧迫感がなく清潔","","","落ち着いた立地 部屋に圧迫感がなく清潔","","","堀田憲一","","","","","","","","","","","",""
"","FALSE","じゃらん","4","2026-02-26","夜に食事にでるにも、立地がよかったです。  朝ごはんが混雑してましたが、いんくるーじぶ的な感じで、よかったです。","","","夜に食事にでるにも、立地がよかったです。  朝ごはんが混雑してましたが、いんくるーじぶ的な感じで、よかったです。","","","さわかさん","","","","","","","","","","","",""
"","FALSE","Agoda","9","2026-02-25","館内は静かで落ち着いて過ごせました。 従業員の方も親切で良かったです。","","","館内は静かで落ち着いて過ごせました。 従業員の方も親切で良かったです。","","","YOKO","","","","","","","","","","","",""
"","FALSE","Google","4","2026-02-25","出張で利用しました。 価格もサービスも満足です。 私は気にしませんが、客室の壁紙補修が明らかに素人仕事で目に止まりました。 この辺りを気にされる方はいるのだと思います。","","","出張で利用しました。 価格もサービスも満足です。 私は気にしませんが、客室の壁紙補修が明らかに素人仕事で目に止まりました。 この辺りを気にされる方はいるのだと思います。","","","小野田宗史","","","","","","","","","","","",""
"","FALSE","楽天トラベル","1","2026-02-24","機械音がうるさく、眠れない。","","","機械音がうるさく、眠れない。","","","Invisible","","","","","","","","","","","",""
"","FALSE","Agoda","8","2026-02-24","とにかく安い。 安いから朝食は期待していなかったけど、スムージーまであり、美味しかった。 フロントの対応もきっちり丁寧。 これで喫煙所があれば最高(笑)","","","とにかく安い。 安いから朝食は期待していなかったけど、スムージーまであり、美味しかった。 フロントの対応もきっちり丁寧。 これで喫煙所があれば最高(笑)","","","TOMOKAZU","","","","","","","","","","","",""
"","FALSE","楽天トラベル","4","2026-02-24","もうこのホテルに初めてお世話になってから20年位を超え、横浜方面出張の際の定宿にさせて貰っていました。今回久しぶりに宿泊しましたが、以前のホスピタリティが失われていて、ちょっと残念でした。 ","","","もうこのホテルに初めてお世話になってから20年位を超え、横浜方面出張の際の定宿にさせて貰っていました。今回久しぶりに宿泊しましたが、以前のホスピタリティが失われていて、ちょっと残念でした。 ","","","ウルフハウス","","","","","","","","","","","",""
"","FALSE","Trip.com","10","2026-02-24","駅近でとても良かった","","","駅近でとても良かった","","","ゲ‍ス‍ト","","","","","","","","","","","",""
"","FALSE","Trip.com","10","2026-02-24","横浜Kアリーナでライブがあって、駅からも近く便利でした！朝食も付いててゆっくり過ごせました！","","","横浜Kアリーナでライブがあって、駅からも近く便利でした！朝食も付いててゆっくり過ごせました！","","","ゲ‍ス‍ト","","","","","","","","","","","",""
"","FALSE","楽天トラベル","1","2026-02-23","朝ごはんがとても美味しかったです。 部屋に持ち込み可能サービスも利用はしませんでしたが、よいなと思いました。 駅からも近く、ロッカーもチェックイン前に 利用できて快適でした。","","","朝ごはんがとても美味しかったです。 部屋に持ち込み可能サービスも利用はしませんでしたが、よいなと思いました。 駅からも近く、ロッカーもチェックイン前に 利用できて快適でした。","","","まめのやま","","","","","","","","","","","",""
"","FALSE","Trip.com","6","2026-02-23","ダブルベットなので2人は泊まれる部屋と思いますがとにかく狭い。 荷物をちょっと置く台は無くデスクテーブルのみだったのと荷物を掛けるフックが無いのが残念でした。 清潔感はとても良かったです。","","","ダブルベットなので2人は泊まれる部屋と思いますがとにかく狭い。 荷物をちょっと置く台は無くデスクテーブルのみだったのと荷物を掛けるフックが無いのが残念でした。 清潔感はとても良かったです。","","","ゲ‍ス‍ト","","","","","","","","","","","",""
"","FALSE","Trip.com","10","2026-02-23","朝ごはんのスムージーとか美味しかったし部屋ちょうどよかったけし観光地に近いし良かった。また機会があったら行きたいと思った。","","","朝ごはんのスムージーとか美味しかったし部屋ちょうどよかったけし観光地に近いし良かった。また機会があったら行きたいと思った。","","","ゲ‍ス‍ト","","","","","","","","","","","",""
"","FALSE","Trip.com","8","2026-02-23","立地良くて行きたい所へアクセス良かったです","","","立地良くて行きたい所へアクセス良かったです","","","ゲ‍ス‍ト","","","","","","","","","","","",""
"","FALSE","Trip.com","10","2026-02-23","ตัดสินใจพักแถวย่าน 𝗞𝗮𝗻𝗻𝗮𝗶 เพราะเป็นย่านที่เดินทางสะดวกไม่ว่าจะในเมืองโยโกเองหรือไม่ก็ออกไปเมืองข้างๆ รวมถึงเข้าโตเกียว แล้วก็ไปเจอ 𝗖𝗼𝗺𝗳𝗼𝗿𝘁 𝗛𝗼𝘁𝗲𝗹 𝗬𝗼𝗸𝗼𝗵𝗮𝗺𝗮 𝗞𝗮𝗻𝗻𝗮𝗶 ที่ตรงใจมากก ถูกใจเพราะว่า - เดินจากสถานี Kannai ไม่ถึง 5 นาทีก็ถึงโรงแรม 🚶🏻➡️🚶🏻♀️➡️ - รอบๆ โรงแรมมีร้านอาหาร อิซากายะ ร้านสะดวกซื้อเต็มไปหมด - ฟรีอาหารเช้าาา มีไลน์อาหารให้เลือกเย๊อะะ - มี welcome drinks บริการฟรี - ใกล้กับ 𝗖𝗵𝗶𝗻𝗮 𝗧𝗼𝘄𝗻, 𝗔𝗶𝗿 𝗰𝗮𝗯𝗶𝗻, 𝗥𝗲𝗱 𝗕𝗿𝗶𝗰𝗸 พูดง่ายๆ คือทุกอย่างที่เป็น landmark ของโยโกเล้ยย 🩷","","","横浜市内や近隣都市、さらには東京へのアクセスが便利なため、関内エリアに滞在することにしました。コンフォートホテル横浜関内を見つけたのですが、ここは私にとってまさに理想的なホテルでした。理由は以下のとおりです。 - 関内駅から徒歩5分以内。🚶🏻➡️🚶🏻♀️➡️ - ホテル周辺にはたくさんのレストラン、居酒屋、コンビニがあります。 - 無料の朝食！豊富な種類の料理に加え、無料のウェルカムドリンクも付いています。中華街、エアキャビン、赤レンガなど、横浜のランドマークに近いのも魅力です！🩷","","","ม‍ิ‍ว‍โ‍จ‍้‍ซ‍ั‍น‍ไ‍ม","","FALSE","Agoda","9","2026-02-28","値段はリーズナブルだけど部屋は清潔だった。無料でカフェが使えるし朝食はとてもおいしかった。食堂が狭いので並びました。","","","値段はリーズナブルだけど部屋は清潔だった。無料でカフェが使えるし朝食はとてもおいしかった。食堂が狭いので並びました。","","","Mina"
"","FALSE","楽天トラベル","4","2026-02-22","駅から近く、ウェルカムドリンクがあるのが良いです。 無料朝食も美味しかったです、特にスムージーが美味しいと思いました。","","","駅から近く、ウェルカムドリンクがあるのが良いです。 無料朝食も美味しかったです、特にスムージーが美味しいと思いました。","","","不明","","FALSE","Booking.com","6","2026-02-27","","","","","","","進藤"
"","FALSE","楽天トラベル","3","2026-02-22","お部屋のテレビの前の台にとても長い髪の毛が2本あり、不快に感じました。 ","","","お部屋のテレビの前の台にとても長い髪の毛が2本あり、不快に感じました。 ","","","Blue Sky3296","","FALSE","Agoda","9","2026-02-27","チェックインがスムーズにできて、快適だった。提携駐車場もあり、車で来ても駐車場の心配がない。また利用します。","","","チェックインがスムーズにできて、快適だった。提携駐車場もあり、車で来ても駐車場の心配がない。また利用します。","","","TAKAHIRO"
"","FALSE","Booking.com","6","2026-02-22","","","","","","","のぐち　まさよし","","FALSE","楽天トラベル","5","2026-02-27","駅から近く、お手頃な価格で朝食まで付いてくるのでとても満足出来ました。コーヒーやお茶、お水などのドリンクバーもあり、スタッフの方も親切でした。 ただ、泊まった部屋が、ユニットバスとの段差が結構高く何回か引っかかりそうになったので、気をつけた方が良いと思います。蛇口から出るお水は飲料可となってますが、実際にお湯を沸かそうと水を入れた所、小さい黒い鉄？砂？みたいなのが出てきたので使用せず、ドリンクバーの所でお湯を貰いに行きました。気になった所はありましたが、価格立地含めまた利用したいと思います。ありがとうございました。","","","駅から近く、お手頃な価格で朝食まで付いてくるのでとても満足出来ました。コーヒーやお茶、お水などのドリンクバーもあり、スタッフの方も親切でした。 ただ、泊まった部屋が、ユニットバスとの段差が結構高く何回か引っかかりそうになったので、気をつけた方が良いと思います。蛇口から出るお水は飲料可となってますが、実際にお湯を沸かそうと水を入れた所、小さい黒い鉄？砂？みたいなのが出てきたので使用せず、ドリンクバーの所でお湯を貰いに行きました。気になった所はありましたが、価格立地含めまた利用したいと思います。ありがとうございました。","","","シークエン"
"","FALSE","楽天トラベル","4","2026-02-22","中華街から徒歩圏内という立地も良く、ベッドも広くて良かったです。","","","中華街から徒歩圏内という立地も良く、ベッドも広くて良かったです。","","","かめ000","","FALSE","じゃらん","5","2026-02-27","出張で利用させていただきました。  関内駅から海側にすぐのところにあり、ビジネスマンにとってはとても良い立地です。  JR線路よりも伊勢崎町側にもホテルはたくさんありますが移動に意外と時間かかるので、みなとみらい地区に用事がある方にはオススメのホテルです。  食事も無料にしてはよかったです。","","","出張で利用させていただきました。  関内駅から海側にすぐのところにあり、ビジネスマンにとってはとても良い立地です。  JR線路よりも伊勢崎町側にもホテルはたくさんありますが移動に意外と時間かかるので、みなとみらい地区に用事がある方にはオススメのホテルです。  食事も無料にしてはよかったです。","","","ぱおぱおさん"
"","FALSE","Booking.com","8","2026-02-21","","","","","","","Akaiishi","","FALSE","楽天トラベル","3","2026-02-26","三連休に2泊利用しました。 館内順次リニューアル工事中のようで、設備の古さやシャワーの漏れ具合を見て納得しました。 立地は申し分ないので多くを望まなければ必要十分です。","","","三連休に2泊利用しました。 館内順次リニューアル工事中のようで、設備の古さやシャワーの漏れ具合を見て納得しました。 立地は申し分ないので多くを望まなければ必要十分です。","","","daichan_hamachan"
"","FALSE","Booking.com","8","2026-02-21","","離車站近，免費早餐菜色不錯。","窗外隔音較差，住12樓外面街道聲音仍很清晰。電梯有點慢。","","駅からも近く、無料の朝食の種類もかなり豊富です。","窓の外の遮音性は悪く、12階に住んでいても街の騒音がかなり聞こえます。エレベーターも少し遅いです。","Yun","","FALSE","楽天トラベル","5","2026-02-26","今回は横浜観光の為に、こちらのホテルを利用させていただきました♪ 大人2名と小学生低学年2名、未就学児1名の5名で宿泊しました。添い寝無料で朝食付きコスパ良し！横浜の夜景を眺めつつ、ホテルまでのんびりコスモワールドから歩いてチェックイン。子どもでも歩ける距離でした（＾∇＾） 添い寝の子どもの分のバスタオルがもらえたのが嬉しかったです！朝食も子どもが喜んで食べれるものが揃っていたので大満足でした！スムージーも美味しかったです♪ また機会があれば是非利用したいです♪ ","","","今回は横浜観光の為に、こちらのホテルを利用させていただきました♪ 大人2名と小学生低学年2名、未就学児1名の5名で宿泊しました。添い寝無料で朝食付きコスパ良し！横浜の夜景を眺めつつ、ホテルまでのんびりコスモワールドから歩いてチェックイン。子どもでも歩ける距離でした（＾∇＾） 添い寝の子どもの分のバスタオルがもらえたのが嬉しかったです！朝食も子どもが喜んで食べれるものが揃っていたので大満足でした！スムージーも美味しかったです♪ また機会があれば是非利用したいです♪ ","","","かりぼーさん"
"","FALSE","Booking.com","8","2026-02-20","","","","","","","美咲","","FALSE","Google","5","2026-02-26","落ち着いた立地 部屋に圧迫感がなく清潔","","","落ち着いた立地 部屋に圧迫感がなく清潔","","","堀田憲一"
"","FALSE","Booking.com","10","2026-02-20","","","","","","","あjunji","","FALSE","じゃらん","4","2026-02-26","夜に食事にでるにも、立地がよかったです。  朝ごはんが混雑してましたが、いんくるーじぶ的な感じで、よかったです。","","","夜に食事にでるにも、立地がよかったです。  朝ごはんが混雑してましたが、いんくるーじぶ的な感じで、よかったです。","","","さわかさん"
"","FALSE","Booking.com","8","2026-02-19","","無料で期待していなかったが、なかなか良かった。","","","無料で期待していなかったが、なかなか良かった。","","Keizo","","FALSE","Agoda","9","2026-02-25","館内は静かで落ち着いて過ごせました。 従業員の方も親切で良かったです。","","","館内は静かで落ち着いて過ごせました。 従業員の方も親切で良かったです。","","","YOKO"
"","FALSE","Booking.com","8","2026-02-19","","","","","","","Toshie","","FALSE","Google","4","2026-02-25","出張で利用しました。 価格もサービスも満足です。 私は気にしませんが、客室の壁紙補修が明らかに素人仕事で目に止まりました。 この辺りを気にされる方はいるのだと思います。","","","出張で利用しました。 価格もサービスも満足です。 私は気にしませんが、客室の壁紙補修が明らかに素人仕事で目に止まりました。 この辺りを気にされる方はいるのだと思います。","","","小野田宗史"
"","FALSE","Agoda","9","2026-02-19","地下鉄もJRも近く、ホテルのすぐそばにはコンビニや食事する場所もあります。 ホテルは清潔でスタッフも丁寧で感じが良く、朝食もついているのにお値段はリーズナブルだと思います。 チェックインもチェックアウトも無料登録で1時間ずつサービスされるのでゆっくりできました。 また利用したいです。","","","地下鉄もJRも近く、ホテルのすぐそばにはコンビニや食事する場所もあります。 ホテルは清潔でスタッフも丁寧で感じが良く、朝食もついているのにお値段はリーズナブルだと思います。 チェックインもチェックアウトも無料登録で1時間ずつサービスされるのでゆっくりできました。 また利用したいです。","","","YUKIKO","","FALSE","楽天トラベル","1","2026-02-24","機械音がうるさく、眠れない。","","","機械音がうるさく、眠れない。","","","Invisible"
"","FALSE","楽天トラベル","4","2026-02-19","自動チェックインシステムも便利、清潔で設備も十分だと思います。 コンビニが目の前にあるのも便利でした。","","","自動チェックインシステムも便利、清潔で設備も十分だと思います。 コンビニが目の前にあるのも便利でした。","","","Kaniko","","FALSE","Agoda","8","2026-02-24","とにかく安い。 安いから朝食は期待していなかったけど、スムージーまであり、美味しかった。 フロントの対応もきっちり丁寧。 これで喫煙所があれば最高(笑)","","","とにかく安い。 安いから朝食は期待していなかったけど、スムージーまであり、美味しかった。 フロントの対応もきっちり丁寧。 これで喫煙所があれば最高(笑)","","","TOMOKAZU"
"","FALSE","じゃらん","4","2026-02-19","横浜のクリスマスマーケットに行くときの宿として使用させていただきました。  お風呂、部屋共に綺麗でゆっくり休むことができました。","","","横浜のクリスマスマーケットに行くときの宿として使用させていただきました。  お風呂、部屋共に綺麗でゆっくり休むことができました。","","","たいきさん","","FALSE","楽天トラベル","4","2026-02-24","もうこのホテルに初めてお世話になってから20年位を超え、横浜方面出張の際の定宿にさせて貰っていました。今回久しぶりに宿泊しましたが、以前のホスピタリティが失われていて、ちょっと残念でした。 ","","","もうこのホテルに初めてお世話になってから20年位を超え、横浜方面出張の際の定宿にさせて貰っていました。今回久しぶりに宿泊しましたが、以前のホスピタリティが失われていて、ちょっと残念でした。 ","","","ウルフハウス"
"","FALSE","Booking.com","8","2026-02-18","","朝食が美味しかった","チケットが買えなかった","","朝食が美味しかった","チケットが買えなかった","後藤","","FALSE","Trip.com","10","2026-02-24","駅近でとても良かった","","","駅近でとても良かった","","","ゲ‍ス‍ト"
"","FALSE","Google","4","2026-02-18","スタッフ⋯可もなく不可もなくですが、丁寧な対応をされます。  客室⋯他の部屋か廊下かは分かりませんが結構声が聞こえる。  朝食⋯可もなく不可もなく。必要十分な種類。 ただ客室のキャパの割に朝食会場が狭い。  場所⋯近くにコンビニ▪️飲食店も多く、呑んでほろ酔いでもすぐに戻れて便利。 中華街までも10分ほどで行けます。  基本コンフォートホテルさんは好きなのでまた機会があれば宿泊したいですね。","","","スタッフ⋯可もなく不可もなくですが、丁寧な対応をされます。  客室⋯他の部屋か廊下かは分かりませんが結構声が聞こえる。  朝食⋯可もなく不可もなく。必要十分な種類。 ただ客室のキャパの割に朝食会場が狭い。  場所⋯近くにコンビニ▪️飲食店も多く、呑んでほろ酔いでもすぐに戻れて便利。 中華街までも10分ほどで行けます。  基本コンフォートホテルさんは好きなのでまた機会があれば宿泊したいですね。","","","冨田健司","","FALSE","Trip.com","10","2026-02-24","横浜Kアリーナでライブがあって、駅からも近く便利でした！朝食も付いててゆっくり過ごせました！","","","横浜Kアリーナでライブがあって、駅からも近く便利でした！朝食も付いててゆっくり過ごせました！","","","ゲ‍ス‍ト"
"","FALSE","Trip.com","10","2026-02-17","よかったですー","","","よかったですー","","","ゲ‍ス‍ト","","FALSE","楽天トラベル","1","2026-02-23","朝ごはんがとても美味しかったです。 部屋に持ち込み可能サービスも利用はしませんでしたが、よいなと思いました。 駅からも近く、ロッカーもチェックイン前に 利用できて快適でした。","","","朝ごはんがとても美味しかったです。 部屋に持ち込み可能サービスも利用はしませんでしたが、よいなと思いました。 駅からも近く、ロッカーもチェックイン前に 利用できて快適でした。","","","まめのやま"
"","FALSE","Booking.com","5","2026-02-17","","関内駅からは近いかも","日程を変更したが、スタッフ間で共有されていない。１月２日に施設、その後にBooking.comへ。Booking.comへの連絡時は、途中待たされて、その間にBooking.comと施設間で連絡を取ったとBooking.comの担当から言われた。その際に、施設側にも伝わったとされた。しかし、チェックイン、チェックアウトで日程変更できない、返金できないなどを言われた。返金率も、悪い。","","関内駅からは近いかも","日程を変更したが、スタッフ間で共有されていない。１月２日に施設、その後にBooking.comへ。Booking.comへの連絡時は、途中待たされて、その間にBooking.comと施設間で連絡を取ったとBooking.comの担当から言われた。その際に、施設側にも伝わったとされた。しかし、チェックイン、チェックアウトで日程変更できない、返金できないなどを言われた。返金率も、悪い。","Hiroyuki","","FALSE","Trip.com","6","2026-02-23","ダブルベットなので2人は泊まれる部屋と思いますがとにかく狭い。 荷物をちょっと置く台は無くデスクテーブルのみだったのと荷物を掛けるフックが無いのが残念でした。 清潔感はとても良かったです。","","","ダブルベットなので2人は泊まれる部屋と思いますがとにかく狭い。 荷物をちょっと置く台は無くデスクテーブルのみだったのと荷物を掛けるフックが無いのが残念でした。 清潔感はとても良かったです。","","","ゲ‍ス‍ト"
"","FALSE","Booking.com","5","2026-02-17","","","","","","","Kenhchi","","FALSE","Trip.com","10","2026-02-23","朝ごはんのスムージーとか美味しかったし部屋ちょうどよかったけし観光地に近いし良かった。また機会があったら行きたいと思った。","","","朝ごはんのスムージーとか美味しかったし部屋ちょうどよかったけし観光地に近いし良かった。また機会があったら行きたいと思った。","","","ゲ‍ス‍ト"
"","FALSE","楽天トラベル","5","2026-02-17","部屋の設備は普通ですが、朝食が美味しかった。","","","部屋の設備は普通ですが、朝食が美味しかった。","","","Rara1213","","FALSE","Trip.com","8","2026-02-23","立地良くて行きたい所へアクセス良かったです","","","立地良くて行きたい所へアクセス良かったです","","","ゲ‍ス‍ト"
"","FALSE","楽天トラベル","5","2026-02-17","お部屋が清潔で良かったです。 朝食美味しかったです。","","","お部屋が清潔で良かったです。 朝食美味しかったです。","","","Shujji","","FALSE","Trip.com","10","2026-02-23","ตัดสินใจพักแถวย่าน 𝗞𝗮𝗻𝗻𝗮𝗶 เพราะเป็นย่านที่เดินทางสะดวกไม่ว่าจะในเมืองโยโกเองหรือไม่ก็ออกไปเมืองข้างๆ รวมถึงเข้าโตเกียว แล้วก็ไปเจอ 𝗖𝗼𝗺𝗳𝗼𝗿𝘁 𝗛𝗼𝘁𝗲𝗹 𝗬𝗼𝗸𝗼𝗵𝗮𝗺𝗮 𝗞𝗮𝗻𝗻𝗮𝗶 ที่ตรงใจมากก ถูกใจเพราะว่า - เดินจากสถานี Kannai ไม่ถึง 5 นาทีก็ถึงโรงแรม 🚶🏻➡️🚶🏻♀️➡️ - รอบๆ โรงแรมมีร้านอาหาร อิซากายะ ร้านสะดวกซื้อเต็มไปหมด - ฟรีอาหารเช้าาา มีไลน์อาหารให้เลือกเย๊อะะ - มี welcome drinks บริการฟรี - ใกล้กับ 𝗖𝗵𝗶𝗻𝗮 𝗧𝗼𝘄𝗻, 𝗔𝗶𝗿 𝗰𝗮𝗯𝗶𝗻, 𝗥𝗲𝗱 𝗕𝗿𝗶𝗰𝗸 พูดง่ายๆ คือทุกอย่างที่เป็น landmark ของโยโกเล้ยย 🩷","","","横浜市内や近隣都市、さらには東京へのアクセスが便利なため、関内エリアに滞在することにしました。コンフォートホテル横浜関内を見つけたのですが、ここは私にとってまさに理想的なホテルでした。理由は以下のとおりです。 - 関内駅から徒歩5分以内。🚶🏻➡️🚶🏻♀️➡️ - ホテル周辺にはたくさんのレストラン、居酒屋、コンビニがあります。 - 無料の朝食！豊富な種類の料理に加え、無料のウェルカムドリンクも付いています。中華街、エアキャビン、赤レンガなど、横浜のランドマークに近いのも魅力です！🩷","","","ม‍ิ‍ว‍โ‍จ‍้‍ซ‍ั‍น‍ไ‍ม"
"","FALSE","楽天トラベル","4","2026-02-17","部屋はきれいでした。朝食も充実してて美味しかったです。","","","部屋はきれいでした。朝食も充実してて美味しかったです。","","","you1234555","","FALSE","楽天トラベル","4","2026-02-22","駅から近く、ウェルカムドリンクがあるのが良いです。 無料朝食も美味しかったです、特にスムージーが美味しいと思いました。","","","駅から近く、ウェルカムドリンクがあるのが良いです。 無料朝食も美味しかったです、特にスムージーが美味しいと思いました。","","","不明"
"","FALSE","Booking.com","8","2026-02-17","","","","","","","Keiko","","FALSE","楽天トラベル","3","2026-02-22","お部屋のテレビの前の台にとても長い髪の毛が2本あり、不快に感じました。 ","","","お部屋のテレビの前の台にとても長い髪の毛が2本あり、不快に感じました。 ","","","Blue Sky3296"
"","FALSE","じゃらん","5","2026-02-17","桜木町からロープウェイでワールドポーターズ、ラーメン博物館、赤レンガ倉庫を観光して歩いてホテルへ。  少し早かったけどタッチパネルを使ってチェックインできました。ツインの部屋は広くて圧迫感もなく、バスルームは段差があり少し古い感じがしたけど  全体的に清潔感があり、ゆったりくつろげました。  朝食も無料とは思えないくらい品数もあり、スムージーが美味しかったです。  関内駅にも近くてコンビニ、スーパーもあり飲食店もたくさんありました。  また機会があれば泊まりに行きたいと思います。  ありがとうございました。","","","桜木町からロープウェイでワールドポーターズ、ラーメン博物館、赤レンガ倉庫を観光して歩いてホテルへ。  少し早かったけどタッチパネルを使ってチェックインできました。ツインの部屋は広くて圧迫感もなく、バスルームは段差があり少し古い感じがしたけど  全体的に清潔感があり、ゆったりくつろげました。  朝食も無料とは思えないくらい品数もあり、スムージーが美味しかったです。  関内駅にも近くてコンビニ、スーパーもあり飲食店もたくさんありました。  また機会があれば泊まりに行きたいと思います。  ありがとうございました。","","","めぐさん","","FALSE","Booking.com","6","2026-02-22","","","","","","","のぐち　まさよし"
"","FALSE","楽天トラベル","5","2026-02-16","家族4人で利用させて頂きました。 電子レンジあり 一般的なビジネスホテルです。 駅からも少し歩きますが近くにコンビニもあり立地的には良いです。 朝食も無料なのに品数もあり子供2人も満足してました。 以前はゆで卵があった気がしますが、今回はなかったのであると嬉しいです。 珈琲や紅茶がウェルカ厶ドリンクで飲めて良かったです。","","","家族4人で利用させて頂きました。 電子レンジあり 一般的なビジネスホテルです。 駅からも少し歩きますが近くにコンビニもあり立地的には良いです。 朝食も無料なのに品数もあり子供2人も満足してました。 以前はゆで卵があった気がしますが、今回はなかったのであると嬉しいです。 珈琲や紅茶がウェルカ厶ドリンクで飲めて良かったです。","","","MOTA3","","FALSE","楽天トラベル","4","2026-02-22","中華街から徒歩圏内という立地も良く、ベッドも広くて良かったです。","","","中華街から徒歩圏内という立地も良く、ベッドも広くて良かったです。","","","かめ000"
"","FALSE","楽天トラベル","5","2026-02-16","とても食事が美味しかったです！","","","とても食事が美味しかったです！","","","やまーあかさたな","","FALSE","Booking.com","8","2026-02-21","","","","","","","Akaiishi"
"","FALSE","じゃらん","4","2026-02-16","チェックインの際も丁寧な接客で大変気持ちが良かったです。両手がふさがっていた際もエレベーターのボタンを押して下さったり気を遣っていただきました。接遇教育がしっかりされていると感じました。","","","チェックインの際も丁寧な接客で大変気持ちが良かったです。両手がふさがっていた際もエレベーターのボタンを押して下さったり気を遣っていただきました。接遇教育がしっかりされていると感じました。","","","やっちゃんさん","","FALSE","Booking.com","8","2026-02-21","","離車站近，免費早餐菜色不錯。","窗外隔音較差，住12樓外面街道聲音仍很清晰。電梯有點慢。","","駅からも近く、無料の朝食の種類もかなり豊富です。","窓の外の遮音性は悪く、12階に住んでいても街の騒音がかなり聞こえます。エレベーターも少し遅いです。","Yun"
"","FALSE","楽天トラベル","4","2026-02-15","朝食が美味しかったです スムージーも2種類有り良かった フロントの方も外国の人でしたが会話もスムーズ 道案内もとても丁寧　親切でありがたかったです 又　機会有れば利用したいです","","","朝食が美味しかったです スムージーも2種類有り良かった フロントの方も外国の人でしたが会話もスムーズ 道案内もとても丁寧　親切でありがたかったです 又　機会有れば利用したいです","","","ホワイトエンジェル","","FALSE","Booking.com","8","2026-02-20","","","","","","","美咲"
"","FALSE","Booking.com","10","2026-02-15","","全て良かった","ない","","全て良かった","ない","Minako","","FALSE","Booking.com","10","2026-02-20","","","","","","","あjunji"
"","FALSE","楽天トラベル","5","2026-02-15","フリードリンクのサービスが良かったです。 お部屋も清潔で快適に過ごせました。 朝食のビュッフェでは、スタッフの方がマメに交換してくれるので、欲しいものが切れているような残念感がなくて良かったです。","","","フリードリンクのサービスが良かったです。 お部屋も清潔で快適に過ごせました。 朝食のビュッフェでは、スタッフの方がマメに交換してくれるので、欲しいものが切れているような残念感がなくて良かったです。","","","ALEX☆","","FALSE","Booking.com","8","2026-02-19","","無料で期待していなかったが、なかなか良かった。","","","無料で期待していなかったが、なかなか良かった。","","Keizo"
"","FALSE","じゃらん","4","2026-02-14","家族旅行で利用しました。駅から近くて，中華街も徒歩圏内。部屋も清潔にされていて，朝食のスムージーが美味しかったです。","","","家族旅行で利用しました。駅から近くて，中華街も徒歩圏内。部屋も清潔にされていて，朝食のスムージーが美味しかったです。","","","堀ちゃんさん","","FALSE","Booking.com","8","2026-02-19","","","","","","","Toshie"
"","FALSE","楽天トラベル","5","2026-02-14","久しぶりの横浜、夫婦で宿泊させていただきました。中華街にも近く、立地がよい。設備に関しては豪華や高級ではないが、必要にして十分でした。","","","久しぶりの横浜、夫婦で宿泊させていただきました。中華街にも近く、立地がよい。設備に関しては豪華や高級ではないが、必要にして十分でした。","","","carlos33","","FALSE","Agoda","9","2026-02-19","地下鉄もJRも近く、ホテルのすぐそばにはコンビニや食事する場所もあります。 ホテルは清潔でスタッフも丁寧で感じが良く、朝食もついているのにお値段はリーズナブルだと思います。 チェックインもチェックアウトも無料登録で1時間ずつサービスされるのでゆっくりできました。 また利用したいです。","","","地下鉄もJRも近く、ホテルのすぐそばにはコンビニや食事する場所もあります。 ホテルは清潔でスタッフも丁寧で感じが良く、朝食もついているのにお値段はリーズナブルだと思います。 チェックインもチェックアウトも無料登録で1時間ずつサービスされるのでゆっくりできました。 また利用したいです。","","","YUKIKO"
"","FALSE","楽天トラベル","4","2026-02-14","夫婦と２歳の娘で宿泊しました。 ファミリールームへグレードアップして頂き、広々宿泊できて満足しています 中華街へも歩いて行けて便利でした。 娘は添い寝でしたが、十分でした。 朝食も無料でついたので、お得に泊まることができたと思います。ラウンジで無料のドリンクも飲むことができ、蓋付きで部屋へ持っていくことができたのも良かったです。","","","夫婦と２歳の娘で宿泊しました。 ファミリールームへグレードアップして頂き、広々宿泊できて満足しています 中華街へも歩いて行けて便利でした。 娘は添い寝でしたが、十分でした。 朝食も無料でついたので、お得に泊まることができたと思います。ラウンジで無料のドリンクも飲むことができ、蓋付きで部屋へ持っていくことができたのも良かったです。","","","まるはむたち","","FALSE","楽天トラベル","4","2026-02-19","自動チェックインシステムも便利、清潔で設備も十分だと思います。 コンビニが目の前にあるのも便利でした。","","","自動チェックインシステムも便利、清潔で設備も十分だと思います。 コンビニが目の前にあるのも便利でした。","","","Kaniko"
"","FALSE","じゃらん","4","2026-02-14","家族旅行で利用しました。駅から近くて，中華街も徒歩圏内。部屋も清潔にされていて，朝食のスムージーが美味しかったです。","","","家族旅行で利用しました。駅から近くて，中華街も徒歩圏内。部屋も清潔にされていて，朝食のスムージーが美味しかったです。","","","不明","","FALSE","じゃらん","4","2026-02-19","横浜のクリスマスマーケットに行くときの宿として使用させていただきました。  お風呂、部屋共に綺麗でゆっくり休むことができました。","","","横浜のクリスマスマーケットに行くときの宿として使用させていただきました。  お風呂、部屋共に綺麗でゆっくり休むことができました。","","","たいきさん"
"","FALSE","Booking.com","8","2026-02-13","","ベットが良かった","","","ベットが良かった","","Jupei","","FALSE","Booking.com","8","2026-02-18","","朝食が美味しかった","チケットが買えなかった","","朝食が美味しかった","チケットが買えなかった","後藤"
"","FALSE","じゃらん","4","2026-02-12","こちらのホテルは朝食があるので助かります。可もなく不可もなしという感じのホテルです。駅から近いので助かります。","","","こちらのホテルは朝食があるので助かります。可もなく不可もなしという感じのホテルです。駅から近いので助かります。","","","うらちゃんさん","","FALSE","Google","4","2026-02-18","スタッフ⋯可もなく不可もなくですが、丁寧な対応をされます。  客室⋯他の部屋か廊下かは分かりませんが結構声が聞こえる。  朝食⋯可もなく不可もなく。必要十分な種類。 ただ客室のキャパの割に朝食会場が狭い。  場所⋯近くにコンビニ▪️飲食店も多く、呑んでほろ酔いでもすぐに戻れて便利。 中華街までも10分ほどで行けます。  基本コンフォートホテルさんは好きなのでまた機会があれば宿泊したいですね。","","","スタッフ⋯可もなく不可もなくですが、丁寧な対応をされます。  客室⋯他の部屋か廊下かは分かりませんが結構声が聞こえる。  朝食⋯可もなく不可もなく。必要十分な種類。 ただ客室のキャパの割に朝食会場が狭い。  場所⋯近くにコンビニ▪️飲食店も多く、呑んでほろ酔いでもすぐに戻れて便利。 中華街までも10分ほどで行けます。  基本コンフォートホテルさんは好きなのでまた機会があれば宿泊したいですね。","","","冨田健司"
"","FALSE","楽天トラベル","4","2026-02-11","イベント参加のために雪に備えて急きょ予約。横浜周辺では良心的なお値段。土曜日のため、空室を探すのに必死だった。新しい建物ではないが、丁寧に手入れと掃除がされていて、心地よく過ごすことができた。関内駅からもわかりやすい。無料の朝食や自由に飲めるドリンクコーナーなどあり。スタッフのかたが皆感じが良かった。結局はひとが大切です。 ","","","イベント参加のために雪に備えて急きょ予約。横浜周辺では良心的なお値段。土曜日のため、空室を探すのに必死だった。新しい建物ではないが、丁寧に手入れと掃除がされていて、心地よく過ごすことができた。関内駅からもわかりやすい。無料の朝食や自由に飲めるドリンクコーナーなどあり。スタッフのかたが皆感じが良かった。結局はひとが大切です。 ","","","1人旅が好きです","","FALSE","Trip.com","10","2026-02-17","よかったですー","","","よかったですー","","","ゲ‍ス‍ト"
"","FALSE","Booking.com","8","2026-02-11","","駅から近くにある。","","","駅から近くにある。","","Akira","","FALSE","Booking.com","5","2026-02-17","","関内駅からは近いかも","日程を変更したが、スタッフ間で共有されていない。１月２日に施設、その後にBooking.comへ。Booking.comへの連絡時は、途中待たされて、その間にBooking.comと施設間で連絡を取ったとBooking.comの担当から言われた。その際に、施設側にも伝わったとされた。しかし、チェックイン、チェックアウトで日程変更できない、返金できないなどを言われた。返金率も、悪い。","","関内駅からは近いかも","日程を変更したが、スタッフ間で共有されていない。１月２日に施設、その後にBooking.comへ。Booking.comへの連絡時は、途中待たされて、その間にBooking.comと施設間で連絡を取ったとBooking.comの担当から言われた。その際に、施設側にも伝わったとされた。しかし、チェックイン、チェックアウトで日程変更できない、返金できないなどを言われた。返金率も、悪い。","Hiroyuki"
"","FALSE","Booking.com","4","2026-02-11","","場所","全体に窮屈","","場所","全体に窮屈","Shunichi","","FALSE","Booking.com","5","2026-02-17","","","","","","","Kenhchi"
"","FALSE","Booking.com","8","2026-02-10","","駅から近い","朝食が混む","","駅から近い","朝食が混む","Takemi","","FALSE","楽天トラベル","5","2026-02-17","部屋の設備は普通ですが、朝食が美味しかった。","","","部屋の設備は普通ですが、朝食が美味しかった。","","","Rara1213"
"","FALSE","楽天トラベル","4","2026-02-10","スタッフの気遣いを感じられるホテル。 チェックインは、機械で行うので、いちいち用紙に記入する必要がないので、スムーズ。 チェックイン時の説明は丁寧で、部屋の暖房がついていて気遣いを感じた。 朝食は無料ですが、少しおかずが少ない印象。 朝食後にエレベータ前で掲示物を見ていたら、ホテルの方がさっとエレベータの釦を押してくれたのには、感心させられた。","","","スタッフの気遣いを感じられるホテル。 チェックインは、機械で行うので、いちいち用紙に記入する必要がないので、スムーズ。 チェックイン時の説明は丁寧で、部屋の暖房がついていて気遣いを感じた。 朝食は無料ですが、少しおかずが少ない印象。 朝食後にエレベータ前で掲示物を見ていたら、ホテルの方がさっとエレベータの釦を押してくれたのには、感心させられた。","","","不明","","FALSE","楽天トラベル","5","2026-02-17","お部屋が清潔で良かったです。 朝食美味しかったです。","","","お部屋が清潔で良かったです。 朝食美味しかったです。","","","Shujji"
"","FALSE","楽天トラベル","4","2026-02-10","駅ちかで便利でした。横浜に行く際はまた検討します。","","","駅ちかで便利でした。横浜に行く際はまた検討します。","","","hirotaku8436","","FALSE","楽天トラベル","4","2026-02-17","部屋はきれいでした。朝食も充実してて美味しかったです。","","","部屋はきれいでした。朝食も充実してて美味しかったです。","","","you1234555"
"","FALSE","Google","1","2026-02-09","","","","","","","KAZUNARI UEDA","","FALSE","Booking.com","8","2026-02-17","","","","","","","Keiko"
"","FALSE","楽天トラベル","4","2026-02-08","フロントの対応がとてもよかったです。チェックイン、アウトともスムーズでした。","","","フロントの対応がとてもよかったです。チェックイン、アウトともスムーズでした。","","","MINI-PH","","FALSE","じゃらん","5","2026-02-17","桜木町からロープウェイでワールドポーターズ、ラーメン博物館、赤レンガ倉庫を観光して歩いてホテルへ。  少し早かったけどタッチパネルを使ってチェックインできました。ツインの部屋は広くて圧迫感もなく、バスルームは段差があり少し古い感じがしたけど  全体的に清潔感があり、ゆったりくつろげました。  朝食も無料とは思えないくらい品数もあり、スムージーが美味しかったです。  関内駅にも近くてコンビニ、スーパーもあり飲食店もたくさんありました。  また機会があれば泊まりに行きたいと思います。  ありがとうございました。","","","桜木町からロープウェイでワールドポーターズ、ラーメン博物館、赤レンガ倉庫を観光して歩いてホテルへ。  少し早かったけどタッチパネルを使ってチェックインできました。ツインの部屋は広くて圧迫感もなく、バスルームは段差があり少し古い感じがしたけど  全体的に清潔感があり、ゆったりくつろげました。  朝食も無料とは思えないくらい品数もあり、スムージーが美味しかったです。  関内駅にも近くてコンビニ、スーパーもあり飲食店もたくさんありました。  また機会があれば泊まりに行きたいと思います。  ありがとうございました。","","","めぐさん"
"","FALSE","楽天トラベル","4","2026-02-08","この値段で朝食もついてくるので大満足です。立地も駅に近く居酒屋など食べるところたくさんあり、利便性抜群です。子供用にタオルも貸し出してくれてサービスも満足しました。","","","この値段で朝食もついてくるので大満足です。立地も駅に近く居酒屋など食べるところたくさんあり、利便性抜群です。子供用にタオルも貸し出してくれてサービスも満足しました。","","","マシトーニ","","FALSE","楽天トラベル","5","2026-02-16","家族4人で利用させて頂きました。 電子レンジあり 一般的なビジネスホテルです。 駅からも少し歩きますが近くにコンビニもあり立地的には良いです。 朝食も無料なのに品数もあり子供2人も満足してました。 以前はゆで卵があった気がしますが、今回はなかったのであると嬉しいです。 珈琲や紅茶がウェルカ厶ドリンクで飲めて良かったです。","","","家族4人で利用させて頂きました。 電子レンジあり 一般的なビジネスホテルです。 駅からも少し歩きますが近くにコンビニもあり立地的には良いです。 朝食も無料なのに品数もあり子供2人も満足してました。 以前はゆで卵があった気がしますが、今回はなかったのであると嬉しいです。 珈琲や紅茶がウェルカ厶ドリンクで飲めて良かったです。","","","MOTA3"
"","FALSE","じゃらん","2","2026-02-08","年末年始はインバウンド客多く、フロントはトランクと人でごった返し、朝の食事も長蛇の列で使えませんでした。あと年末年始はホテル近隣の店ほぼ閉まっています。","","","年末年始はインバウンド客多く、フロントはトランクと人でごった返し、朝の食事も長蛇の列で使えませんでした。あと年末年始はホテル近隣の店ほぼ閉まっています。","","","DXMXXさん","","FALSE","楽天トラベル","5","2026-02-16","とても食事が美味しかったです！","","","とても食事が美味しかったです！","","","やまーあかさたな"
"","FALSE","じゃらん","4","2026-02-08","受付を通る際に必ずホテルの方が挨拶をしてくださったのが大変よかったと思います。係の方の対応も丁寧で、他のコンフォートホテルさんでも同様でしたので、ホテルの教育が徹底されているんだなと思いました。","","","受付を通る際に必ずホテルの方が挨拶をしてくださったのが大変よかったと思います。係の方の対応も丁寧で、他のコンフォートホテルさんでも同様でしたので、ホテルの教育が徹底されているんだなと思いました。","","","たけさん","","FALSE","じゃらん","4","2026-02-16","チェックインの際も丁寧な接客で大変気持ちが良かったです。両手がふさがっていた際もエレベーターのボタンを押して下さったり気を遣っていただきました。接遇教育がしっかりされていると感じました。","","","チェックインの際も丁寧な接客で大変気持ちが良かったです。両手がふさがっていた際もエレベーターのボタンを押して下さったり気を遣っていただきました。接遇教育がしっかりされていると感じました。","","","やっちゃんさん"
"","FALSE","じゃらん","3","2026-02-08","年末年始はインバウンド客多く、フロントはトランクと人でごった返し、朝の食事も長蛇の列で使えませんでした。あと年末年始はホテル近隣の店ほぼ閉まっています。","","","年末年始はインバウンド客多く、フロントはトランクと人でごった返し、朝の食事も長蛇の列で使えませんでした。あと年末年始はホテル近隣の店ほぼ閉まっています。","","","DXMXXさん","","FALSE","楽天トラベル","4","2026-02-15","朝食が美味しかったです スムージーも2種類有り良かった フロントの方も外国の人でしたが会話もスムーズ 道案内もとても丁寧　親切でありがたかったです 又　機会有れば利用したいです","","","朝食が美味しかったです スムージーも2種類有り良かった フロントの方も外国の人でしたが会話もスムーズ 道案内もとても丁寧　親切でありがたかったです 又　機会有れば利用したいです","","","ホワイトエンジェル"
"","FALSE","Booking.com","8","2026-02-07","","当ホテルは便利なロケーション、温かく行き届いたサービス、そして美味しい朝食を誇ります。","お酒を飲みながらおしゃべりを楽しむ人には、部屋に椅子が 2 つあると便利です。","","当ホテルは便利なロケーション、温かく行き届いたサービス、そして美味しい朝食を誇ります。","お酒を飲みながらおしゃべりを楽しむ人には、部屋に椅子が 2 つあると便利です。","Hiroshi","","FALSE","Booking.com","10","2026-02-15","","全て良かった","ない","","全て良かった","ない","Minako"
"","FALSE","Booking.com","8","2026-02-07","","朝食はよかった","特になし","","朝食はよかった","特になし","Yuji","","FALSE","楽天トラベル","5","2026-02-15","フリードリンクのサービスが良かったです。 お部屋も清潔で快適に過ごせました。 朝食のビュッフェでは、スタッフの方がマメに交換してくれるので、欲しいものが切れているような残念感がなくて良かったです。","","","フリードリンクのサービスが良かったです。 お部屋も清潔で快適に過ごせました。 朝食のビュッフェでは、スタッフの方がマメに交換してくれるので、欲しいものが切れているような残念感がなくて良かったです。","","","ALEX☆"
"","FALSE","Booking.com","10","2026-02-07","","","","","","","Toshio","","FALSE","じゃらん","4","2026-02-14","家族旅行で利用しました。駅から近くて，中華街も徒歩圏内。部屋も清潔にされていて，朝食のスムージーが美味しかったです。","","","家族旅行で利用しました。駅から近くて，中華街も徒歩圏内。部屋も清潔にされていて，朝食のスムージーが美味しかったです。","","","堀ちゃんさん"
"","FALSE","Trip.com","10","2026-02-07","Superb experience for a bargain price, in a super-central location. The Blue line (Yokohama subway) is one block away and other lines aren't much further. Neat and tidy rooms and a fantastic buffet breakfast await. I have traveled all over Japan and can't remember a better experience, especially for the money. The sun-soaked daytime 'Library Cafe' caps it off to provide a Zen-like space to get work done or relax with a complimentary coffee.","","","最高のロケーションで、お手頃価格の素晴らしい滞在体験ができます。ブルーライン（横浜地下鉄）の駅はわずか1ブロック先で、他の路線もすぐ近くです。清潔で整頓された客室と、素晴らしいビュッフェ式朝食が待っています。日本中を旅してきましたが、特にこの価格でこれほど素晴らしい体験は他に記憶にありません。日中は陽光が降り注ぐ「ライブラリーカフェ」が、仕事をしたり、無料のコーヒーを飲みながらリラックスしたりできる、禅のような空間を提供してくれます。","","","M‍a‍r‍i‍s‍h‍ ‍M‍a‍c‍k‍o‍w‍i‍a‍k","","FALSE","楽天トラベル","5","2026-02-14","久しぶりの横浜、夫婦で宿泊させていただきました。中華街にも近く、立地がよい。設備に関しては豪華や高級ではないが、必要にして十分でした。","","","久しぶりの横浜、夫婦で宿泊させていただきました。中華街にも近く、立地がよい。設備に関しては豪華や高級ではないが、必要にして十分でした。","","","carlos33"
"","FALSE","Booking.com","8","2026-02-06","","","","","","","Yumi","","FALSE","楽天トラベル","4","2026-02-14","夫婦と２歳の娘で宿泊しました。 ファミリールームへグレードアップして頂き、広々宿泊できて満足しています 中華街へも歩いて行けて便利でした。 娘は添い寝でしたが、十分でした。 朝食も無料でついたので、お得に泊まることができたと思います。ラウンジで無料のドリンクも飲むことができ、蓋付きで部屋へ持っていくことができたのも良かったです。","","","夫婦と２歳の娘で宿泊しました。 ファミリールームへグレードアップして頂き、広々宿泊できて満足しています 中華街へも歩いて行けて便利でした。 娘は添い寝でしたが、十分でした。 朝食も無料でついたので、お得に泊まることができたと思います。ラウンジで無料のドリンクも飲むことができ、蓋付きで部屋へ持っていくことができたのも良かったです。","","","まるはむたち"
"","FALSE","Booking.com","5","2026-02-05","","","Cleaning","","","クリーニング","Akemi","","FALSE","じゃらん","4","2026-02-14","家族旅行で利用しました。駅から近くて，中華街も徒歩圏内。部屋も清潔にされていて，朝食のスムージーが美味しかったです。","","","家族旅行で利用しました。駅から近くて，中華街も徒歩圏内。部屋も清潔にされていて，朝食のスムージーが美味しかったです。","","","不明"
"","","","","","","","","","","","","","FALSE","Booking.com","8","2026-02-13","","ベットが良かった","","","ベットが良かった","","Jupei"
"","","","","","","","","","","","","","FALSE","じゃらん","4","2026-02-12","こちらのホテルは朝食があるので助かります。可もなく不可もなしという感じのホテルです。駅から近いので助かります。","","","こちらのホテルは朝食があるので助かります。可もなく不可もなしという感じのホテルです。駅から近いので助かります。","","","うらちゃんさん"
"","","","","","","","","","","","","","FALSE","楽天トラベル","4","2026-02-11","イベント参加のために雪に備えて急きょ予約。横浜周辺では良心的なお値段。土曜日のため、空室を探すのに必死だった。新しい建物ではないが、丁寧に手入れと掃除がされていて、心地よく過ごすことができた。関内駅からもわかりやすい。無料の朝食や自由に飲めるドリンクコーナーなどあり。スタッフのかたが皆感じが良かった。結局はひとが大切です。 ","","","イベント参加のために雪に備えて急きょ予約。横浜周辺では良心的なお値段。土曜日のため、空室を探すのに必死だった。新しい建物ではないが、丁寧に手入れと掃除がされていて、心地よく過ごすことができた。関内駅からもわかりやすい。無料の朝食や自由に飲めるドリンクコーナーなどあり。スタッフのかたが皆感じが良かった。結局はひとが大切です。 ","","","1人旅が好きです"
"","","","","","","","","","","","","","FALSE","Booking.com","8","2026-02-11","","駅から近くにある。","","","駅から近くにある。","","Akira"
"","","","","","","","","","","","","","FALSE","Booking.com","4","2026-02-11","","場所","全体に窮屈","","場所","全体に窮屈","Shunichi"
"","","","","","","","","","","","","","FALSE","Booking.com","8","2026-02-10","","駅から近い","朝食が混む","","駅から近い","朝食が混む","Takemi"
"","","","","","","","","","","","","","FALSE","楽天トラベル","4","2026-02-10","スタッフの気遣いを感じられるホテル。 チェックインは、機械で行うので、いちいち用紙に記入する必要がないので、スムーズ。 チェックイン時の説明は丁寧で、部屋の暖房がついていて気遣いを感じた。 朝食は無料ですが、少しおかずが少ない印象。 朝食後にエレベータ前で掲示物を見ていたら、ホテルの方がさっとエレベータの釦を押してくれたのには、感心させられた。","","","スタッフの気遣いを感じられるホテル。 チェックインは、機械で行うので、いちいち用紙に記入する必要がないので、スムーズ。 チェックイン時の説明は丁寧で、部屋の暖房がついていて気遣いを感じた。 朝食は無料ですが、少しおかずが少ない印象。 朝食後にエレベータ前で掲示物を見ていたら、ホテルの方がさっとエレベータの釦を押してくれたのには、感心させられた。","","","不明"
"","","","","","","","","","","","","","FALSE","楽天トラベル","4","2026-02-10","駅ちかで便利でした。横浜に行く際はまた検討します。","","","駅ちかで便利でした。横浜に行く際はまた検討します。","","","hirotaku8436"
"","","","","","","","","","","","","","FALSE","Google","1","2026-02-09","","","","","","","KAZUNARI UEDA"
"","","","","","","","","","","","","","FALSE","楽天トラベル","4","2026-02-08","フロントの対応がとてもよかったです。チェックイン、アウトともスムーズでした。","","","フロントの対応がとてもよかったです。チェックイン、アウトともスムーズでした。","","","MINI-PH"
"","","","","","","","","","","","","","FALSE","楽天トラベル","4","2026-02-08","この値段で朝食もついてくるので大満足です。立地も駅に近く居酒屋など食べるところたくさんあり、利便性抜群です。子供用にタオルも貸し出してくれてサービスも満足しました。","","","この値段で朝食もついてくるので大満足です。立地も駅に近く居酒屋など食べるところたくさんあり、利便性抜群です。子供用にタオルも貸し出してくれてサービスも満足しました。","","","マシトーニ"
"","","","","","","","","","","","","","FALSE","じゃらん","2","2026-02-08","年末年始はインバウンド客多く、フロントはトランクと人でごった返し、朝の食事も長蛇の列で使えませんでした。あと年末年始はホテル近隣の店ほぼ閉まっています。","","","年末年始はインバウンド客多く、フロントはトランクと人でごった返し、朝の食事も長蛇の列で使えませんでした。あと年末年始はホテル近隣の店ほぼ閉まっています。","","","DXMXXさん"
"","","","","","","","","","","","","","FALSE","じゃらん","4","2026-02-08","受付を通る際に必ずホテルの方が挨拶をしてくださったのが大変よかったと思います。係の方の対応も丁寧で、他のコンフォートホテルさんでも同様でしたので、ホテルの教育が徹底されているんだなと思いました。","","","受付を通る際に必ずホテルの方が挨拶をしてくださったのが大変よかったと思います。係の方の対応も丁寧で、他のコンフォートホテルさんでも同様でしたので、ホテルの教育が徹底されているんだなと思いました。","","","たけさん"
"","","","","","","","","","","","","","FALSE","じゃらん","3","2026-02-08","年末年始はインバウンド客多く、フロントはトランクと人でごった返し、朝の食事も長蛇の列で使えませんでした。あと年末年始はホテル近隣の店ほぼ閉まっています。","","","年末年始はインバウンド客多く、フロントはトランクと人でごった返し、朝の食事も長蛇の列で使えませんでした。あと年末年始はホテル近隣の店ほぼ閉まっています。","","","DXMXXさん"
"","","","","","","","","","","","","","FALSE","Booking.com","8","2026-02-07","","当ホテルは便利なロケーション、温かく行き届いたサービス、そして美味しい朝食を誇ります。","お酒を飲みながらおしゃべりを楽しむ人には、部屋に椅子が 2 つあると便利です。","","当ホテルは便利なロケーション、温かく行き届いたサービス、そして美味しい朝食を誇ります。","お酒を飲みながらおしゃべりを楽しむ人には、部屋に椅子が 2 つあると便利です。","Hiroshi"
"","","","","","","","","","","","","","FALSE","Booking.com","8","2026-02-07","","朝食はよかった","特になし","","朝食はよかった","特になし","Yuji"
"","","","","","","","","","","","","","FALSE","Booking.com","10","2026-02-07","","","","","","","Toshio"
"","","","","","","","","","","","","","FALSE","Trip.com","10","2026-02-07","Superb experience for a bargain price, in a super-central location. The Blue line (Yokohama subway) is one block away and other lines aren't much further. Neat and tidy rooms and a fantastic buffet breakfast await. I have traveled all over Japan and can't remember a better experience, especially for the money. The sun-soaked daytime 'Library Cafe' caps it off to provide a Zen-like space to get work done or relax with a complimentary coffee.","","","最高のロケーションで、お手頃価格の素晴らしい滞在体験ができます。ブルーライン（横浜地下鉄）の駅はわずか1ブロック先で、他の路線もすぐ近くです。清潔で整頓された客室と、素晴らしいビュッフェ式朝食が待っています。日本中を旅してきましたが、特にこの価格でこれほど素晴らしい体験は他に記憶にありません。日中は陽光が降り注ぐ「ライブラリーカフェ」が、仕事をしたり、無料のコーヒーを飲みながらリラックスしたりできる、禅のような空間を提供してくれます。","","","M‍a‍r‍i‍s‍h‍ ‍M‍a‍c‍k‍o‍w‍i‍a‍k"
"","","","","","","","","","","","","","FALSE","Booking.com","8","2026-02-06","","","","","","","Yumi"
"","","","","","","","","","","","","","FALSE","Booking.com","5","2026-02-05","","","Cleaning","","","クリーニング","Akemi"