"","検索文字 URL： チェック","コンフォートイン東京六本木 サイト名","検索年月： 評価","2026年 投稿日","03月 コメント(全体)","範囲： コメント(良い点)","!A1:K コメント(改善点)","コメント（翻訳:全体)","コメント（翻訳:良い)","コメント（翻訳:改善点)","投稿者","","","","","関数用 2026年 2026年 ","02月 03月 ","","!A2:K75 ","","","",""
"","FALSE","楽天トラベル","4","2026-03-26","六本木駅から近い立地で良かったです。 コンビニも割と近くにあり、利便性も良いですね。 部屋はコンパクトでは有りますが、立地と価格を考えたら良い方かな？とは思います。 コーヒーのウェルカムドリンクが有りました。","","","六本木駅から近い立地で良かったです。 コンビニも割と近くにあり、利便性も良いですね。 部屋はコンパクトでは有りますが、立地と価格を考えたら良い方かな？とは思います。 コーヒーのウェルカムドリンクが有りました。","","","ドン・ケローネ","","FALSE","楽天トラベル","4","2026-03-26","六本木駅から近い立地で良かったです。 コンビニも割と近くにあり、利便性も良いですね。 部屋はコンパクトでは有りますが、立地と価格を考えたら良い方かな？とは思います。 コーヒーのウェルカムドリンクが有りました。","","","六本木駅から近い立地で良かったです。 コンビニも割と近くにあり、利便性も良いですね。 部屋はコンパクトでは有りますが、立地と価格を考えたら良い方かな？とは思います。 コーヒーのウェルカムドリンクが有りました。","","","ドン・ケローネ"
"","FALSE","Trip.com","9","2026-03-26","雖然是經濟酒店，但真的出乎意料的不錯。本以為會像之前新加坡住的四星級酒店一樣，比較陳舊和小。實際住下來，房間小是小，但應有盡有，而且整潔程度非常好。就是窗户依然是不能打開，而且這窗户還貼了防窺膜，完全沒辦法看到外面，跟國內還是有所不同。","","","格安ホテルだったにもかかわらず、意外にも良かった。以前シンガポールで泊まった4つ星ホテルのように、古くて狭いだろうと思っていたのだが、部屋は確かに狭かったものの、必要なものはすべて揃っていて、とても清潔だった。唯一の難点は、窓が開かず、プライバシーフィルムが貼られていたため、外が全く見えなかったことだ。これは中国のホテルとは違っていた。","","","h‍m‍e‍i‍-‍1‍9‍9‍4","","FALSE","Trip.com","9","2026-03-26","雖然是經濟酒店，但真的出乎意料的不錯。本以為會像之前新加坡住的四星級酒店一樣，比較陳舊和小。實際住下來，房間小是小，但應有盡有，而且整潔程度非常好。就是窗户依然是不能打開，而且這窗户還貼了防窺膜，完全沒辦法看到外面，跟國內還是有所不同。","","","格安ホテルだったにもかかわらず、意外にも良かった。以前シンガポールで泊まった4つ星ホテルのように、古くて狭いだろうと思っていたのだが、部屋は確かに狭かったものの、必要なものはすべて揃っていて、とても清潔だった。唯一の難点は、窓が開かず、プライバシーフィルムが貼られていたため、外が全く見えなかったことだ。これは中国のホテルとは違っていた。","","","h‍m‍e‍i‍-‍1‍9‍9‍4"
"","FALSE","Booking.com","8","2026-03-26","","","","","","","Mayara","","FALSE","Booking.com","8","2026-03-26","","","","","","","Mayara"
"","FALSE","Booking.com","7","2026-03-26","","도쿄 숙소 중에 엄청 넓은 편이고 롯폰기 역 거의 바로 앞이라 좋았어요! 엘레베이터 있는 출구에서는 조금 더 멀지만 큰 짐 없이 이동 시에는 역에서 매우매우 가깝습니다. 작지만 욕조도 있고, 로비에서 커피도 무료로 줘서 괜찮았어요. 나리타 공항에서는 접근성이 좋은 편은 아니지만 도쿄 여기저기 다니기는 매우 괜찮습니다. 롯폰기역 나와서 호텔 가기 전에 패밀리마트있고 돈키호테 가는쪽에 세븐일레븐 있어요. 칼같이 3시 체크인 시켜주시긴 하지만 큰 단점은 아니라고 생각합니다. 청소도 매일 해주셔서 좋았어요!","호텔이 도로에 가까이 붙어있어서 밤에 예민하신 분들은 귀마개 챙겨오셔야 할듯해요. 그리고 욕실이 좀 낡은 점? 빼고는 크게 단점이 없었어요 편의점이 패미마 말고는 아주 가까이 없다는 점이 조오금 아쉬워요","","東京宿舎の中でとても広い方で、六本木駅ほぼすぐ前で良かったです！エレベーターのある出口からはもう少し遠いですが、大きな荷物なしで移動時には駅からとてもとても近いです。小さいけど浴槽もあって、ロビーでコーヒーも無料でくれてよかったです。成田空港ではアクセシビリティが良い方ではありませんが、東京のあちこちで通うのはとても大丈夫です。六本木駅出てホテルに行く前にファミリーマートあり、ドン・キホーテ行く側にセブンイレブンあります。剣のように3時チェックインさせていただきますが大きな欠点ではないと思います。掃除も毎日してくれてよかったです！","ホテルが道路に近づいていて、夜に鋭敏な方は耳栓を持って来なければならないようです。そしてバスルームが少し古い点？それ以外には大きな欠点がありませんでした。","서현","","FALSE","Booking.com","7","2026-03-26","","도쿄 숙소 중에 엄청 넓은 편이고 롯폰기 역 거의 바로 앞이라 좋았어요! 엘레베이터 있는 출구에서는 조금 더 멀지만 큰 짐 없이 이동 시에는 역에서 매우매우 가깝습니다. 작지만 욕조도 있고, 로비에서 커피도 무료로 줘서 괜찮았어요. 나리타 공항에서는 접근성이 좋은 편은 아니지만 도쿄 여기저기 다니기는 매우 괜찮습니다. 롯폰기역 나와서 호텔 가기 전에 패밀리마트있고 돈키호테 가는쪽에 세븐일레븐 있어요. 칼같이 3시 체크인 시켜주시긴 하지만 큰 단점은 아니라고 생각합니다. 청소도 매일 해주셔서 좋았어요!","호텔이 도로에 가까이 붙어있어서 밤에 예민하신 분들은 귀마개 챙겨오셔야 할듯해요. 그리고 욕실이 좀 낡은 점? 빼고는 크게 단점이 없었어요 편의점이 패미마 말고는 아주 가까이 없다는 점이 조오금 아쉬워요","","東京宿舎の中でとても広い方で、六本木駅ほぼすぐ前で良かったです！エレベーターのある出口からはもう少し遠いですが、大きな荷物なしで移動時には駅からとてもとても近いです。小さいけど浴槽もあって、ロビーでコーヒーも無料でくれてよかったです。成田空港ではアクセシビリティが良い方ではありませんが、東京のあちこちで通うのはとても大丈夫です。六本木駅出てホテルに行く前にファミリーマートあり、ドン・キホーテ行く側にセブンイレブンあります。剣のように3時チェックインさせていただきますが大きな欠点ではないと思います。掃除も毎日してくれてよかったです！","ホテルが道路に近づいていて、夜に鋭敏な方は耳栓を持って来なければならないようです。そしてバスルームが少し古い点？それ以外には大きな欠点がありませんでした。","서현"
"","FALSE","Booking.com","10","2026-03-25","","Everything was fine clean room staff were amazing great location","I wouldnt let the included breakfast sway you to stay here it wasnt very good","","全てが順調で、部屋は清潔で、スタッフも素晴らしく、立地も最高でした。","朝食付きだからといってここに泊まるのはお勧めしません。あまり美味しくありませんでした。","Micheal","","FALSE","Booking.com","10","2026-03-25","","Everything was fine clean room staff were amazing great location","I wouldnt let the included breakfast sway you to stay here it wasnt very good","","全てが順調で、部屋は清潔で、スタッフも素晴らしく、立地も最高でした。","朝食付きだからといってここに泊まるのはお勧めしません。あまり美味しくありませんでした。","Micheal"
"","FALSE","Booking.com","7","2026-03-25","","","","","","","Mai","","FALSE","Booking.com","7","2026-03-25","","","","","","","Mai"
"","FALSE","Booking.com","10","2026-03-24","","","","","","","Ella","","FALSE","Booking.com","10","2026-03-24","","","","","","","Ella"
"","FALSE","Booking.com","8","2026-03-24","","The Thai breakfast was a pleasant surprise. While not the best Thai food I have aver tasted in Tokyo, it was still good and a nice change from standard hotel breakfast fare. The room was very comfortable, with a very large bathroom by Japanese business hotel standards.","Nothing I can think of.","","タイ風朝食は嬉しい驚きでした。東京で食べたタイ料理の中で最高とは言えませんが、それでも美味しく、一般的なホテルの朝食とは違った良い気分転換になりました。部屋はとても快適で、日本のビジネスホテルの基準からするとバスルームが非常に広かったです。","思い当たる節はない。","Keren","","FALSE","Booking.com","8","2026-03-24","","The Thai breakfast was a pleasant surprise. While not the best Thai food I have aver tasted in Tokyo, it was still good and a nice change from standard hotel breakfast fare. The room was very comfortable, with a very large bathroom by Japanese business hotel standards.","Nothing I can think of.","","タイ風朝食は嬉しい驚きでした。東京で食べたタイ料理の中で最高とは言えませんが、それでも美味しく、一般的なホテルの朝食とは違った良い気分転換になりました。部屋はとても快適で、日本のビジネスホテルの基準からするとバスルームが非常に広かったです。","思い当たる節はない。","Keren"
"","FALSE","Google","4","2026-03-23","2泊スケジュール。古いホテルです。日本ビジネスホテルの代表ランナーでもあります。古いホテルですが、かなり大きな部屋を手に入れることができてここで決めました。東京ビジネス級で3つ星ホテルでは、なぜならこの程度の大きさの部屋を手に入れることが難しいようです。コスト面では一ヶ月前の予約ですが、最近の国際情勢が不安なうえ、日本も物価がどんどん上がっているのか、価格が安くはありません。   比較的綺麗に保たれるようだが昔のようではないよう。よく覗くとほこりが見えて、トイレ便器の裏側の隙間には黒くカビが座って...そんなに見えるからちょっと...ますます難しくなるのが感じられる。とにかくここファミリールームのツインベッドルームはエキストラベッドに増えて4人まで入るのに十分ですね。 44平方平方なので空間をゆっくりと使えていいです。水が涼しくよく出てきます。バスルーム、トイレは小さいですが、そのまま水がよく出て水伝も最近変えたようです。新しいものです。全体的にはとても管理されています。  欠点/ 1. 窓の外にすぐに高架道路があるので防音がうまくいきません。窓がベッドヘッドにあり、ピヨピヨの音がよく聞こえます。窓際家のような感じ〜 2.従業員サービスはあまりありません。毎年出張に、旅行に、しばしば日本に行っていますが、このような経験は初めてなのか。完全不親切に気分が悪い。 3.ほこりが多いです。拭くところだけ拭くか、他の場所は拭き取る。ヘッドの天板にほこりが挟まれます。ヘッド照明が切れて折れてしまったのを惜しんでいるのか…黒い絶縁テープで突き回して放置するホテル設備管理の状態は理解できない。","","","2泊スケジュール。古いホテルです。日本ビジネスホテルの代表ランナーでもあります。古いホテルですが、かなり大きな部屋を手に入れることができてここで決めました。東京ビジネス級で3つ星ホテルでは、なぜならこの程度の大きさの部屋を手に入れることが難しいようです。コスト面では一ヶ月前の予約ですが、最近の国際情勢が不安なうえ、日本も物価がどんどん上がっているのか、価格が安くはありません。   比較的綺麗に保たれるようだが昔のようではないよう。よく覗くとほこりが見えて、トイレ便器の裏側の隙間には黒くカビが座って...そんなに見えるからちょっと...ますます難しくなるのが感じられる。とにかくここファミリールームのツインベッドルームはエキストラベッドに増えて4人まで入るのに十分ですね。 44平方平方なので空間をゆっくりと使えていいです。水が涼しくよく出てきます。バスルーム、トイレは小さいですが、そのまま水がよく出て水伝も最近変えたようです。新しいものです。全体的にはとても管理されています。  欠点/ 1. 窓の外にすぐに高架道路があるので防音がうまくいきません。窓がベッドヘッドにあり、ピヨピヨの音がよく聞こえます。窓際家のような感じ〜 2.従業員サービスはあまりありません。毎年出張に、旅行に、しばしば日本に行っていますが、このような経験は初めてなのか。完全不親切に気分が悪い。 3.ほこりが多いです。拭くところだけ拭くか、他の場所は拭き取る。ヘッドの天板にほこりが挟まれます。ヘッド照明が切れて折れてしまったのを惜しんでいるのか…黒い絶縁テープで突き回して放置するホテル設備管理の状態は理解できない。","","","일랑일랑","","FALSE","Google","4","2026-03-23","2泊スケジュール。古いホテルです。日本ビジネスホテルの代表ランナーでもあります。古いホテルですが、かなり大きな部屋を手に入れることができてここで決めました。東京ビジネス級で3つ星ホテルでは、なぜならこの程度の大きさの部屋を手に入れることが難しいようです。コスト面では一ヶ月前の予約ですが、最近の国際情勢が不安なうえ、日本も物価がどんどん上がっているのか、価格が安くはありません。   比較的綺麗に保たれるようだが昔のようではないよう。よく覗くとほこりが見えて、トイレ便器の裏側の隙間には黒くカビが座って...そんなに見えるからちょっと...ますます難しくなるのが感じられる。とにかくここファミリールームのツインベッドルームはエキストラベッドに増えて4人まで入るのに十分ですね。 44平方平方なので空間をゆっくりと使えていいです。水が涼しくよく出てきます。バスルーム、トイレは小さいですが、そのまま水がよく出て水伝も最近変えたようです。新しいものです。全体的にはとても管理されています。  欠点/ 1. 窓の外にすぐに高架道路があるので防音がうまくいきません。窓がベッドヘッドにあり、ピヨピヨの音がよく聞こえます。窓際家のような感じ〜 2.従業員サービスはあまりありません。毎年出張に、旅行に、しばしば日本に行っていますが、このような経験は初めてなのか。完全不親切に気分が悪い。 3.ほこりが多いです。拭くところだけ拭くか、他の場所は拭き取る。ヘッドの天板にほこりが挟まれます。ヘッド照明が切れて折れてしまったのを惜しんでいるのか…黒い絶縁テープで突き回して放置するホテル設備管理の状態は理解できない。","","","2泊スケジュール。古いホテルです。日本ビジネスホテルの代表ランナーでもあります。古いホテルですが、かなり大きな部屋を手に入れることができてここで決めました。東京ビジネス級で3つ星ホテルでは、なぜならこの程度の大きさの部屋を手に入れることが難しいようです。コスト面では一ヶ月前の予約ですが、最近の国際情勢が不安なうえ、日本も物価がどんどん上がっているのか、価格が安くはありません。   比較的綺麗に保たれるようだが昔のようではないよう。よく覗くとほこりが見えて、トイレ便器の裏側の隙間には黒くカビが座って...そんなに見えるからちょっと...ますます難しくなるのが感じられる。とにかくここファミリールームのツインベッドルームはエキストラベッドに増えて4人まで入るのに十分ですね。 44平方平方なので空間をゆっくりと使えていいです。水が涼しくよく出てきます。バスルーム、トイレは小さいですが、そのまま水がよく出て水伝も最近変えたようです。新しいものです。全体的にはとても管理されています。  欠点/ 1. 窓の外にすぐに高架道路があるので防音がうまくいきません。窓がベッドヘッドにあり、ピヨピヨの音がよく聞こえます。窓際家のような感じ〜 2.従業員サービスはあまりありません。毎年出張に、旅行に、しばしば日本に行っていますが、このような経験は初めてなのか。完全不親切に気分が悪い。 3.ほこりが多いです。拭くところだけ拭くか、他の場所は拭き取る。ヘッドの天板にほこりが挟まれます。ヘッド照明が切れて折れてしまったのを惜しんでいるのか…黒い絶縁テープで突き回して放置するホテル設備管理の状態は理解できない。","","","일랑일랑"
"","FALSE","楽天トラベル","5","2026-03-23","とても綺麗なお部屋で満足しました。","","","とても綺麗なお部屋で満足しました。","","","タモサボタニ","","FALSE","楽天トラベル","5","2026-03-23","とても綺麗なお部屋で満足しました。","","","とても綺麗なお部屋で満足しました。","","","タモサボタニ"
"","FALSE","Trip.com","10","2026-03-23","10分舒服的一間酒店設備又齊全非常新淨價錢合分合理，再來也會選擇他","","","とても快適で、設備も新しく、料金も非常にリーズナブルです。間違いなくまた利用したいと思います。","","","K‍e‍n‍n‍y‍b‍e‍e","","FALSE","Trip.com","10","2026-03-23","10分舒服的一間酒店設備又齊全非常新淨價錢合分合理，再來也會選擇他","","","とても快適で、設備も新しく、料金も非常にリーズナブルです。間違いなくまた利用したいと思います。","","","K‍e‍n‍n‍y‍b‍e‍e"
"","FALSE","Google","5","2026-03-23","","","","","","","DK Feng","","FALSE","Google","5","2026-03-23","","","","","","","DK Feng"
"","FALSE","楽天トラベル","5","2026-03-23","大人４人未就学児１人で利用しました。駅からも近く部屋はベッド４つで添い寝も問題なくゆったりとした部屋で大満足。スタッフの対応も良くいい時間を過ごすことができました。東京へ行く機会があればまた利用したいと思います。","","","大人４人未就学児１人で利用しました。駅からも近く部屋はベッド４つで添い寝も問題なくゆったりとした部屋で大満足。スタッフの対応も良くいい時間を過ごすことができました。東京へ行く機会があればまた利用したいと思います。","","","Ryo-1130","","FALSE","楽天トラベル","5","2026-03-23","大人４人未就学児１人で利用しました。駅からも近く部屋はベッド４つで添い寝も問題なくゆったりとした部屋で大満足。スタッフの対応も良くいい時間を過ごすことができました。東京へ行く機会があればまた利用したいと思います。","","","大人４人未就学児１人で利用しました。駅からも近く部屋はベッド４つで添い寝も問題なくゆったりとした部屋で大満足。スタッフの対応も良くいい時間を過ごすことができました。東京へ行く機会があればまた利用したいと思います。","","","Ryo-1130"
"","FALSE","Booking.com","10","2026-03-22","","The location and very comfortable place to stay.","Nothing.","","立地も良く、とても快適な滞在場所でした。","何もない。","Tudong","","FALSE","Booking.com","10","2026-03-22","","The location and very comfortable place to stay.","Nothing.","","立地も良く、とても快適な滞在場所でした。","何もない。","Tudong"
"","FALSE","Booking.com","9","2026-03-22","","","","","","","Ingo","","FALSE","Booking.com","9","2026-03-22","","","","","","","Ingo"
"","FALSE","Agoda","5","2026-03-22","立地は良いが部屋は狭く、外国人観光客も多いからか壁紙等も綺麗ではない。自分は狭い部屋に追いやられたのかと思ってしまうくらい部屋は狭いです。","","","立地は良いが部屋は狭く、外国人観光客も多いからか壁紙等も綺麗ではない。自分は狭い部屋に追いやられたのかと思ってしまうくらい部屋は狭いです。","","","SHIGEKI","","FALSE","Agoda","5","2026-03-22","立地は良いが部屋は狭く、外国人観光客も多いからか壁紙等も綺麗ではない。自分は狭い部屋に追いやられたのかと思ってしまうくらい部屋は狭いです。","","","立地は良いが部屋は狭く、外国人観光客も多いからか壁紙等も綺麗ではない。自分は狭い部屋に追いやられたのかと思ってしまうくらい部屋は狭いです。","","","SHIGEKI"
"","FALSE","Booking.com","8","2026-03-22","","駅からちかい スタッフの感じがいい","","","駅からちかい スタッフの感じがいい","","Yoko","","FALSE","Booking.com","8","2026-03-22","","駅からちかい スタッフの感じがいい","","","駅からちかい スタッフの感じがいい","","Yoko"
"","FALSE","Google","4","2026-03-22","古いホテルです。日本ビジネスホテルの代表ランナーでもあります。古いホテルですが、かなり大きな部屋を手に入れることができてここで決めました。東京ビジネス級で3つ星ホテルでは、なぜならこれくらいの大きさの部屋を手に入れることは難しいですが、最近の国際情勢が不安なうえ、日本も物価がどんどん上がっているのか、価格が安くはありません。比較的綺麗に保たれるようだが昔のようではないよう。よく覗くとほこりが見えて、トイレ便器の裏側の隙間には黒くカビが座って...そんなに見えるからちょっと...ますます難しくなるのが感じられる。とにかくここファミリールームのツインベッドルームはエキストラベッドに増えて4人まで入るのに十分ですね。 44平方平方なので空間をゆっくりと使えていいです。水が涼しくよく出てきます。バスルーム、トイレは小さいですが、そのまま水がよく出て水伝も最近変えたようです。新しいものです。全体的にはとても管理されています。  短所/窓の外がすぐに高架道路があるので防音がうまくいきません。窓がベッドヘッドにあり、ピヨピヨの音がよく聞こえます。窓際家のような感じ〜","","","古いホテルです。日本ビジネスホテルの代表ランナーでもあります。古いホテルですが、かなり大きな部屋を手に入れることができてここで決めました。東京ビジネス級で3つ星ホテルでは、なぜならこれくらいの大きさの部屋を手に入れることは難しいですが、最近の国際情勢が不安なうえ、日本も物価がどんどん上がっているのか、価格が安くはありません。比較的綺麗に保たれるようだが昔のようではないよう。よく覗くとほこりが見えて、トイレ便器の裏側の隙間には黒くカビが座って...そんなに見えるからちょっと...ますます難しくなるのが感じられる。とにかくここファミリールームのツインベッドルームはエキストラベッドに増えて4人まで入るのに十分ですね。 44平方平方なので空間をゆっくりと使えていいです。水が涼しくよく出てきます。バスルーム、トイレは小さいですが、そのまま水がよく出て水伝も最近変えたようです。新しいものです。全体的にはとても管理されています。  短所/窓の外がすぐに高架道路があるので防音がうまくいきません。窓がベッドヘッドにあり、ピヨピヨの音がよく聞こえます。窓際家のような感じ〜","","","일랑일랑","","FALSE","Google","4","2026-03-22","古いホテルです。日本ビジネスホテルの代表ランナーでもあります。古いホテルですが、かなり大きな部屋を手に入れることができてここで決めました。東京ビジネス級で3つ星ホテルでは、なぜならこれくらいの大きさの部屋を手に入れることは難しいですが、最近の国際情勢が不安なうえ、日本も物価がどんどん上がっているのか、価格が安くはありません。比較的綺麗に保たれるようだが昔のようではないよう。よく覗くとほこりが見えて、トイレ便器の裏側の隙間には黒くカビが座って...そんなに見えるからちょっと...ますます難しくなるのが感じられる。とにかくここファミリールームのツインベッドルームはエキストラベッドに増えて4人まで入るのに十分ですね。 44平方平方なので空間をゆっくりと使えていいです。水が涼しくよく出てきます。バスルーム、トイレは小さいですが、そのまま水がよく出て水伝も最近変えたようです。新しいものです。全体的にはとても管理されています。  短所/窓の外がすぐに高架道路があるので防音がうまくいきません。窓がベッドヘッドにあり、ピヨピヨの音がよく聞こえます。窓際家のような感じ〜","","","古いホテルです。日本ビジネスホテルの代表ランナーでもあります。古いホテルですが、かなり大きな部屋を手に入れることができてここで決めました。東京ビジネス級で3つ星ホテルでは、なぜならこれくらいの大きさの部屋を手に入れることは難しいですが、最近の国際情勢が不安なうえ、日本も物価がどんどん上がっているのか、価格が安くはありません。比較的綺麗に保たれるようだが昔のようではないよう。よく覗くとほこりが見えて、トイレ便器の裏側の隙間には黒くカビが座って...そんなに見えるからちょっと...ますます難しくなるのが感じられる。とにかくここファミリールームのツインベッドルームはエキストラベッドに増えて4人まで入るのに十分ですね。 44平方平方なので空間をゆっくりと使えていいです。水が涼しくよく出てきます。バスルーム、トイレは小さいですが、そのまま水がよく出て水伝も最近変えたようです。新しいものです。全体的にはとても管理されています。  短所/窓の外がすぐに高架道路があるので防音がうまくいきません。窓がベッドヘッドにあり、ピヨピヨの音がよく聞こえます。窓際家のような感じ〜","","","일랑일랑"
"","FALSE","Agoda","10","2026-03-21","チェックイン前に荷物も預かってもらえ助かりました(^^) アメニティは最小限ある感じでフロントでヘアアイロン貸出があるので良かったです! ウエルカムドリンクはコーヒーと紅茶（大好きなティーアース♡）があり2階に自販機、氷、レンジがあり便利でした(⁠◍⁠•⁠ᴗ⁠•⁠◍⁠)⁠ バスタブは広くてベッドはやわらかふわふわでした☆ 朝食はトムヤムクンやタイ風お粥、パンどれも美味しくてついつい食べ過ぎてしまいました♪(⁠´⁠ε⁠｀⁠ ⁠) とにかくスタッフさんたちが親切丁寧でどんな方にも優しくて素晴らしかったです(⁠ ⁠◜⁠‿⁠◝⁠ ⁠)⁠♡ また泊まりたいとおもいました(⁠◠⁠‿⁠◕⁠)","","","チェックイン前に荷物も預かってもらえ助かりました(^^) アメニティは最小限ある感じでフロントでヘアアイロン貸出があるので良かったです! ウエルカムドリンクはコーヒーと紅茶（大好きなティーアース♡）があり2階に自販機、氷、レンジがあり便利でした(⁠◍⁠•⁠ᴗ⁠•⁠◍⁠)⁠ バスタブは広くてベッドはやわらかふわふわでした☆ 朝食はトムヤムクンやタイ風お粥、パンどれも美味しくてついつい食べ過ぎてしまいました♪(⁠´⁠ε⁠｀⁠ ⁠) とにかくスタッフさんたちが親切丁寧でどんな方にも優しくて素晴らしかったです(⁠ ⁠◜⁠‿⁠◝⁠ ⁠)⁠♡ また泊まりたいとおもいました(⁠◠⁠‿⁠◕⁠)","","","光美","","FALSE","Agoda","10","2026-03-21","チェックイン前に荷物も預かってもらえ助かりました(^^) アメニティは最小限ある感じでフロントでヘアアイロン貸出があるので良かったです! ウエルカムドリンクはコーヒーと紅茶（大好きなティーアース♡）があり2階に自販機、氷、レンジがあり便利でした(⁠◍⁠•⁠ᴗ⁠•⁠◍⁠)⁠ バスタブは広くてベッドはやわらかふわふわでした☆ 朝食はトムヤムクンやタイ風お粥、パンどれも美味しくてついつい食べ過ぎてしまいました♪(⁠´⁠ε⁠｀⁠ ⁠) とにかくスタッフさんたちが親切丁寧でどんな方にも優しくて素晴らしかったです(⁠ ⁠◜⁠‿⁠◝⁠ ⁠)⁠♡ また泊まりたいとおもいました(⁠◠⁠‿⁠◕⁠)","","","チェックイン前に荷物も預かってもらえ助かりました(^^) アメニティは最小限ある感じでフロントでヘアアイロン貸出があるので良かったです! ウエルカムドリンクはコーヒーと紅茶（大好きなティーアース♡）があり2階に自販機、氷、レンジがあり便利でした(⁠◍⁠•⁠ᴗ⁠•⁠◍⁠)⁠ バスタブは広くてベッドはやわらかふわふわでした☆ 朝食はトムヤムクンやタイ風お粥、パンどれも美味しくてついつい食べ過ぎてしまいました♪(⁠´⁠ε⁠｀⁠ ⁠) とにかくスタッフさんたちが親切丁寧でどんな方にも優しくて素晴らしかったです(⁠ ⁠◜⁠‿⁠◝⁠ ⁠)⁠♡ また泊まりたいとおもいました(⁠◠⁠‿⁠◕⁠)","","","光美"
"","FALSE","Google","4","2026-03-21","古いホテルです。日本ビジネスホテルの代表ランナーでもあります。古いホテルですが、かなり大きな部屋を手に入れることができてここで決めました。東京ビジネス級で3つ星ホテルでは、なぜならこの程度の大きさの部屋を手に入れることが難しいようです。比較的清潔に保たれる点は賞賛されます。  ファミリールームのツインベッドルームはエキストラベッドに増やして4人まで入るのに十分ですね。 44平方平方です。コスパはあると思います。  スペースをゆっくりと使えていいです。水が涼しくよく出てきます。バスルーム、トイレは小さいですが、そのままきれいに管理されています。 短所/防音はうまくいきません。窓がベッドヘッドでピヨピヨ音がよく聞こえます。窓際家のような感じ〜 2.","","","古いホテルです。日本ビジネスホテルの代表ランナーでもあります。古いホテルですが、かなり大きな部屋を手に入れることができてここで決めました。東京ビジネス級で3つ星ホテルでは、なぜならこの程度の大きさの部屋を手に入れることが難しいようです。比較的清潔に保たれる点は賞賛されます。  ファミリールームのツインベッドルームはエキストラベッドに増やして4人まで入るのに十分ですね。 44平方平方です。コスパはあると思います。  スペースをゆっくりと使えていいです。水が涼しくよく出てきます。バスルーム、トイレは小さいですが、そのままきれいに管理されています。 短所/防音はうまくいきません。窓がベッドヘッドでピヨピヨ音がよく聞こえます。窓際家のような感じ〜 2.","","","일랑일랑","","FALSE","Google","4","2026-03-21","古いホテルです。日本ビジネスホテルの代表ランナーでもあります。古いホテルですが、かなり大きな部屋を手に入れることができてここで決めました。東京ビジネス級で3つ星ホテルでは、なぜならこの程度の大きさの部屋を手に入れることが難しいようです。比較的清潔に保たれる点は賞賛されます。  ファミリールームのツインベッドルームはエキストラベッドに増やして4人まで入るのに十分ですね。 44平方平方です。コスパはあると思います。  スペースをゆっくりと使えていいです。水が涼しくよく出てきます。バスルーム、トイレは小さいですが、そのままきれいに管理されています。 短所/防音はうまくいきません。窓がベッドヘッドでピヨピヨ音がよく聞こえます。窓際家のような感じ〜 2.","","","古いホテルです。日本ビジネスホテルの代表ランナーでもあります。古いホテルですが、かなり大きな部屋を手に入れることができてここで決めました。東京ビジネス級で3つ星ホテルでは、なぜならこの程度の大きさの部屋を手に入れることが難しいようです。比較的清潔に保たれる点は賞賛されます。  ファミリールームのツインベッドルームはエキストラベッドに増やして4人まで入るのに十分ですね。 44平方平方です。コスパはあると思います。  スペースをゆっくりと使えていいです。水が涼しくよく出てきます。バスルーム、トイレは小さいですが、そのままきれいに管理されています。 短所/防音はうまくいきません。窓がベッドヘッドでピヨピヨ音がよく聞こえます。窓際家のような感じ〜 2.","","","일랑일랑"
"","FALSE","Booking.com","6","2026-03-20","","Good location and nice reception staff","Coffee machine broken most of the stay","","立地が良く、受付スタッフも感じが良い。","コーヒーマシンが滞在中ほとんど故障していた","Kourtney","","FALSE","Booking.com","6","2026-03-20","","Good location and nice reception staff","Coffee machine broken most of the stay","","立地が良く、受付スタッフも感じが良い。","コーヒーマシンが滞在中ほとんど故障していた","Kourtney"
"","FALSE","Booking.com","9","2026-03-20","","","","","","","Yusuf","","FALSE","Booking.com","9","2026-03-20","","","","","","","Yusuf"
"","FALSE","Booking.com","10","2026-03-18","","","","","","","Ko","","FALSE","Booking.com","10","2026-03-18","","","","","","","Ko"
"","FALSE","Trip.com","10","2026-03-18","六本木地點方便，價格合理，推薦","","","六本木は立地が良く、価格も手頃なのでおすすめです。","","","D‍K‍ ‍F‍e‍n‍g","","FALSE","Trip.com","10","2026-03-18","六本木地點方便，價格合理，推薦","","","六本木は立地が良く、価格も手頃なのでおすすめです。","","","D‍K‍ ‍F‍e‍n‍g"
"","FALSE","Trip.com","10","2026-03-18","這裏太方便了，樓下就是地鐵站，不論是自己或是朋友一起來都非常之方便，最重要的是客服人員態度10分好，10分推薦","","","ここは本当に便利です！階下に地下鉄の駅があるので、一人でも友達とでも気軽に来られます。そして何より、カスタマーサービスのスタッフの方々がとても親切で助かります。本当におすすめです！","","","M‍o‍m‍o‍4‍2‍9","","FALSE","Trip.com","10","2026-03-18","這裏太方便了，樓下就是地鐵站，不論是自己或是朋友一起來都非常之方便，最重要的是客服人員態度10分好，10分推薦","","","ここは本当に便利です！階下に地下鉄の駅があるので、一人でも友達とでも気軽に来られます。そして何より、カスタマーサービスのスタッフの方々がとても親切で助かります。本当におすすめです！","","","M‍o‍m‍o‍4‍2‍9"
"","FALSE","Google","4","2026-03-17","I was very pleased with this hotel. I booked a room with a queen bed, which I found quite spacious for Japanese standards. The room was equipped with a humidifier, which was very convenient during my stay. The staff were friendly and attentive. The Thai breakfast was really good, I was quite surprised by it and definitely recommend it. Overall, it was a great stay!","","","このホテルには大変満足しました。クイーンサイズのベッドがある部屋を予約したのですが、日本の基準からするとかなり広々としていました。部屋には加湿器が備え付けられていて、滞在中とても便利でした。スタッフは親切で気配りが行き届いていました。タイ風の朝食は本当に美味しく、期待以上で、ぜひおすすめします。全体的に素晴らしい滞在でした！","","","Nanda","","FALSE","Google","4","2026-03-17","I was very pleased with this hotel. I booked a room with a queen bed, which I found quite spacious for Japanese standards. The room was equipped with a humidifier, which was very convenient during my stay. The staff were friendly and attentive. The Thai breakfast was really good, I was quite surprised by it and definitely recommend it. Overall, it was a great stay!","","","このホテルには大変満足しました。クイーンサイズのベッドがある部屋を予約したのですが、日本の基準からするとかなり広々としていました。部屋には加湿器が備え付けられていて、滞在中とても便利でした。スタッフは親切で気配りが行き届いていました。タイ風の朝食は本当に美味しく、期待以上で、ぜひおすすめします。全体的に素晴らしい滞在でした！","","","Nanda"
"","FALSE","楽天トラベル","5","2026-03-17","フロントの方々の対応が丁寧でした！","","","フロントの方々の対応が丁寧でした！","","","mo_co39","","FALSE","楽天トラベル","5","2026-03-17","フロントの方々の対応が丁寧でした！","","","フロントの方々の対応が丁寧でした！","","","mo_co39"
"","FALSE","Booking.com","8","2026-03-17","","Clean spacious good location","Lack of facilities but can’t ask for more! Good value","","清潔で広々としており、立地も良い。","設備は少ないけど、それ以上は望めない！値段も手頃。","Tong","","FALSE","Booking.com","8","2026-03-17","","Clean spacious good location","Lack of facilities but can’t ask for more! Good value","","清潔で広々としており、立地も良い。","設備は少ないけど、それ以上は望めない！値段も手頃。","Tong"
"","FALSE","Booking.com","9","2026-03-17","","設備完善，環境乾淨，地理位置很棒，櫃檯人員十分友善且有耐心。","","","設備は素晴らしく、環境は清潔で、立地も良く、受付のスタッフはとても親切で忍耐強いです。","","Chih-han","","FALSE","Booking.com","9","2026-03-17","","設備完善，環境乾淨，地理位置很棒，櫃檯人員十分友善且有耐心。","","","設備は素晴らしく、環境は清潔で、立地も良く、受付のスタッフはとても親切で忍耐強いです。","","Chih-han"
"","FALSE","Google","4","2026-03-17","このホテルには大変満足しました。クイーンサイズのベッドがある部屋を予約したのですが、日本の基準からするとかなり広々としていました。部屋には加湿器が備え付けられていて、滞在中とても便利でした。スタッフは親切で気配りが行き届いていました。タイ式の朝食は本当に美味しく、期待以上で、ぜひおすすめします。全体的に素晴らしい滞在でした！","","","このホテルには大変満足しました。クイーンサイズのベッドがある部屋を予約したのですが、日本の基準からするとかなり広々としていました。部屋には加湿器が備え付けられていて、滞在中とても便利でした。スタッフは親切で気配りが行き届いていました。タイ式の朝食は本当に美味しく、期待以上で、ぜひおすすめします。全体的に素晴らしい滞在でした！","","","Nanda","","FALSE","Google","4","2026-03-17","このホテルには大変満足しました。クイーンサイズのベッドがある部屋を予約したのですが、日本の基準からするとかなり広々としていました。部屋には加湿器が備え付けられていて、滞在中とても便利でした。スタッフは親切で気配りが行き届いていました。タイ式の朝食は本当に美味しく、期待以上で、ぜひおすすめします。全体的に素晴らしい滞在でした！","","","このホテルには大変満足しました。クイーンサイズのベッドがある部屋を予約したのですが、日本の基準からするとかなり広々としていました。部屋には加湿器が備え付けられていて、滞在中とても便利でした。スタッフは親切で気配りが行き届いていました。タイ式の朝食は本当に美味しく、期待以上で、ぜひおすすめします。全体的に素晴らしい滞在でした！","","","Nanda"
"","FALSE","Booking.com","6","2026-03-16","","スタッフの対応","洗面ボール中のカビ","","スタッフの対応","洗面ボール中のカビ","Miyuki","","FALSE","Booking.com","6","2026-03-16","","スタッフの対応","洗面ボール中のカビ","","スタッフの対応","洗面ボール中のカビ","Miyuki"
"","FALSE","Agoda","6","2026-03-16","","スタッフの対応","洗面ボール中のカビ","","スタッフの対応","洗面ボール中のカビ","miyuki","","FALSE","Agoda","6","2026-03-16","","スタッフの対応","洗面ボール中のカビ","","スタッフの対応","洗面ボール中のカビ","miyuki"
"","FALSE","Booking.com","8","2026-03-15","","","","","","","Mariaelena","","FALSE","Booking.com","8","2026-03-15","","","","","","","Mariaelena"
"","FALSE","楽天トラベル","4","2026-03-15","タイ料理の朝食は、初めてで とても美味しかったです。 ただ、調理場の方が、ずっと咳をしていたのが気になりました。 洗い場では、マスクなしでしたが 調理中は、どうだったのかなと思っています。  不都合はありませんでしたが、段差が大きいなと思いました。","","","タイ料理の朝食は、初めてで とても美味しかったです。 ただ、調理場の方が、ずっと咳をしていたのが気になりました。 洗い場では、マスクなしでしたが 調理中は、どうだったのかなと思っています。  不都合はありませんでしたが、段差が大きいなと思いました。","","","marron-j","","FALSE","楽天トラベル","4","2026-03-15","タイ料理の朝食は、初めてで とても美味しかったです。 ただ、調理場の方が、ずっと咳をしていたのが気になりました。 洗い場では、マスクなしでしたが 調理中は、どうだったのかなと思っています。  不都合はありませんでしたが、段差が大きいなと思いました。","","","タイ料理の朝食は、初めてで とても美味しかったです。 ただ、調理場の方が、ずっと咳をしていたのが気になりました。 洗い場では、マスクなしでしたが 調理中は、どうだったのかなと思っています。  不都合はありませんでしたが、段差が大きいなと思いました。","","","marron-j"
"","FALSE","Booking.com","8","2026-03-15","","","シャンプーが2個でリンスが1個で、ボディーソープがありませんでした。","","","シャンプーが2個でリンスが1個で、ボディーソープがありませんでした。","Manaka","","FALSE","Booking.com","8","2026-03-15","","","シャンプーが2個でリンスが1個で、ボディーソープがありませんでした。","","","シャンプーが2個でリンスが1個で、ボディーソープがありませんでした。","Manaka"
"","FALSE","Agoda","8","2026-03-15","駅から近くて、寝るだけの滞在にピッタリ！セルフコーヒーも嬉しいポイント♡","","","駅から近くて、寝るだけの滞在にピッタリ！セルフコーヒーも嬉しいポイント♡","","","YUKINO","","FALSE","Agoda","8","2026-03-15","駅から近くて、寝るだけの滞在にピッタリ！セルフコーヒーも嬉しいポイント♡","","","駅から近くて、寝るだけの滞在にピッタリ！セルフコーヒーも嬉しいポイント♡","","","YUKINO"
"","FALSE","Booking.com","8","2026-03-14","","","","","","","Thegolem","","FALSE","Booking.com","8","2026-03-14","","","","","","","Thegolem"
"","FALSE","楽天トラベル","5","2026-03-14","初めて利用させてもらいました！ 地下鉄の駅からも近く、ホテルも分かりやすかったです。周りに飲食店も多く、夕食にも困りませんでした。 朝食が「タイ料理」と言う事で楽しみにしていましたが、とても美味しかったです！ 機会があったら、また是非利用したいと思います。 お世話になりました。","","","初めて利用させてもらいました！ 地下鉄の駅からも近く、ホテルも分かりやすかったです。周りに飲食店も多く、夕食にも困りませんでした。 朝食が「タイ料理」と言う事で楽しみにしていましたが、とても美味しかったです！ 機会があったら、また是非利用したいと思います。 お世話になりました。","","","まみちゃん〜","","FALSE","楽天トラベル","5","2026-03-14","初めて利用させてもらいました！ 地下鉄の駅からも近く、ホテルも分かりやすかったです。周りに飲食店も多く、夕食にも困りませんでした。 朝食が「タイ料理」と言う事で楽しみにしていましたが、とても美味しかったです！ 機会があったら、また是非利用したいと思います。 お世話になりました。","","","初めて利用させてもらいました！ 地下鉄の駅からも近く、ホテルも分かりやすかったです。周りに飲食店も多く、夕食にも困りませんでした。 朝食が「タイ料理」と言う事で楽しみにしていましたが、とても美味しかったです！ 機会があったら、また是非利用したいと思います。 お世話になりました。","","","まみちゃん〜"
"","FALSE","Booking.com","6","2026-03-14","","The car that we booked to return to the airport didn't appear to have turned up. However the receptionist went out of his way to find where it was. he found the driver sitting in the car at the back of the hotel without coming in to tell us he was there. The location close to the MTR station was excellent and gave easy access to the whole of the city.","The room originally allocated was very small. We requested an upgrade, which we got, but felt that the additional cost was a bit high.","","空港へ戻るために予約していた車が来なかったのですが、受付の方がわざわざ探してくれました。運転手はホテルの裏手に車の中で座っていましたが、私たちに知らせることなく見つけてくれました。MTR駅に近い立地は素晴らしく、市内各地へのアクセスも抜群でした。","最初に割り当てられた部屋はとても狭かった。アップグレードをリクエストしたところ、対応してもらえたが、追加料金が少し高いと感じた。","Chris","","FALSE","Booking.com","6","2026-03-14","","The car that we booked to return to the airport didn't appear to have turned up. However the receptionist went out of his way to find where it was. he found the driver sitting in the car at the back of the hotel without coming in to tell us he was there. The location close to the MTR station was excellent and gave easy access to the whole of the city.","The room originally allocated was very small. We requested an upgrade, which we got, but felt that the additional cost was a bit high.","","空港へ戻るために予約していた車が来なかったのですが、受付の方がわざわざ探してくれました。運転手はホテルの裏手に車の中で座っていましたが、私たちに知らせることなく見つけてくれました。MTR駅に近い立地は素晴らしく、市内各地へのアクセスも抜群でした。","最初に割り当てられた部屋はとても狭かった。アップグレードをリクエストしたところ、対応してもらえたが、追加料金が少し高いと感じた。","Chris"
"","FALSE","Google","4","2026-03-13","六本木駅から割と近くにあるホテルで、立地的には安い方に入るかなと思います。 フロントにはフリードリンクが有りました。 部屋はコンパクトで狭めですが、この辺りのホテルなら平均的なのかなとは思います。 ベッドにコンセントは無いですが、横の壁にはコンセントがあるので、少し長めの電源ケーブルがあれば問題無いかなと思います。 風呂トイレはユニットバスになってますが、浴槽は広めで足を伸ばしてくつろげるサイズになってました。 これくらいのサイズがあれば悪くはないですね。 風呂場でちょっとカビが見えるところがあったので、こう言うところは改善して貰った方が良いかなと思いました。 歯ブラシは柄の部分がしなるタイプで、力が入ってしまう男性陣には丁度良いやつになってました。","","","六本木駅から割と近くにあるホテルで、立地的には安い方に入るかなと思います。 フロントにはフリードリンクが有りました。 部屋はコンパクトで狭めですが、この辺りのホテルなら平均的なのかなとは思います。 ベッドにコンセントは無いですが、横の壁にはコンセントがあるので、少し長めの電源ケーブルがあれば問題無いかなと思います。 風呂トイレはユニットバスになってますが、浴槽は広めで足を伸ばしてくつろげるサイズになってました。 これくらいのサイズがあれば悪くはないですね。 風呂場でちょっとカビが見えるところがあったので、こう言うところは改善して貰った方が良いかなと思いました。 歯ブラシは柄の部分がしなるタイプで、力が入ってしまう男性陣には丁度良いやつになってました。","","","Don Kelone","","FALSE","Google","4","2026-03-13","六本木駅から割と近くにあるホテルで、立地的には安い方に入るかなと思います。 フロントにはフリードリンクが有りました。 部屋はコンパクトで狭めですが、この辺りのホテルなら平均的なのかなとは思います。 ベッドにコンセントは無いですが、横の壁にはコンセントがあるので、少し長めの電源ケーブルがあれば問題無いかなと思います。 風呂トイレはユニットバスになってますが、浴槽は広めで足を伸ばしてくつろげるサイズになってました。 これくらいのサイズがあれば悪くはないですね。 風呂場でちょっとカビが見えるところがあったので、こう言うところは改善して貰った方が良いかなと思いました。 歯ブラシは柄の部分がしなるタイプで、力が入ってしまう男性陣には丁度良いやつになってました。","","","六本木駅から割と近くにあるホテルで、立地的には安い方に入るかなと思います。 フロントにはフリードリンクが有りました。 部屋はコンパクトで狭めですが、この辺りのホテルなら平均的なのかなとは思います。 ベッドにコンセントは無いですが、横の壁にはコンセントがあるので、少し長めの電源ケーブルがあれば問題無いかなと思います。 風呂トイレはユニットバスになってますが、浴槽は広めで足を伸ばしてくつろげるサイズになってました。 これくらいのサイズがあれば悪くはないですね。 風呂場でちょっとカビが見えるところがあったので、こう言うところは改善して貰った方が良いかなと思いました。 歯ブラシは柄の部分がしなるタイプで、力が入ってしまう男性陣には丁度良いやつになってました。","","","Don Kelone"
"","FALSE","Booking.com","7","2026-03-13","","Posizione attaccata alla metro  Dimensione spaziosa delle camere Pulizia Amenities (pigiama, ciabatte etc)","No bottigliette d’acqua complimentary","","地下鉄駅に近い立地 広々とした部屋 清潔さ アメニティ（パジャマ、スリッパなど）","無料のウォーターボトルはありません","Cristiana","","FALSE","Booking.com","7","2026-03-13","","Posizione attaccata alla metro  Dimensione spaziosa delle camere Pulizia Amenities (pigiama, ciabatte etc)","No bottigliette d’acqua complimentary","","地下鉄駅に近い立地 広々とした部屋 清潔さ アメニティ（パジャマ、スリッパなど）","無料のウォーターボトルはありません","Cristiana"
"","FALSE","Agoda","8","2026-03-13","建物自体は古いとは思いますが清掃が行き届いていて、快適に過ごせました。何よりスタッフの皆さんが笑顔で対応してくださるので、深夜に寝に帰るだけのような生活の中で癒しとなりました。ロビーの紅茶のドリンクサービスも最高でした！","","","建物自体は古いとは思いますが清掃が行き届いていて、快適に過ごせました。何よりスタッフの皆さんが笑顔で対応してくださるので、深夜に寝に帰るだけのような生活の中で癒しとなりました。ロビーの紅茶のドリンクサービスも最高でした！","","","Aya","","FALSE","Agoda","8","2026-03-13","建物自体は古いとは思いますが清掃が行き届いていて、快適に過ごせました。何よりスタッフの皆さんが笑顔で対応してくださるので、深夜に寝に帰るだけのような生活の中で癒しとなりました。ロビーの紅茶のドリンクサービスも最高でした！","","","建物自体は古いとは思いますが清掃が行き届いていて、快適に過ごせました。何よりスタッフの皆さんが笑顔で対応してくださるので、深夜に寝に帰るだけのような生活の中で癒しとなりました。ロビーの紅茶のドリンクサービスも最高でした！","","","Aya"
"","FALSE","Booking.com","8","2026-03-12","","","","","","","Kuang","","FALSE","Booking.com","8","2026-03-12","","","","","","","Kuang"
"","FALSE","じゃらん","5","2026-03-12","親族の集まりがあり急遽泊まることになりました。神谷町駅から夜の東京タワーを楽しみながらホテルへ向かいました。  東京タワーが近い！懐かしの六本木交差点のアマンドもすごく近いです。とにかくここを拠点に東京を満喫するのにピッタリなのかもね、なんて話していました。  朝食は品数が多いわけではなく  和食ではありませんが十分です、美味しかったです。  ここでいいか、という感じで泊まったわけですがいいホテルに出会えてとても満足しています。  お勧めいたします。","","","親族の集まりがあり急遽泊まることになりました。神谷町駅から夜の東京タワーを楽しみながらホテルへ向かいました。  東京タワーが近い！懐かしの六本木交差点のアマンドもすごく近いです。とにかくここを拠点に東京を満喫するのにピッタリなのかもね、なんて話していました。  朝食は品数が多いわけではなく  和食ではありませんが十分です、美味しかったです。  ここでいいか、という感じで泊まったわけですがいいホテルに出会えてとても満足しています。  お勧めいたします。","","","みささん","","FALSE","じゃらん","5","2026-03-12","親族の集まりがあり急遽泊まることになりました。神谷町駅から夜の東京タワーを楽しみながらホテルへ向かいました。  東京タワーが近い！懐かしの六本木交差点のアマンドもすごく近いです。とにかくここを拠点に東京を満喫するのにピッタリなのかもね、なんて話していました。  朝食は品数が多いわけではなく  和食ではありませんが十分です、美味しかったです。  ここでいいか、という感じで泊まったわけですがいいホテルに出会えてとても満足しています。  お勧めいたします。","","","親族の集まりがあり急遽泊まることになりました。神谷町駅から夜の東京タワーを楽しみながらホテルへ向かいました。  東京タワーが近い！懐かしの六本木交差点のアマンドもすごく近いです。とにかくここを拠点に東京を満喫するのにピッタリなのかもね、なんて話していました。  朝食は品数が多いわけではなく  和食ではありませんが十分です、美味しかったです。  ここでいいか、という感じで泊まったわけですがいいホテルに出会えてとても満足しています。  お勧めいたします。","","","みささん"
"","FALSE","Booking.com","8","2026-03-11","","スタッフの方がとても親切。朝食も美味しく、朝食のスタッフの人たちも感じが良かった。これだけ気分良く接客してくれるのであれば、泊まる価値はあるなと思いました。また行きます。","","","スタッフの方がとても親切。朝食も美味しく、朝食のスタッフの人たちも感じが良かった。これだけ気分良く接客してくれるのであれば、泊まる価値はあるなと思いました。また行きます。","","Akiko","","FALSE","Booking.com","8","2026-03-11","","スタッフの方がとても親切。朝食も美味しく、朝食のスタッフの人たちも感じが良かった。これだけ気分良く接客してくれるのであれば、泊まる価値はあるなと思いました。また行きます。","","","スタッフの方がとても親切。朝食も美味しく、朝食のスタッフの人たちも感じが良かった。これだけ気分良く接客してくれるのであれば、泊まる価値はあるなと思いました。また行きます。","","Akiko"
"","FALSE","Booking.com","7","2026-03-11","","Location, pillows, shower","Not so clean.","","立地、枕、シャワー","あまり清潔ではない。","Pia","","FALSE","Booking.com","7","2026-03-11","","Location, pillows, shower","Not so clean.","","立地、枕、シャワー","あまり清潔ではない。","Pia"
"","FALSE","Booking.com","9","2026-03-10","","六本木車站五號出口上來步行2分鐘抵達，交通非常便利，鄰近也有全家便利商店跟63angels可以去體驗","都很滿意","","六本木駅5番出口から徒歩2分と非常に便利です。近くにはファミリーマートや63angelsもあり、散策にも最適です。","大変満足しています","彥志","","FALSE","Booking.com","9","2026-03-10","","六本木車站五號出口上來步行2分鐘抵達，交通非常便利，鄰近也有全家便利商店跟63angels可以去體驗","都很滿意","","六本木駅5番出口から徒歩2分と非常に便利です。近くにはファミリーマートや63angelsもあり、散策にも最適です。","大変満足しています","彥志"
"","FALSE","楽天トラベル","5","2026-03-10","チェックイン時間よりかなり早めに到着していまいましたが、気持ちよく対応していただきました。レディースアメニティ、ありがとうございました。室内はきれいで、雑音も騒音もなくゆったりとすごせました。朝食もおいしくいただきました。 ありがとうございました。","","","チェックイン時間よりかなり早めに到着していまいましたが、気持ちよく対応していただきました。レディースアメニティ、ありがとうございました。室内はきれいで、雑音も騒音もなくゆったりとすごせました。朝食もおいしくいただきました。 ありがとうございました。","","","ごろくあ","","FALSE","楽天トラベル","5","2026-03-10","チェックイン時間よりかなり早めに到着していまいましたが、気持ちよく対応していただきました。レディースアメニティ、ありがとうございました。室内はきれいで、雑音も騒音もなくゆったりとすごせました。朝食もおいしくいただきました。 ありがとうございました。","","","チェックイン時間よりかなり早めに到着していまいましたが、気持ちよく対応していただきました。レディースアメニティ、ありがとうございました。室内はきれいで、雑音も騒音もなくゆったりとすごせました。朝食もおいしくいただきました。 ありがとうございました。","","","ごろくあ"
"","FALSE","Booking.com","10","2026-03-08","","Su ubicación es excelente. Nos sentimos muy a gusto en todo momento!","-","","立地が最高でした。滞在中ずっととても快適に過ごせました！","-","Ivanna","","FALSE","Booking.com","10","2026-03-08","","Su ubicación es excelente. Nos sentimos muy a gusto en todo momento!","-","","立地が最高でした。滞在中ずっととても快適に過ごせました！","-","Ivanna"
"","FALSE","Booking.com","8","2026-03-08","","","","","","","Khalil","","FALSE","Booking.com","8","2026-03-08","","","","","","","Khalil"
"","FALSE","Booking.com","9","2026-03-08","","Clean and tidy and the staff were very helpful.","","","清潔で整頓されていて、スタッフの方々もとても親切でした。","","Stephanie","","FALSE","Booking.com","9","2026-03-08","","Clean and tidy and the staff were very helpful.","","","清潔で整頓されていて、スタッフの方々もとても親切でした。","","Stephanie"
"","FALSE","楽天トラベル","4","2026-03-07","ヘアアイロンも借りれて、アメニティのサービスもあり有り難かった。もちろん清潔だし駅近なので出張には最高。","","","ヘアアイロンも借りれて、アメニティのサービスもあり有り難かった。もちろん清潔だし駅近なので出張には最高。","","","とまとまとま","","FALSE","楽天トラベル","4","2026-03-07","ヘアアイロンも借りれて、アメニティのサービスもあり有り難かった。もちろん清潔だし駅近なので出張には最高。","","","ヘアアイロンも借りれて、アメニティのサービスもあり有り難かった。もちろん清潔だし駅近なので出張には最高。","","","とまとまとま"
"","FALSE","Booking.com","8","2026-03-05","","Ottima posizione, camere spaziose, bagno comodo e tanti servizi accessori come la.lavanderia a gettoni interna, il distributore di bibite e pigiama e ciabatte gratuite.","Il distributore di caffè è attivo solo dalle 7, sarebbe comodo prima per chi prende voli di ritorno al mattino presto","","絶好のロケーション、広々とした客室、快適なバスルームに加え、館内コインランドリー、飲料自動販売機、無料のパジャマとスリッパなど、多くの付加サービスも充実しています。","コーヒーマシンは午前7時以降しか稼働しないので、早朝の帰りの便を利用する人にとっては、もっと早くから利用できると便利でしょう。","Mariafrancesca","","FALSE","Booking.com","8","2026-03-05","","Ottima posizione, camere spaziose, bagno comodo e tanti servizi accessori come la.lavanderia a gettoni interna, il distributore di bibite e pigiama e ciabatte gratuite.","Il distributore di caffè è attivo solo dalle 7, sarebbe comodo prima per chi prende voli di ritorno al mattino presto","","絶好のロケーション、広々とした客室、快適なバスルームに加え、館内コインランドリー、飲料自動販売機、無料のパジャマとスリッパなど、多くの付加サービスも充実しています。","コーヒーマシンは午前7時以降しか稼働しないので、早朝の帰りの便を利用する人にとっては、もっと早くから利用できると便利でしょう。","Mariafrancesca"
"","FALSE","Booking.com","8","2026-03-05","","Ottima posizione, camere spaziose, bagno comodo e tanti servizi accessori come la.lavanderia a gettoni interna, il distributore di bibite e pigiama e ciabatte gratuite.","Il distributore di caffè è attivo solo dalle 7, sarebbe comodo prima per chi prende voli di ritorno al mattino presto","","絶好のロケーション、広々とした客室、快適なバスルームに加え、館内コインランドリー、飲料自動販売機、無料のパジャマとスリッパなど、多くの付加サービスも充実しています。","コーヒーマシンは午前7時以降しか稼働しないので、早朝の帰りの便を利用する人にとっては、もっと早くから利用できると便利でしょう。","Mariafrancesca","","FALSE","Booking.com","8","2026-03-05","","Ottima posizione, camere spaziose, bagno comodo e tanti servizi accessori come la.lavanderia a gettoni interna, il distributore di bibite e pigiama e ciabatte gratuite.","Il distributore di caffè è attivo solo dalle 7, sarebbe comodo prima per chi prende voli di ritorno al mattino presto","","絶好のロケーション、広々とした客室、快適なバスルームに加え、館内コインランドリー、飲料自動販売機、無料のパジャマとスリッパなど、多くの付加サービスも充実しています。","コーヒーマシンは午前7時以降しか稼働しないので、早朝の帰りの便を利用する人にとっては、もっと早くから利用できると便利でしょう。","Mariafrancesca"
"","FALSE","Booking.com","9","2026-03-05","","La ubicación es maravillosa y el hotel ideal para estancias cortas.   Te regalan origamis muy bonitos","","","立地が素晴らしく、短期滞在に最適なホテルです。とても素敵な折り紙のギフトももらえます。","","Danay","","FALSE","Booking.com","9","2026-03-05","","La ubicación es maravillosa y el hotel ideal para estancias cortas.   Te regalan origamis muy bonitos","","","立地が素晴らしく、短期滞在に最適なホテルです。とても素敵な折り紙のギフトももらえます。","","Danay"
"","FALSE","Booking.com","9","2026-03-05","","Расположение идеальное. Номера нормальные, у нас все было чисто, уборка каждый день.","Окно в номере не открывается, но при это закрыто не полностью, есть небольшая щель откуда все время дует. Но, если включить кондиционер на обогрев, то в номере тепло.","","立地は最高です。部屋も快適で、全て清潔で、毎日清掃されていました。","部屋の窓は開かないが、完全に閉まっているわけでもなく、小さな隙間から常に隙間風が入ってくる。しかし、エアコンをつければ部屋は暖かくなる。","Vasilii","","FALSE","Booking.com","9","2026-03-05","","Расположение идеальное. Номера нормальные, у нас все было чисто, уборка каждый день.","Окно в номере не открывается, но при это закрыто не полностью, есть небольшая щель откуда все время дует. Но, если включить кондиционер на обогрев, то в номере тепло.","","立地は最高です。部屋も快適で、全て清潔で、毎日清掃されていました。","部屋の窓は開かないが、完全に閉まっているわけでもなく、小さな隙間から常に隙間風が入ってくる。しかし、エアコンをつければ部屋は暖かくなる。","Vasilii"
"","FALSE","Booking.com","10","2026-03-03","","","","","","","Tomoka","","FALSE","Booking.com","10","2026-03-03","","","","","","","Tomoka"
"","FALSE","Booking.com","5","2026-03-03","","The property is situated in good location","The  breakfast is THAI FOOD.. not JAPANESE FOOD. The checkout time is 10:00 am and is TOO EARLY","","この物件は好立地に位置しています","朝食はタイ料理です。日本料理ではありません。チェックアウト時間は午前10時ですが、早すぎます。","Dikdik","","FALSE","Booking.com","5","2026-03-03","","The property is situated in good location","The  breakfast is THAI FOOD.. not JAPANESE FOOD. The checkout time is 10:00 am and is TOO EARLY","","この物件は好立地に位置しています","朝食はタイ料理です。日本料理ではありません。チェックアウト時間は午前10時ですが、早すぎます。","Dikdik"
"","FALSE","Booking.com","8","2026-03-03","","","","","","","Ganesh","","FALSE","Booking.com","8","2026-03-03","","","","","","","Ganesh"
"","FALSE","Booking.com","10","2026-03-03","","","","","","","Tomoka","","FALSE","Booking.com","10","2026-03-03","","","","","","","Tomoka"
"","FALSE","Booking.com","5","2026-03-03","","The property is situated in good location","The  breakfast is THAI FOOD.. not JAPANESE FOOD. The checkout time is 10:00 am and is TOO EARLY","","この物件は好立地に位置しています","朝食はタイ料理です。日本料理ではありません。チェックアウト時間は午前10時ですが、早すぎます。","Dikdik","","FALSE","Booking.com","5","2026-03-03","","The property is situated in good location","The  breakfast is THAI FOOD.. not JAPANESE FOOD. The checkout time is 10:00 am and is TOO EARLY","","この物件は好立地に位置しています","朝食はタイ料理です。日本料理ではありません。チェックアウト時間は午前10時ですが、早すぎます。","Dikdik"
"","FALSE","Booking.com","8","2026-03-03","","","","","","","Ganesh","","FALSE","Booking.com","8","2026-03-03","","","","","","","Ganesh"
"","FALSE","Booking.com","9","2026-03-02","","","","","","","Thi","","FALSE","Booking.com","9","2026-03-02","","","","","","","Thi"
"","FALSE","Booking.com","8","2026-03-02","","房間不會太小，枕頭有附硬的和軟的非常貼心，環境乾淨，住起來很舒適，離地鐵站非常近，附近有24Hr營業的藥妝店，也有很多餐廳和商場","床頭插座太少","","部屋は狭すぎず、枕は硬めのものと柔らかめのものが用意されていて、気の利いた配慮が感じられました。清潔で快適な環境でした。地下鉄の駅からも非常に近く、24時間営業のドラッグストア、レストラン、ショッピングモールも近くにあります。","ベッドの近くにコンセントが少なすぎる。","Shan","","FALSE","Booking.com","8","2026-03-02","","房間不會太小，枕頭有附硬的和軟的非常貼心，環境乾淨，住起來很舒適，離地鐵站非常近，附近有24Hr營業的藥妝店，也有很多餐廳和商場","床頭插座太少","","部屋は狭すぎず、枕は硬めのものと柔らかめのものが用意されていて、気の利いた配慮が感じられました。清潔で快適な環境でした。地下鉄の駅からも非常に近く、24時間営業のドラッグストア、レストラン、ショッピングモールも近くにあります。","ベッドの近くにコンセントが少なすぎる。","Shan"
"","FALSE","楽天トラベル","4","2026-03-01","六本木の駅近で便利でお安く泊まれました。コーヒー紅茶がフリードリンクでした。","","","六本木の駅近で便利でお安く泊まれました。コーヒー紅茶がフリードリンクでした。","","","楽天使ってます","","FALSE","楽天トラベル","4","2026-03-01","六本木の駅近で便利でお安く泊まれました。コーヒー紅茶がフリードリンクでした。","","","六本木の駅近で便利でお安く泊まれました。コーヒー紅茶がフリードリンクでした。","","","楽天使ってます"
"","FALSE","楽天トラベル","5","2026-03-01","清掃が行き届いていてバスタブも広く快適でした。駅からのアクセスも良いです。朝食も本場のタイ料理が珍しく、なかなかタイ料理を食べる機会がないので美味しくいただきました！機会があれば、また家族とともに宿泊したいです。","","","清掃が行き届いていてバスタブも広く快適でした。駅からのアクセスも良いです。朝食も本場のタイ料理が珍しく、なかなかタイ料理を食べる機会がないので美味しくいただきました！機会があれば、また家族とともに宿泊したいです。","","","Norixs","","FALSE","楽天トラベル","5","2026-03-01","清掃が行き届いていてバスタブも広く快適でした。駅からのアクセスも良いです。朝食も本場のタイ料理が珍しく、なかなかタイ料理を食べる機会がないので美味しくいただきました！機会があれば、また家族とともに宿泊したいです。","","","清掃が行き届いていてバスタブも広く快適でした。駅からのアクセスも良いです。朝食も本場のタイ料理が珍しく、なかなかタイ料理を食べる機会がないので美味しくいただきました！機会があれば、また家族とともに宿泊したいです。","","","Norixs"
"","FALSE","Booking.com","7","2026-03-01","","","","","","","Meileen","","FALSE","Booking.com","7","2026-03-01","","","","","","","Meileen"
"","FALSE","Booking.com","10","2026-02-28","","The hotel is excellent, the service in the lobby is very good, it's located very close to the metro, and the room is very clean with everything you need for a great stay. I recommend it 100%. This is our third year there, and we wouldn't change it for anything.","Breakfast is always the same.","","このホテルは最高です。ロビーのサービスも素晴らしく、地下鉄の駅からも非常に近く、部屋も清潔で快適な滞在に必要なものがすべて揃っています。100％お勧めします。今年で3年目になりますが、何があってもこのホテルを選びます。","朝食はいつも同じだ。","Pablo","","","","","","","","","","","",""
"","FALSE","Google","5","2026-02-28","用點數換房間，物超所值，地點好，旁邊有驚安殿堂，交通有兩條東京地鐵線。","","","ポイントを使って部屋を予約するのは非常にお得です。立地も抜群で、天壇公園や東京地下鉄の2路線が近くにあります。","","","黃厚平","","","","","","","","","","","",""
"","FALSE","Google","4","2026-02-28","チェックイン・アウト時もフロント女性スタッフ２人だけでしたが、笑顔での対応がとても心地よく、セルフドリンクサービスもありました。 駅からも近く、ツインルームは十分快適でした。 リーズナブルでよかったです。","","","チェックイン・アウト時もフロント女性スタッフ２人だけでしたが、笑顔での対応がとても心地よく、セルフドリンクサービスもありました。 駅からも近く、ツインルームは十分快適でした。 リーズナブルでよかったです。","","","na -b","","","","","","","","","","","",""
"","FALSE","Google","4","2026-02-28","Great location, rooms good but quite squeezy. Nice team but extremely strict on the 3:00pm check-in & not a moment before","","","立地は最高、部屋は良いがかなり狭い。スタッフは親切だが、チェックインは午後3時で、それより前にチェックインするのは非常に厳格。","","","James Conaghan","","","","","","","","","","","",""
"","FALSE","Google","5","2026-02-28","ポイントを使ってお部屋をご利用いただくと、大変お得です。天壇にも近く、東京メトロ2路線もすぐそばという絶好のロケーションです。","","","ポイントを使ってお部屋をご利用いただくと、大変お得です。天壇にも近く、東京メトロ2路線もすぐそばという絶好のロケーションです。","","","黃厚平","","","","","","","","","","","",""
"","FALSE","Google","4","2026-02-28","立地は最高で、部屋も良かったのですが、少し狭かったです。 スタッフは親切でしたが、チェックインは午後3時で、それより早くチェックインするのは厳しかったです。","","","立地は最高で、部屋も良かったのですが、少し狭かったです。 スタッフは親切でしたが、チェックインは午後3時で、それより早くチェックインするのは厳しかったです。","","","James Conaghan","","","","","","","","","","","",""
"","FALSE","Booking.com","9","2026-02-26","","","","","","","Sei","","","","","","","","","","","",""
"","FALSE","Booking.com","10","2026-02-25","","The hotel is great, very friendly and helpful staff. We were able to leave our luggage before check in and after check out. Location is amazing, very close to Roppongi Crossing and Roppongi Hills. This is not only a great area in Tokyo, it is well connected and has developed a lot in the past 8 years since I used to live there. The place is clean, with comfortable bed, the bathroom is also clean and nice.","The only thing that as a bit tricky was the size of the room, but we managed to handle 2 big checked luggages, 2 big backpacks and lots of shopping.","","ホテルは素晴らしく、スタッフはとてもフレンドリーで親切でした。チェックイン前とチェックアウト後に荷物を預けることができました。立地も最高で、六本木スクランブル交差点と六本木ヒルズにとても近いです。ここは東京の中でも素晴らしいエリアであるだけでなく、交通の便も良く、私が以前住んでいた8年前から大きく発展しました。部屋は清潔で、ベッドも快適、バスルームも清潔で素敵でした。","唯一少し厄介だったのは部屋の広さでしたが、大きな預け荷物2個、大きなバックパック2個、そしてたくさんの買い物袋をなんとか収納できました。","Wanderwoman123","","","","","","","","","","","",""
"","FALSE","楽天トラベル","4","2026-02-25","接客がとても丁寧で恐縮してしまいます。 また、使わせていただきます","","","接客がとても丁寧で恐縮してしまいます。 また、使わせていただきます","","","koco_o","","","","","","","","","","","",""
"","FALSE","Booking.com","7","2026-02-24","","The shower was excellent. The beds were comfortable. Close to the trains (1 block from hotel) and close to Tokyo Tower (about a 20-25 min walk). The staff was very friendly and accommodating. Let us keep our luggage there on the last day before heading to the airport.","The room had 1 window, and it was frosted over glass that could not open. So room seemed extremely dreary with no natural lighting. Also for a non smoking billed room, there was a very obvious smokers smell within the room.","","シャワーは素晴らしかったです。ベッドも快適でした。電車にも近く（ホテルから1ブロック）、東京タワーにも近い（徒歩約20～25分）。スタッフはとても親切で、親身になって対応してくれました。最終日には空港へ向かう前に荷物を預かってくれました。","部屋には窓が1つしかなく、しかも曇りガラスで開けることができなかった。そのため、自然光が全く入らず、部屋は非常に陰鬱な雰囲気だった。また、禁煙室と謳われているにもかかわらず、部屋の中には明らかにタバコの臭いが漂っていた。","James","","","","","","","","","","","",""
"","FALSE","Booking.com","8","2026-02-24","","Su ubicación y buen trato del personal","Pocas lavadoras y secadoras","","立地とスタッフのサービスの良さ","洗濯機と乾燥機が少ない","David","","","","","","","","","","","",""
"","FALSE","Google","5","2026-02-24","メリット：  1. 地下鉄に非常に近い。  2. 客室は清掃不要で、バスタオルとハンドタオルは毎日交換される。  3. ツインルームは東京にしてはかなり広い。  4. 部屋は清潔。  5. エレベーターが2基あるので、待つことはほとんどありません。  6. 隣と道路の向かいにコンビニがあり、さらにアフリのコンビニも道路の向かいにあります。","","","メリット：  1. 地下鉄に非常に近い。  2. 客室は清掃不要で、バスタオルとハンドタオルは毎日交換される。  3. ツインルームは東京にしてはかなり広い。  4. 部屋は清潔。  5. エレベーターが2基あるので、待つことはほとんどありません。  6. 隣と道路の向かいにコンビニがあり、さらにアフリのコンビニも道路の向かいにあります。","","","M T","","","","","","","","","","","",""
"","FALSE","楽天トラベル","4","2026-02-24","六本木駅から徒歩1分の立地で麻布台ヒルズまで徒歩10分。立地はバッチリでお部屋もツインのお部屋は広めに感じました。加湿空気清浄機もついてたので乾燥対策もバッチリでした。","","","六本木駅から徒歩1分の立地で麻布台ヒルズまで徒歩10分。立地はバッチリでお部屋もツインのお部屋は広めに感じました。加湿空気清浄機もついてたので乾燥対策もバッチリでした。","","","Aya158","","","","","","","","","","","",""
"","FALSE","Google","5","2026-02-24","優點： 1、地點離地鐵超近。 2、房間不需要打掃也會每天給新的浴巾毛巾。 3、雙床房房間在東京算很大。 4、房間乾淨。 5、有兩台電梯，不太需要等。 6、旁邊跟對面都有超商，對面還有阿夫利。","","","利点：1. 地下鉄の駅に非常に近い。2. 部屋の清掃は不要で、バスタオルは毎日交換される。3. ツインルームは東京にしてはかなり広い。4. 部屋は清潔。5. エレベーターが2基あるので、待ち時間はほとんどない。6. 隣と通りの向かいにコンビニがあり、通りの向かいにはAfriコンビニもある。","","","M T","","","","","","","","","","","",""
"","FALSE","Booking.com","9","2026-02-23","","The beds were so comfortable! Nice place with proper black out blinds.","Breakfast could have been a bit longer than until 10am, since we stayed there after travelling from a different time zone and had to eat breakfast by 4am for us.","","ベッドがとても快適でした！遮光カーテンもきちんと付いていて、素敵な場所でした。","朝食は午前10時までではなく、もう少し長くてもよかったと思います。というのも、私たちは時差のある地域から来たので、午前4時までに朝食を済ませなければならなかったからです。","Susanne","","","","","","","","","","","",""
"","FALSE","Booking.com","10","2026-02-22","","👍","沒有","","👍","いいえ","Jiawei","","","","","","","","","","","",""
"","FALSE","Trip.com","10","2026-02-22","雖然有點老，但是比apa大","","","少し古いが、APAよりも規模が大きい。","","","ゲ‍ス‍ト","","","","","","","","","","","",""
"","FALSE","Booking.com","10","2026-02-21","","The bed was super comfortable and the shower was the best I have ever experienced.  There is coin laundry on each floor and a washer that adds the soap automatically","The room is small but well organized.   And of course you are in the dead center of the Roppongi entertainment district so that is to be expected.","","ベッドはとても快適で、シャワーは今までで最高でした。各階にコインランドリーがあり、洗剤を自動で投入してくれる洗濯機もあります。","部屋は狭いですが、きちんと整理整頓されています。そしてもちろん、ここは六本木の繁華街のど真ん中にあるので、それは当然のことでしょう。","James","","","","","","","","","","","",""
"","FALSE","Booking.com","4","2026-02-21","","Staff were very nice.","Room wasn’t great for price. Can’t open windows so room gets stuffy.","","スタッフの方々はとても親切でした。","値段の割には部屋があまり良くなかった。窓が開けられないので、部屋が蒸し暑くなる。","Hayden","","","","","","","","","","","",""
"","FALSE","Booking.com","10","2026-02-20","","","","","","","Berankis","","","","","","","","","","","",""
"","FALSE","Booking.com","9","2026-02-19","","","Poderia variar o cardápio do café da manhã","","","朝食メニューは多様であるべきだ。","Tilia","","","","","","","","","","","",""
"","FALSE","Booking.com","8","2026-02-19","","施設は古いが清潔でした","冷蔵庫スイッチ1にして下段に入れても冷凍されてしまった","","施設は古いが清潔でした","冷蔵庫スイッチ1にして下段に入れても冷凍されてしまった","Kyoko","","","","","","","","","","","",""
"","FALSE","Booking.com","10","2026-02-18","","Emplacement, propreté, gentillesse du personnel","","","立地、清潔さ、スタッフの親切さ","","Aleksandra","","","","","","","","","","","",""
"","FALSE","楽天トラベル","5","2026-02-18","ホテルも非常に綺麗で過ごしやすかったです。 お風呂が足が伸ばせるくらい広かったです。 部屋は小柄な女性ふたりで狭めかなと感じるくらいでした。 朝ごはんがとっても美味しくて、 メニュー数こそ多くはないですが、 レッドカラーをおかわりしちゃいました！ 7時10分くらいに行ったら全然こんでなくて、 ゆっくり食べられました。  駅からもとっても近くて、また利用したいです。","","","ホテルも非常に綺麗で過ごしやすかったです。 お風呂が足が伸ばせるくらい広かったです。 部屋は小柄な女性ふたりで狭めかなと感じるくらいでした。 朝ごはんがとっても美味しくて、 メニュー数こそ多くはないですが、 レッドカラーをおかわりしちゃいました！ 7時10分くらいに行ったら全然こんでなくて、 ゆっくり食べられました。  駅からもとっても近くて、また利用したいです。","","","えりかりえ","","","","","","","","","","","",""
"","FALSE","Booking.com","7","2026-02-17","","","","","","","Ghassen","","","","","","","","","","","",""
"","FALSE","Booking.com","9","2026-02-17","","","","","","","Kanako","","","","","","","","","","","",""
"","FALSE","Booking.com","10","2026-02-16","","","","","","","Onon","","","","","","","","","","","",""
"","FALSE","Booking.com","10","2026-02-16","","","","","","","Linda","","FALSE","Booking.com","10","2026-02-28","","The hotel is excellent, the service in the lobby is very good, it's located very close to the metro, and the room is very clean with everything you need for a great stay. I recommend it 100%. This is our third year there, and we wouldn't change it for anything.","Breakfast is always the same.","","このホテルは最高です。ロビーのサービスも素晴らしく、地下鉄の駅からも非常に近く、部屋も清潔で快適な滞在に必要なものがすべて揃っています。100％お勧めします。今年で3年目になりますが、何があってもこのホテルを選びます。","朝食はいつも同じだ。","Pablo"
"","FALSE","Booking.com","7","2026-02-16","","","","","","","Kumiko","","FALSE","Google","5","2026-02-28","用點數換房間，物超所值，地點好，旁邊有驚安殿堂，交通有兩條東京地鐵線。","","","ポイントを使って部屋を予約するのは非常にお得です。立地も抜群で、天壇公園や東京地下鉄の2路線が近くにあります。","","","黃厚平"
"","FALSE","Trip.com","9","2026-02-15","위치는 롯폰기 역에서 도보 3분도 안 걸릴 정도로 가깝고 좋아요. 카운터 직원분도 계속 웃어주시면서 친절하게 안내해주셨어요. 하지만 주변이 도로여서 숙소로 소음과 진동이 계속 들어오고 좁아요. 가격 생각하면 그럴 수 있습니다. 문제는 화장실에서 계속 구린 냄새가 났었고, 직원이 청소를 해주었는데 서양인 특유의 암내가 방안에 가득 퍼져있더군요. 이틀만에 알콜 스프레이를 다 비울 정도로 방과 화장실에 냄새가  심했습니다.","","","場所は六本木駅から徒歩3分もかからないほど近いです。カウンタースタッフの方もずっと笑ってくれて親切にご案内いただきました。しかし、周辺が道路なので、宿舎に騒音や振動が入り続けて狭いです。価格を考えるとそうかもしれません。問題はトイレで焼き続けた匂いがし、スタッフが掃除をしてくれたのに西洋ならではの岩が部屋の中にいっぱいに広がっていましたね。二日ぶりにアルコールスプレーをすべて空にするほど、部屋やトイレに臭いがひどかった。","","","ゲ‍ス‍ト","","FALSE","Google","4","2026-02-28","チェックイン・アウト時もフロント女性スタッフ２人だけでしたが、笑顔での対応がとても心地よく、セルフドリンクサービスもありました。 駅からも近く、ツインルームは十分快適でした。 リーズナブルでよかったです。","","","チェックイン・アウト時もフロント女性スタッフ２人だけでしたが、笑顔での対応がとても心地よく、セルフドリンクサービスもありました。 駅からも近く、ツインルームは十分快適でした。 リーズナブルでよかったです。","","","na -b"
"","FALSE","Booking.com","8","2026-02-15","","駅から近く、掃除が行き届いていて綺麗で過ごしやすい部屋だった","朝食がエスニック料理気味で食べれるものが限られた","","駅から近く、掃除が行き届いていて綺麗で過ごしやすい部屋だった","朝食がエスニック料理気味で食べれるものが限られた","ゆうこ","","FALSE","Google","4","2026-02-28","Great location, rooms good but quite squeezy. Nice team but extremely strict on the 3:00pm check-in & not a moment before","","","立地は最高、部屋は良いがかなり狭い。スタッフは親切だが、チェックインは午後3時で、それより前にチェックインするのは非常に厳格。","","","James Conaghan"
"","FALSE","Booking.com","2","2026-02-15","","","Room was 35 degrees Celsius. Even with AC cranked down to 15 degrees Celsius. Couldn't sleep it was so hot. I booked two nights. Checked out before 10am the next day wouldn't refund second day I didn't stay.  You couldn't pay me to stay their I would have slept better on the sidewalk outside. Don't ever invite me to your terrarium again you lizards.","","","部屋は摂氏35度でした。エアコンを摂氏15度まで下げてもです。暑すぎて眠れませんでした。2泊予約しましたが、翌日午前10時前にチェックアウトしたため、2泊目の料金は返金されませんでした。お金をもらっても泊まりたくありません。外の歩道で寝た方がましでした。二度とあんなトカゲのテラリウムに招待しないでください。","Corey","","FALSE","Google","5","2026-02-28","ポイントを使ってお部屋をご利用いただくと、大変お得です。天壇にも近く、東京メトロ2路線もすぐそばという絶好のロケーションです。","","","ポイントを使ってお部屋をご利用いただくと、大変お得です。天壇にも近く、東京メトロ2路線もすぐそばという絶好のロケーションです。","","","黃厚平"
"","FALSE","Google","1","2026-02-15","-방이 몹시 좁습니다. 또한 방에서 오래된 건물 냄새와 암내가 방에서 납니다. 냄새에 예민한 편이라 힘들었습니다. 화장실 또한 오래된 냄새와 은은한 변 냄새가 올라와 몹시 곤란했습니다. -옆방 문 열리는 소리가 같이 들려서 내 방문 열리는 소리인지 긴장된 적이 몇 번 있습니다. -창밖이 밝아 잠들기 어려울 수 있습니다. -직원들은 친절했습니다. -롯폰기 역에서 도보 2분 내에 위치해 대중교통 이용에는 좋습니다.","","","-部屋がすごく狭いです。また、部屋から古い建物の臭いや岩の中が部屋から出てきます。臭いに敏感な方だったので大変でした。トイレも古い臭いとほのかな臭いが上がり、とても困りました。 - 隣の部屋のドアが開かれる音が一緒に聞こえて、私の訪問が開かれる音か緊張した敵が何度もあります。 - 窓の外が明るく、眠りにくい場合があります。 -スタッフは親切でした。 -六本木駅から徒歩2分以内に位置し、公共交通機関の利用に最適です。","","","바른생활","","FALSE","Google","4","2026-02-28","立地は最高で、部屋も良かったのですが、少し狭かったです。 スタッフは親切でしたが、チェックインは午後3時で、それより早くチェックインするのは厳しかったです。","","","立地は最高で、部屋も良かったのですが、少し狭かったです。 スタッフは親切でしたが、チェックインは午後3時で、それより早くチェックインするのは厳しかったです。","","","James Conaghan"
"","FALSE","Google","1","2026-02-15","部屋は35℃もあった。エアコンを15℃に下げても。暑くて眠れなかった。2泊予約したのに、翌日の午前10時前にチェックアウトしたのに、2日目の宿泊料金は返金してもらえず、結局泊まらなかった。あんなところに泊まるために金を払うなんて無理。外の歩道で寝た方がマシだった。二度とテラリウムに誘わないでくれよ、このトカゲども。","","","部屋は35℃もあった。エアコンを15℃に下げても。暑くて眠れなかった。2泊予約したのに、翌日の午前10時前にチェックアウトしたのに、2日目の宿泊料金は返金してもらえず、結局泊まらなかった。あんなところに泊まるために金を払うなんて無理。外の歩道で寝た方がマシだった。二度とテラリウムに誘わないでくれよ、このトカゲども。","","","Corey Gossett","","FALSE","Booking.com","9","2026-02-26","","","","","","","Sei"
"","FALSE","Google","1","2026-02-15","-部屋がすごく狭いです。また、部屋から古い建物の臭いや岩の中が部屋から出てきます。臭いに敏感な方だったので大変でした。 トイレも古い臭いとほのかな臭いが上がり、とても困りました。 - 隣の部屋のドアが開かれる音が一緒に聞こえて、私の訪問が開かれる音か緊張した敵が何度もあります。 - 窓の外が明るく、眠りにくい場合があります。 -スタッフは親切でした。 -六本木駅から徒歩2分以内に位置し、公共交通機関の利用に最適です。","","","-部屋がすごく狭いです。また、部屋から古い建物の臭いや岩の中が部屋から出てきます。臭いに敏感な方だったので大変でした。 トイレも古い臭いとほのかな臭いが上がり、とても困りました。 - 隣の部屋のドアが開かれる音が一緒に聞こえて、私の訪問が開かれる音か緊張した敵が何度もあります。 - 窓の外が明るく、眠りにくい場合があります。 -スタッフは親切でした。 -六本木駅から徒歩2分以内に位置し、公共交通機関の利用に最適です。","","","바른생활","","FALSE","Booking.com","10","2026-02-25","","The hotel is great, very friendly and helpful staff. We were able to leave our luggage before check in and after check out. Location is amazing, very close to Roppongi Crossing and Roppongi Hills. This is not only a great area in Tokyo, it is well connected and has developed a lot in the past 8 years since I used to live there. The place is clean, with comfortable bed, the bathroom is also clean and nice.","The only thing that as a bit tricky was the size of the room, but we managed to handle 2 big checked luggages, 2 big backpacks and lots of shopping.","","ホテルは素晴らしく、スタッフはとてもフレンドリーで親切でした。チェックイン前とチェックアウト後に荷物を預けることができました。立地も最高で、六本木スクランブル交差点と六本木ヒルズにとても近いです。ここは東京の中でも素晴らしいエリアであるだけでなく、交通の便も良く、私が以前住んでいた8年前から大きく発展しました。部屋は清潔で、ベッドも快適、バスルームも清潔で素敵でした。","唯一少し厄介だったのは部屋の広さでしたが、大きな預け荷物2個、大きなバックパック2個、そしてたくさんの買い物袋をなんとか収納できました。","Wanderwoman123"
"","FALSE","Booking.com","7","2026-02-14","","","","","","","Saki","","FALSE","楽天トラベル","4","2026-02-25","接客がとても丁寧で恐縮してしまいます。 また、使わせていただきます","","","接客がとても丁寧で恐縮してしまいます。 また、使わせていただきます","","","koco_o"
"","FALSE","Google","1","2026-02-14","部屋は35℃もあった。エアコンを15℃に下げても。暑くて眠れなかった。2泊予約したのに、翌日の午前10時前にチェックアウトしたのに、2日目の宿泊料金は返金してもらえず、結局泊まらなかった。あんなところに泊まるために金を払うなんて無理。外の歩道で寝た方がマシだった。二度とテラリウムに誘わないでくれよ、このトカゲども。","","","部屋は35℃もあった。エアコンを15℃に下げても。暑くて眠れなかった。2泊予約したのに、翌日の午前10時前にチェックアウトしたのに、2日目の宿泊料金は返金してもらえず、結局泊まらなかった。あんなところに泊まるために金を払うなんて無理。外の歩道で寝た方がマシだった。二度とテラリウムに誘わないでくれよ、このトカゲども。","","","Corey Gossett","","FALSE","Booking.com","7","2026-02-24","","The shower was excellent. The beds were comfortable. Close to the trains (1 block from hotel) and close to Tokyo Tower (about a 20-25 min walk). The staff was very friendly and accommodating. Let us keep our luggage there on the last day before heading to the airport.","The room had 1 window, and it was frosted over glass that could not open. So room seemed extremely dreary with no natural lighting. Also for a non smoking billed room, there was a very obvious smokers smell within the room.","","シャワーは素晴らしかったです。ベッドも快適でした。電車にも近く（ホテルから1ブロック）、東京タワーにも近い（徒歩約20～25分）。スタッフはとても親切で、親身になって対応してくれました。最終日には空港へ向かう前に荷物を預かってくれました。","部屋には窓が1つしかなく、しかも曇りガラスで開けることができなかった。そのため、自然光が全く入らず、部屋は非常に陰鬱な雰囲気だった。また、禁煙室と謳われているにもかかわらず、部屋の中には明らかにタバコの臭いが漂っていた。","James"
"","FALSE","Google","1","2026-02-14","Room was 35 degrees Celsius. Even with AC cranked down to 15 degrees Celsius. Couldn't sleep it was so hot. I booked two nights. Checked out before 10am the next day wouldn't refund second day I didn't stay.  You couldn't pay me to stay their I would have slept better on the sidewalk outside. Don't ever invite me to your terrarium again you lizards.","","","部屋は摂氏35度でした。エアコンを摂氏15度まで下げてもです。暑すぎて眠れませんでした。2泊予約しましたが、翌日午前10時前にチェックアウトしたため、2泊目の料金は返金されませんでした。お金をもらっても泊まりたくありません。外の歩道で寝た方がましでした。二度とあんなトカゲのテラリウムに招待しないでください。","","","Corey Gossett","","FALSE","Booking.com","8","2026-02-24","","Su ubicación y buen trato del personal","Pocas lavadoras y secadoras","","立地とスタッフのサービスの良さ","洗濯機と乾燥機が少ない","David"
"","FALSE","Booking.com","10","2026-02-13","","Las personas son muy amables en la recepción y las habitaciones son cómodas, las del piso 5.","Que el desayuno siempre es el mismo todos los días.","","受付のスタッフはとても親切で、部屋も快適です。特に5階の部屋はおすすめです。","その朝食は毎日同じだ。","Pablo","","FALSE","Google","5","2026-02-24","メリット：  1. 地下鉄に非常に近い。  2. 客室は清掃不要で、バスタオルとハンドタオルは毎日交換される。  3. ツインルームは東京にしてはかなり広い。  4. 部屋は清潔。  5. エレベーターが2基あるので、待つことはほとんどありません。  6. 隣と道路の向かいにコンビニがあり、さらにアフリのコンビニも道路の向かいにあります。","","","メリット：  1. 地下鉄に非常に近い。  2. 客室は清掃不要で、バスタオルとハンドタオルは毎日交換される。  3. ツインルームは東京にしてはかなり広い。  4. 部屋は清潔。  5. エレベーターが2基あるので、待つことはほとんどありません。  6. 隣と道路の向かいにコンビニがあり、さらにアフリのコンビニも道路の向かいにあります。","","","M T"
"","FALSE","Booking.com","10","2026-02-13","","Location, and friendly staff","Nothing","","立地とフレンドリーなスタッフ","何もない","Ulf","","FALSE","楽天トラベル","4","2026-02-24","六本木駅から徒歩1分の立地で麻布台ヒルズまで徒歩10分。立地はバッチリでお部屋もツインのお部屋は広めに感じました。加湿空気清浄機もついてたので乾燥対策もバッチリでした。","","","六本木駅から徒歩1分の立地で麻布台ヒルズまで徒歩10分。立地はバッチリでお部屋もツインのお部屋は広めに感じました。加湿空気清浄機もついてたので乾燥対策もバッチリでした。","","","Aya158"
"","FALSE","Booking.com","10","2026-02-13","","Hotel çok temiz ve çalışanları güleryüzlü ve ilgililer. Odanın büyüklüğü ve yatakların konforu çok iyi.","","","ホテルはとても清潔で、スタッフは親切で気配りが行き届いています。部屋の広さもベッドの快適さも申し分ありません。","","Hakan","","FALSE","Google","5","2026-02-24","優點： 1、地點離地鐵超近。 2、房間不需要打掃也會每天給新的浴巾毛巾。 3、雙床房房間在東京算很大。 4、房間乾淨。 5、有兩台電梯，不太需要等。 6、旁邊跟對面都有超商，對面還有阿夫利。","","","利点：1. 地下鉄の駅に非常に近い。2. 部屋の清掃は不要で、バスタオルは毎日交換される。3. ツインルームは東京にしてはかなり広い。4. 部屋は清潔。5. エレベーターが2基あるので、待ち時間はほとんどない。6. 隣と通りの向かいにコンビニがあり、通りの向かいにはAfriコンビニもある。","","","M T"
"","FALSE","Trip.com","10","2026-02-13","櫃檯服務親切 房間乾淨","","","フロントのスタッフは親切で、部屋も清潔だった。","","","-‍W‍h‍o‍-","","FALSE","Booking.com","9","2026-02-23","","The beds were so comfortable! Nice place with proper black out blinds.","Breakfast could have been a bit longer than until 10am, since we stayed there after travelling from a different time zone and had to eat breakfast by 4am for us.","","ベッドがとても快適でした！遮光カーテンもきちんと付いていて、素敵な場所でした。","朝食は午前10時までではなく、もう少し長くてもよかったと思います。というのも、私たちは時差のある地域から来たので、午前4時までに朝食を済ませなければならなかったからです。","Susanne"
"","FALSE","Google","5","2026-02-11","素晴らしいホテルです。スタッフはとてもフレンドリーで親切です。ベッドはとても快適で、部屋の広さもちょうど良いです。","","","素晴らしいホテルです。スタッフはとてもフレンドリーで親切です。ベッドはとても快適で、部屋の広さもちょうど良いです。","","","HAKAN YAPICI","","FALSE","Booking.com","10","2026-02-22","","👍","沒有","","👍","いいえ","Jiawei"
"","FALSE","Google","5","2026-02-11","Çok harika bir hotel. Çalışanlar çok güleryüzlü ve ilgili. Yataklar çok rahat ve ve oda büyüklüğü çok iyi.","","","素晴らしいホテルです。スタッフはとても親切で親身になって対応してくれます。ベッドはとても快適で、部屋の広さも申し分ありません。","","","HAKAN YAPICI","","FALSE","Trip.com","10","2026-02-22","雖然有點老，但是比apa大","","","少し古いが、APAよりも規模が大きい。","","","ゲ‍ス‍ト"
"","FALSE","Booking.com","9","2026-02-10","","It was clean, the rates were reasonable, the staff were so friendly and helpful and location was great.","","","清潔で、料金も手頃で、スタッフはとても親切で協力的で、立地も最高でした。","","Vikram","","FALSE","Booking.com","10","2026-02-21","","The bed was super comfortable and the shower was the best I have ever experienced.  There is coin laundry on each floor and a washer that adds the soap automatically","The room is small but well organized.   And of course you are in the dead center of the Roppongi entertainment district so that is to be expected.","","ベッドはとても快適で、シャワーは今までで最高でした。各階にコインランドリーがあり、洗剤を自動で投入してくれる洗濯機もあります。","部屋は狭いですが、きちんと整理整頓されています。そしてもちろん、ここは六本木の繁華街のど真ん中にあるので、それは当然のことでしょう。","James"
"","FALSE","Google","4","2026-02-10","立地も良く、部屋も清潔で、スタッフも親切でフレンドリー。唯一の欠点は、東京の他のコンフォートホテルのように朝食が含まれていないことです。","","","立地も良く、部屋も清潔で、スタッフも親切でフレンドリー。唯一の欠点は、東京の他のコンフォートホテルのように朝食が含まれていないことです。","","","Sirena Huston","","FALSE","Booking.com","4","2026-02-21","","Staff were very nice.","Room wasn’t great for price. Can’t open windows so room gets stuffy.","","スタッフの方々はとても親切でした。","値段の割には部屋があまり良くなかった。窓が開けられないので、部屋が蒸し暑くなる。","Hayden"
"","FALSE","Google","4","2026-02-10","Good location, clean rooms, friendly and helpful staff. The only downside is that they don’t include breakfast like other Comfort hotels in Tokyo.","","","立地が良く、部屋は清潔で、スタッフは親切で感じが良い。唯一の欠点は、東京の他のコンフォートホテルとは異なり、朝食が含まれていないことだ。","","","Sirena Huston","","FALSE","Booking.com","10","2026-02-20","","","","","","","Berankis"
"","FALSE","Booking.com","8","2026-02-09","","","","","","","Shohei","","FALSE","Booking.com","9","2026-02-19","","","Poderia variar o cardápio do café da manhã","","","朝食メニューは多様であるべきだ。","Tilia"
"","FALSE","楽天トラベル","2","2026-02-09","清掃済みの部屋なのにゴミがありました。 スリッパがベッドの下に入り込んだので取り出したら、大量のポテチのかすとかが一緒にです。 とても不潔な感じがしました。人手が足りずに忙しいのか？　単純にサボっているとか、従業員の教育が行き届いてないのか分かりませんが。  ただポイントの還元率が高かったので、それは良かったです。","","","清掃済みの部屋なのにゴミがありました。 スリッパがベッドの下に入り込んだので取り出したら、大量のポテチのかすとかが一緒にです。 とても不潔な感じがしました。人手が足りずに忙しいのか？　単純にサボっているとか、従業員の教育が行き届いてないのか分かりませんが。  ただポイントの還元率が高かったので、それは良かったです。","","","メタボ太郎","","FALSE","Booking.com","8","2026-02-19","","施設は古いが清潔でした","冷蔵庫スイッチ1にして下段に入れても冷凍されてしまった","","施設は古いが清潔でした","冷蔵庫スイッチ1にして下段に入れても冷凍されてしまった","Kyoko"
"","FALSE","楽天トラベル","4","2026-02-09","とにかくお部屋が広くて綺麗でした😊 びっくりしたのは、お風呂がとても大きかったし、凄く綺麗で清潔感バッチリでした。 神経質な私が安心して、宿泊できました。 パジャマは、もう少し柔らかいほうが良かったかな？糊が効いててキレイなのですがちょっとゴワゴワ気になりました。 有難う御座いましたm(_ _)m","","","とにかくお部屋が広くて綺麗でした😊 びっくりしたのは、お風呂がとても大きかったし、凄く綺麗で清潔感バッチリでした。 神経質な私が安心して、宿泊できました。 パジャマは、もう少し柔らかいほうが良かったかな？糊が効いててキレイなのですがちょっとゴワゴワ気になりました。 有難う御座いましたm(_ _)m","","","ゆみちゃん＊","","FALSE","Booking.com","10","2026-02-18","","Emplacement, propreté, gentillesse du personnel","","","立地、清潔さ、スタッフの親切さ","","Aleksandra"
"","FALSE","Booking.com","10","2026-02-09","","","","","","","Bruno","","FALSE","楽天トラベル","5","2026-02-18","ホテルも非常に綺麗で過ごしやすかったです。 お風呂が足が伸ばせるくらい広かったです。 部屋は小柄な女性ふたりで狭めかなと感じるくらいでした。 朝ごはんがとっても美味しくて、 メニュー数こそ多くはないですが、 レッドカラーをおかわりしちゃいました！ 7時10分くらいに行ったら全然こんでなくて、 ゆっくり食べられました。  駅からもとっても近くて、また利用したいです。","","","ホテルも非常に綺麗で過ごしやすかったです。 お風呂が足が伸ばせるくらい広かったです。 部屋は小柄な女性ふたりで狭めかなと感じるくらいでした。 朝ごはんがとっても美味しくて、 メニュー数こそ多くはないですが、 レッドカラーをおかわりしちゃいました！ 7時10分くらいに行ったら全然こんでなくて、 ゆっくり食べられました。  駅からもとっても近くて、また利用したいです。","","","えりかりえ"
"","FALSE","Trip.com","10","2026-02-08","飯店位子非常之好，房間很大很舒適","","","このホテルは立地が素晴らしく、部屋も広くて快適です。","","","ゲ‍ス‍ト","","FALSE","Booking.com","7","2026-02-17","","","","","","","Ghassen"
"","FALSE","Google","5","2026-02-08","素晴らしい！","","","素晴らしい！","","","Mario Mantovani","","FALSE","Booking.com","9","2026-02-17","","","","","","","Kanako"
"","FALSE","Google","5","2026-02-08","六本木で4人家族単位または2人旅行の際、「ツインベッド」構成の部屋を宿泊しながら苛性良く泊まれる場所らしい。 1階の朝食ビュッフェがタイ式で出るちょっと生き生きとした面があるが、予約していなかった朝食価格は大人基準1500円だから、数日泊まるとするのも大丈夫だろうが、私たちの家族は3泊しながらあの時入る道にマートやコンビニで購入した様々な秒。  日本旅行で通いながら間湾に会った部屋が少し大きめのツインベッド構成が本当に良かった…","","","六本木で4人家族単位または2人旅行の際、「ツインベッド」構成の部屋を宿泊しながら苛性良く泊まれる場所らしい。 1階の朝食ビュッフェがタイ式で出るちょっと生き生きとした面があるが、予約していなかった朝食価格は大人基準1500円だから、数日泊まるとするのも大丈夫だろうが、私たちの家族は3泊しながらあの時入る道にマートやコンビニで購入した様々な秒。  日本旅行で通いながら間湾に会った部屋が少し大きめのツインベッド構成が本当に良かった…","","","jong gu kim","","FALSE","Booking.com","10","2026-02-16","","","","","","","Onon"
"","FALSE","Google","5","2026-02-08","롯본기에서 4인 가족 단위 또는 2인 여행시 ""트윈베드"" 구성의 방을 투숙하면서 가성비 좋게 묵을수 있는 곳인것 같다. 1층 조식부페가 태국식으로 나오는 좀 생뚱맞은 면이 있지만, 예약하던 안하던 조식가격은 성인기준 1500¥이니, 몇일 묵게된다면 하는것도 괜찮겠지만, 우리가족은 3박 하면서 저냑때 들어오는길에 마트나 편의점 에서 구입한 다양한 초밥 앤 라면으로 아침을 먹었음.  일본 여행에서 다니면서 간만에 만난 방이 좀 큼직한 트윈베드 구성이 정말 좋았음...","","","六本木で4人家族単位または2人旅行の際、「ツインベッド」構成の部屋を宿泊しながら苛性良く泊まれる場所らしい。 1階の朝食ビュッフェがタイ式で出るちょっと生き生きとした面があるが、予約していなかった朝食価格は大人基準1500円だから、数日泊まるとするのも大丈夫だろうが、私たちの家族は3泊しながらあの時入る道にマートやコンビニで購入した様々な秒。  日本旅行で通いながら間湾に会った部屋が少し大きめのツインベッド構成が本当に良かった…","","","jong gu kim","","FALSE","Booking.com","10","2026-02-16","","","","","","","Linda"
"","FALSE","Google","5","2026-02-08","六本木で4人家族単位または2人旅行の際、「ツインベッド」構成の部屋を宿泊しながら苛性良く泊まれる場所らしい。 1階の朝食ビュッフェがタイ式で出るちょっと生き生きとした面があるが、予約していなかった朝食価格は大人基準1500円だから、数日泊まるとするのも大丈夫だろうが、私たちの家族は3泊しながらあの時入る道にマートやコンビニで購入した様々な秒。  日本旅行で通っている間に会った部屋が少し大きめのツインベッド構成が本当に良かった…","","","六本木で4人家族単位または2人旅行の際、「ツインベッド」構成の部屋を宿泊しながら苛性良く泊まれる場所らしい。 1階の朝食ビュッフェがタイ式で出るちょっと生き生きとした面があるが、予約していなかった朝食価格は大人基準1500円だから、数日泊まるとするのも大丈夫だろうが、私たちの家族は3泊しながらあの時入る道にマートやコンビニで購入した様々な秒。  日本旅行で通っている間に会った部屋が少し大きめのツインベッド構成が本当に良かった…","","","jong gu kim","","FALSE","Booking.com","7","2026-02-16","","","","","","","Kumiko"
"","FALSE","Booking.com","7","2026-02-07","","駅近なのにリーズナブルなのが1番良かった。  フロントの方の説明が丁寧で良かった。","朝食の際、外国人スタッフがずっと入り口で立ってお喋りしていたのが気になった。  お皿やバイキングの流れがわからず聞いたにも関わらず、あちらです、の一言だけで少し残念だった。  お風呂に浸かりたかったので、（確認不足だったが）バスがないのに驚いた。","","駅近なのにリーズナブルなのが1番良かった。  フロントの方の説明が丁寧で良かった。","朝食の際、外国人スタッフがずっと入り口で立ってお喋りしていたのが気になった。  お皿やバイキングの流れがわからず聞いたにも関わらず、あちらです、の一言だけで少し残念だった。  お風呂に浸かりたかったので、（確認不足だったが）バスがないのに驚いた。","Naomi","","FALSE","Trip.com","9","2026-02-15","위치는 롯폰기 역에서 도보 3분도 안 걸릴 정도로 가깝고 좋아요. 카운터 직원분도 계속 웃어주시면서 친절하게 안내해주셨어요. 하지만 주변이 도로여서 숙소로 소음과 진동이 계속 들어오고 좁아요. 가격 생각하면 그럴 수 있습니다. 문제는 화장실에서 계속 구린 냄새가 났었고, 직원이 청소를 해주었는데 서양인 특유의 암내가 방안에 가득 퍼져있더군요. 이틀만에 알콜 스프레이를 다 비울 정도로 방과 화장실에 냄새가  심했습니다.","","","場所は六本木駅から徒歩3分もかからないほど近いです。カウンタースタッフの方もずっと笑ってくれて親切にご案内いただきました。しかし、周辺が道路なので、宿舎に騒音や振動が入り続けて狭いです。価格を考えるとそうかもしれません。問題はトイレで焼き続けた匂いがし、スタッフが掃除をしてくれたのに西洋ならではの岩が部屋の中にいっぱいに広がっていましたね。二日ぶりにアルコールスプレーをすべて空にするほど、部屋やトイレに臭いがひどかった。","","","ゲ‍ス‍ト"
"","FALSE","Google","3","2026-02-07","2026年02月05日（木）から、1泊で利用しました。 六本木の交差点に近く便利な場所にありました。 部屋の広さは狭くなく、快適でした。 最初に部屋に入ったとき、 外国人の独特な香水の匂いが充満していました。 部屋を変えてもらおうと思いましたが、 そのまま宿泊しました。 その後は気にならなくなりました。 お風呂、テレビ、Wi-Fiは問題ありませんでした。 眺望は目の前の別のホテルが目の前にありました。 また、機会があれば伺い（利用し）たいと思います。","","","2026年02月05日（木）から、1泊で利用しました。 六本木の交差点に近く便利な場所にありました。 部屋の広さは狭くなく、快適でした。 最初に部屋に入ったとき、 外国人の独特な香水の匂いが充満していました。 部屋を変えてもらおうと思いましたが、 そのまま宿泊しました。 その後は気にならなくなりました。 お風呂、テレビ、Wi-Fiは問題ありませんでした。 眺望は目の前の別のホテルが目の前にありました。 また、機会があれば伺い（利用し）たいと思います。","","","o n","","FALSE","Booking.com","8","2026-02-15","","駅から近く、掃除が行き届いていて綺麗で過ごしやすい部屋だった","朝食がエスニック料理気味で食べれるものが限られた","","駅から近く、掃除が行き届いていて綺麗で過ごしやすい部屋だった","朝食がエスニック料理気味で食べれるものが限られた","ゆうこ"
"","FALSE","Trip.com","9","2026-02-07","화장실이 크고 객실이 좁은 편으로 연식이 있어서 그런것 같음. 창문 쪽에 우풍이 심해 베개를 두개 세우면 바람을 막아줌. 역과 가깝고 직원들도 친철함","","","トイレが大きくて部屋が狭い方で年式があってそうだ。窓側に雨風がひどく枕を二つ立てると風を防ぎます。駅に近く、スタッフも親切","","","ゲ‍ス‍ト","","FALSE","Booking.com","2","2026-02-15","","","Room was 35 degrees Celsius. Even with AC cranked down to 15 degrees Celsius. Couldn't sleep it was so hot. I booked two nights. Checked out before 10am the next day wouldn't refund second day I didn't stay.  You couldn't pay me to stay their I would have slept better on the sidewalk outside. Don't ever invite me to your terrarium again you lizards.","","","部屋は摂氏35度でした。エアコンを摂氏15度まで下げてもです。暑すぎて眠れませんでした。2泊予約しましたが、翌日午前10時前にチェックアウトしたため、2泊目の料金は返金されませんでした。お金をもらっても泊まりたくありません。外の歩道で寝た方がましでした。二度とあんなトカゲのテラリウムに招待しないでください。","Corey"
"","FALSE","Google","5","2026-02-07","","","","","","","Michal Brozynski","","FALSE","Google","1","2026-02-15","-방이 몹시 좁습니다. 또한 방에서 오래된 건물 냄새와 암내가 방에서 납니다. 냄새에 예민한 편이라 힘들었습니다. 화장실 또한 오래된 냄새와 은은한 변 냄새가 올라와 몹시 곤란했습니다. -옆방 문 열리는 소리가 같이 들려서 내 방문 열리는 소리인지 긴장된 적이 몇 번 있습니다. -창밖이 밝아 잠들기 어려울 수 있습니다. -직원들은 친절했습니다. -롯폰기 역에서 도보 2분 내에 위치해 대중교통 이용에는 좋습니다.","","","-部屋がすごく狭いです。また、部屋から古い建物の臭いや岩の中が部屋から出てきます。臭いに敏感な方だったので大変でした。トイレも古い臭いとほのかな臭いが上がり、とても困りました。 - 隣の部屋のドアが開かれる音が一緒に聞こえて、私の訪問が開かれる音か緊張した敵が何度もあります。 - 窓の外が明るく、眠りにくい場合があります。 -スタッフは親切でした。 -六本木駅から徒歩2分以内に位置し、公共交通機関の利用に最適です。","","","바른생활"
"","FALSE","Booking.com","9","2026-02-06","","","","","","","Ulf","","FALSE","Google","1","2026-02-15","部屋は35℃もあった。エアコンを15℃に下げても。暑くて眠れなかった。2泊予約したのに、翌日の午前10時前にチェックアウトしたのに、2日目の宿泊料金は返金してもらえず、結局泊まらなかった。あんなところに泊まるために金を払うなんて無理。外の歩道で寝た方がマシだった。二度とテラリウムに誘わないでくれよ、このトカゲども。","","","部屋は35℃もあった。エアコンを15℃に下げても。暑くて眠れなかった。2泊予約したのに、翌日の午前10時前にチェックアウトしたのに、2日目の宿泊料金は返金してもらえず、結局泊まらなかった。あんなところに泊まるために金を払うなんて無理。外の歩道で寝た方がマシだった。二度とテラリウムに誘わないでくれよ、このトカゲども。","","","Corey Gossett"
"","FALSE","楽天トラベル","4","2026-02-06","朝食が美味しかった。 朝からタイ料理幸せでした","","","朝食が美味しかった。 朝からタイ料理幸せでした","","","ヨシ8449","","FALSE","Google","1","2026-02-15","-部屋がすごく狭いです。また、部屋から古い建物の臭いや岩の中が部屋から出てきます。臭いに敏感な方だったので大変でした。 トイレも古い臭いとほのかな臭いが上がり、とても困りました。 - 隣の部屋のドアが開かれる音が一緒に聞こえて、私の訪問が開かれる音か緊張した敵が何度もあります。 - 窓の外が明るく、眠りにくい場合があります。 -スタッフは親切でした。 -六本木駅から徒歩2分以内に位置し、公共交通機関の利用に最適です。","","","-部屋がすごく狭いです。また、部屋から古い建物の臭いや岩の中が部屋から出てきます。臭いに敏感な方だったので大変でした。 トイレも古い臭いとほのかな臭いが上がり、とても困りました。 - 隣の部屋のドアが開かれる音が一緒に聞こえて、私の訪問が開かれる音か緊張した敵が何度もあります。 - 窓の外が明るく、眠りにくい場合があります。 -スタッフは親切でした。 -六本木駅から徒歩2分以内に位置し、公共交通機関の利用に最適です。","","","바른생활"
"","FALSE","Booking.com","8","2026-02-05","","Расположение хорошее. Район Roppongi достаточно известен ;-)","Завтраки могли бы быть и получше.","","立地は良いですね。六本木エリアはかなり有名ですからね ;-)","朝食はもっと改善できるはずだ。","Ivan","","FALSE","Booking.com","7","2026-02-14","","","","","","","Saki"
"","FALSE","Booking.com","8","2026-02-03","","","La habitación era grande y la cama también. Dormimos muy a gusto. En otros casos estábamos apretados en la cama. También había sitio para dejar las maletas. El baño era grande para variar.","","","部屋もベッドも広かったので、とても快適に眠れました。他のホテルでは、ベッドが窮屈だったことが多かったので、これは本当にありがたかったです。スーツケースを置くスペースもありました。バスルームも珍しく広かったです。","Ivan","","FALSE","Google","1","2026-02-14","部屋は35℃もあった。エアコンを15℃に下げても。暑くて眠れなかった。2泊予約したのに、翌日の午前10時前にチェックアウトしたのに、2日目の宿泊料金は返金してもらえず、結局泊まらなかった。あんなところに泊まるために金を払うなんて無理。外の歩道で寝た方がマシだった。二度とテラリウムに誘わないでくれよ、このトカゲども。","","","部屋は35℃もあった。エアコンを15℃に下げても。暑くて眠れなかった。2泊予約したのに、翌日の午前10時前にチェックアウトしたのに、2日目の宿泊料金は返金してもらえず、結局泊まらなかった。あんなところに泊まるために金を払うなんて無理。外の歩道で寝た方がマシだった。二度とテラリウムに誘わないでくれよ、このトカゲども。","","","Corey Gossett"
"","FALSE","Google","5","2026-02-03","Great experience the lobby. Coffee was great as were the amenities like pajamas, slippers, and toiletries","","","ロビーでの体験は素晴らしかったです。コーヒーも美味しく、パジャマ、スリッパ、アメニティなどの備品も充実していました。","","","linda brach","","FALSE","Google","1","2026-02-14","Room was 35 degrees Celsius. Even with AC cranked down to 15 degrees Celsius. Couldn't sleep it was so hot. I booked two nights. Checked out before 10am the next day wouldn't refund second day I didn't stay.  You couldn't pay me to stay their I would have slept better on the sidewalk outside. Don't ever invite me to your terrarium again you lizards.","","","部屋は摂氏35度でした。エアコンを摂氏15度まで下げてもです。暑すぎて眠れませんでした。2泊予約しましたが、翌日午前10時前にチェックアウトしたため、2泊目の料金は返金されませんでした。お金をもらっても泊まりたくありません。外の歩道で寝た方がましでした。二度とあんなトカゲのテラリウムに招待しないでください。","","","Corey Gossett"
"","FALSE","Google","5","2026-02-03","ロビーでの滞在は素晴らしかったです。コーヒーも美味しく、パジャマ、スリッパ、トイレタリーなどのアメニティも充実していました。","","","ロビーでの滞在は素晴らしかったです。コーヒーも美味しく、パジャマ、スリッパ、トイレタリーなどのアメニティも充実していました。","","","linda brach","","FALSE","Booking.com","10","2026-02-13","","Las personas son muy amables en la recepción y las habitaciones son cómodas, las del piso 5.","Que el desayuno siempre es el mismo todos los días.","","受付のスタッフはとても親切で、部屋も快適です。特に5階の部屋はおすすめです。","その朝食は毎日同じだ。","Pablo"
"","FALSE","Booking.com","9","2026-02-02","","","","","","","Andrea","","FALSE","Booking.com","10","2026-02-13","","Location, and friendly staff","Nothing","","立地とフレンドリーなスタッフ","何もない","Ulf"
"","FALSE","Booking.com","8","2026-02-02","","Room was huge, they lent us a humidifier during winter dry time. Bed was ok.","toilet has some sewage smell, think the building is quite old.","","部屋は広々としていて、冬の乾燥期には加湿器を貸してくれました。ベッドはまあまあでした。","トイレから下水の臭いがする。建物がかなり古いようだ。","Lazyslogger","","FALSE","Booking.com","10","2026-02-13","","Hotel çok temiz ve çalışanları güleryüzlü ve ilgililer. Odanın büyüklüğü ve yatakların konforu çok iyi.","","","ホテルはとても清潔で、スタッフは親切で気配りが行き届いています。部屋の広さもベッドの快適さも申し分ありません。","","Hakan"
"","FALSE","Booking.com","8","2026-02-02","","朝食のカレーが美味しかった。","","","朝食のカレーが美味しかった。","","Junichi","","FALSE","Trip.com","10","2026-02-13","櫃檯服務親切 房間乾淨","","","フロントのスタッフは親切で、部屋も清潔だった。","","","-‍W‍h‍o‍-"
"","FALSE","Google","5","2026-02-01","","","","","","","sookhyun Hong","","FALSE","Google","5","2026-02-11","素晴らしいホテルです。スタッフはとてもフレンドリーで親切です。ベッドはとても快適で、部屋の広さもちょうど良いです。","","","素晴らしいホテルです。スタッフはとてもフレンドリーで親切です。ベッドはとても快適で、部屋の広さもちょうど良いです。","","","HAKAN YAPICI"
"","FALSE","Google","1","2026-02-01","受付の久保の態度悪すぎます。 チェックイン時にレジカード？か何か知りませんが、名前と住所が載った紙を無くされて自分が持ち込んでないか疑われた挙句勝手に携帯に見つかりましたの留守番電話入れられて不愉快でした。しかもその後顔を合わせても直接謝罪されることはなく、対応が粗悪だと感じました。 個人情報の管理もできないホテルに宿泊することがチェックインの時点で決まり憂鬱でした。 坂の多い六本木で駅から近く、立地はいいので本当に残念です。","","","受付の久保の態度悪すぎます。 チェックイン時にレジカード？か何か知りませんが、名前と住所が載った紙を無くされて自分が持ち込んでないか疑われた挙句勝手に携帯に見つかりましたの留守番電話入れられて不愉快でした。しかもその後顔を合わせても直接謝罪されることはなく、対応が粗悪だと感じました。 個人情報の管理もできないホテルに宿泊することがチェックインの時点で決まり憂鬱でした。 坂の多い六本木で駅から近く、立地はいいので本当に残念です。","","","たかまつa","","FALSE","Google","5","2026-02-11","Çok harika bir hotel. Çalışanlar çok güleryüzlü ve ilgili. Yataklar çok rahat ve ve oda büyüklüğü çok iyi.","","","素晴らしいホテルです。スタッフはとても親切で親身になって対応してくれます。ベッドはとても快適で、部屋の広さも申し分ありません。","","","HAKAN YAPICI"
"","FALSE","Google","4","2026-02-01","お部屋はやや古いけど、不便はなし。何より駅近だったりコンビニも近く便利な場所にあるので、アクセスは便利です。 セルフチェックイン、チェックアウトでフリードリンクもあります。 朝食がタイ料理ビュッフェ。ガパオとトムヤムクン、グリーンカレーでした。辛さは、朝食に食べる分でも問題なく美味しかったです。(ちょっと塩からかったかな)ご飯がジャスミンライス^_^ なのもうれしかった。こじんまりとしていますが洋食メニューもありました。店員さんの笑顔が癒されました。","","","お部屋はやや古いけど、不便はなし。何より駅近だったりコンビニも近く便利な場所にあるので、アクセスは便利です。 セルフチェックイン、チェックアウトでフリードリンクもあります。 朝食がタイ料理ビュッフェ。ガパオとトムヤムクン、グリーンカレーでした。辛さは、朝食に食べる分でも問題なく美味しかったです。(ちょっと塩からかったかな)ご飯がジャスミンライス^_^ なのもうれしかった。こじんまりとしていますが洋食メニューもありました。店員さんの笑顔が癒されました。","","","Rei R","","FALSE","Booking.com","9","2026-02-10","","It was clean, the rates were reasonable, the staff were so friendly and helpful and location was great.","","","清潔で、料金も手頃で、スタッフはとても親切で協力的で、立地も最高でした。","","Vikram"
"","","","","","","","","","","","","","FALSE","Google","4","2026-02-10","立地も良く、部屋も清潔で、スタッフも親切でフレンドリー。唯一の欠点は、東京の他のコンフォートホテルのように朝食が含まれていないことです。","","","立地も良く、部屋も清潔で、スタッフも親切でフレンドリー。唯一の欠点は、東京の他のコンフォートホテルのように朝食が含まれていないことです。","","","Sirena Huston"
"","","","","","","","","","","","","","FALSE","Google","4","2026-02-10","Good location, clean rooms, friendly and helpful staff. The only downside is that they don’t include breakfast like other Comfort hotels in Tokyo.","","","立地が良く、部屋は清潔で、スタッフは親切で感じが良い。唯一の欠点は、東京の他のコンフォートホテルとは異なり、朝食が含まれていないことだ。","","","Sirena Huston"
"","","","","","","","","","","","","","FALSE","Booking.com","8","2026-02-09","","","","","","","Shohei"
"","","","","","","","","","","","","","FALSE","楽天トラベル","2","2026-02-09","清掃済みの部屋なのにゴミがありました。 スリッパがベッドの下に入り込んだので取り出したら、大量のポテチのかすとかが一緒にです。 とても不潔な感じがしました。人手が足りずに忙しいのか？　単純にサボっているとか、従業員の教育が行き届いてないのか分かりませんが。  ただポイントの還元率が高かったので、それは良かったです。","","","清掃済みの部屋なのにゴミがありました。 スリッパがベッドの下に入り込んだので取り出したら、大量のポテチのかすとかが一緒にです。 とても不潔な感じがしました。人手が足りずに忙しいのか？　単純にサボっているとか、従業員の教育が行き届いてないのか分かりませんが。  ただポイントの還元率が高かったので、それは良かったです。","","","メタボ太郎"
"","","","","","","","","","","","","","FALSE","楽天トラベル","4","2026-02-09","とにかくお部屋が広くて綺麗でした😊 びっくりしたのは、お風呂がとても大きかったし、凄く綺麗で清潔感バッチリでした。 神経質な私が安心して、宿泊できました。 パジャマは、もう少し柔らかいほうが良かったかな？糊が効いててキレイなのですがちょっとゴワゴワ気になりました。 有難う御座いましたm(_ _)m","","","とにかくお部屋が広くて綺麗でした😊 びっくりしたのは、お風呂がとても大きかったし、凄く綺麗で清潔感バッチリでした。 神経質な私が安心して、宿泊できました。 パジャマは、もう少し柔らかいほうが良かったかな？糊が効いててキレイなのですがちょっとゴワゴワ気になりました。 有難う御座いましたm(_ _)m","","","ゆみちゃん＊"
"","","","","","","","","","","","","","FALSE","Booking.com","10","2026-02-09","","","","","","","Bruno"
"","","","","","","","","","","","","","FALSE","Trip.com","10","2026-02-08","飯店位子非常之好，房間很大很舒適","","","このホテルは立地が素晴らしく、部屋も広くて快適です。","","","ゲ‍ス‍ト"
"","","","","","","","","","","","","","FALSE","Google","5","2026-02-08","素晴らしい！","","","素晴らしい！","","","Mario Mantovani"
"","","","","","","","","","","","","","FALSE","Google","5","2026-02-08","六本木で4人家族単位または2人旅行の際、「ツインベッド」構成の部屋を宿泊しながら苛性良く泊まれる場所らしい。 1階の朝食ビュッフェがタイ式で出るちょっと生き生きとした面があるが、予約していなかった朝食価格は大人基準1500円だから、数日泊まるとするのも大丈夫だろうが、私たちの家族は3泊しながらあの時入る道にマートやコンビニで購入した様々な秒。  日本旅行で通いながら間湾に会った部屋が少し大きめのツインベッド構成が本当に良かった…","","","六本木で4人家族単位または2人旅行の際、「ツインベッド」構成の部屋を宿泊しながら苛性良く泊まれる場所らしい。 1階の朝食ビュッフェがタイ式で出るちょっと生き生きとした面があるが、予約していなかった朝食価格は大人基準1500円だから、数日泊まるとするのも大丈夫だろうが、私たちの家族は3泊しながらあの時入る道にマートやコンビニで購入した様々な秒。  日本旅行で通いながら間湾に会った部屋が少し大きめのツインベッド構成が本当に良かった…","","","jong gu kim"
"","","","","","","","","","","","","","FALSE","Google","5","2026-02-08","롯본기에서 4인 가족 단위 또는 2인 여행시 ""트윈베드"" 구성의 방을 투숙하면서 가성비 좋게 묵을수 있는 곳인것 같다. 1층 조식부페가 태국식으로 나오는 좀 생뚱맞은 면이 있지만, 예약하던 안하던 조식가격은 성인기준 1500¥이니, 몇일 묵게된다면 하는것도 괜찮겠지만, 우리가족은 3박 하면서 저냑때 들어오는길에 마트나 편의점 에서 구입한 다양한 초밥 앤 라면으로 아침을 먹었음.  일본 여행에서 다니면서 간만에 만난 방이 좀 큼직한 트윈베드 구성이 정말 좋았음...","","","六本木で4人家族単位または2人旅行の際、「ツインベッド」構成の部屋を宿泊しながら苛性良く泊まれる場所らしい。 1階の朝食ビュッフェがタイ式で出るちょっと生き生きとした面があるが、予約していなかった朝食価格は大人基準1500円だから、数日泊まるとするのも大丈夫だろうが、私たちの家族は3泊しながらあの時入る道にマートやコンビニで購入した様々な秒。  日本旅行で通いながら間湾に会った部屋が少し大きめのツインベッド構成が本当に良かった…","","","jong gu kim"
"","","","","","","","","","","","","","FALSE","Google","5","2026-02-08","六本木で4人家族単位または2人旅行の際、「ツインベッド」構成の部屋を宿泊しながら苛性良く泊まれる場所らしい。 1階の朝食ビュッフェがタイ式で出るちょっと生き生きとした面があるが、予約していなかった朝食価格は大人基準1500円だから、数日泊まるとするのも大丈夫だろうが、私たちの家族は3泊しながらあの時入る道にマートやコンビニで購入した様々な秒。  日本旅行で通っている間に会った部屋が少し大きめのツインベッド構成が本当に良かった…","","","六本木で4人家族単位または2人旅行の際、「ツインベッド」構成の部屋を宿泊しながら苛性良く泊まれる場所らしい。 1階の朝食ビュッフェがタイ式で出るちょっと生き生きとした面があるが、予約していなかった朝食価格は大人基準1500円だから、数日泊まるとするのも大丈夫だろうが、私たちの家族は3泊しながらあの時入る道にマートやコンビニで購入した様々な秒。  日本旅行で通っている間に会った部屋が少し大きめのツインベッド構成が本当に良かった…","","","jong gu kim"
"","","","","","","","","","","","","","FALSE","Booking.com","7","2026-02-07","","駅近なのにリーズナブルなのが1番良かった。  フロントの方の説明が丁寧で良かった。","朝食の際、外国人スタッフがずっと入り口で立ってお喋りしていたのが気になった。  お皿やバイキングの流れがわからず聞いたにも関わらず、あちらです、の一言だけで少し残念だった。  お風呂に浸かりたかったので、（確認不足だったが）バスがないのに驚いた。","","駅近なのにリーズナブルなのが1番良かった。  フロントの方の説明が丁寧で良かった。","朝食の際、外国人スタッフがずっと入り口で立ってお喋りしていたのが気になった。  お皿やバイキングの流れがわからず聞いたにも関わらず、あちらです、の一言だけで少し残念だった。  お風呂に浸かりたかったので、（確認不足だったが）バスがないのに驚いた。","Naomi"
"","","","","","","","","","","","","","FALSE","Google","3","2026-02-07","2026年02月05日（木）から、1泊で利用しました。 六本木の交差点に近く便利な場所にありました。 部屋の広さは狭くなく、快適でした。 最初に部屋に入ったとき、 外国人の独特な香水の匂いが充満していました。 部屋を変えてもらおうと思いましたが、 そのまま宿泊しました。 その後は気にならなくなりました。 お風呂、テレビ、Wi-Fiは問題ありませんでした。 眺望は目の前の別のホテルが目の前にありました。 また、機会があれば伺い（利用し）たいと思います。","","","2026年02月05日（木）から、1泊で利用しました。 六本木の交差点に近く便利な場所にありました。 部屋の広さは狭くなく、快適でした。 最初に部屋に入ったとき、 外国人の独特な香水の匂いが充満していました。 部屋を変えてもらおうと思いましたが、 そのまま宿泊しました。 その後は気にならなくなりました。 お風呂、テレビ、Wi-Fiは問題ありませんでした。 眺望は目の前の別のホテルが目の前にありました。 また、機会があれば伺い（利用し）たいと思います。","","","o n"
"","","","","","","","","","","","","","FALSE","Trip.com","9","2026-02-07","화장실이 크고 객실이 좁은 편으로 연식이 있어서 그런것 같음. 창문 쪽에 우풍이 심해 베개를 두개 세우면 바람을 막아줌. 역과 가깝고 직원들도 친철함","","","トイレが大きくて部屋が狭い方で年式があってそうだ。窓側に雨風がひどく枕を二つ立てると風を防ぎます。駅に近く、スタッフも親切","","","ゲ‍ス‍ト"
"","","","","","","","","","","","","","FALSE","Google","5","2026-02-07","","","","","","","Michal Brozynski"
"","","","","","","","","","","","","","FALSE","Booking.com","9","2026-02-06","","","","","","","Ulf"
"","","","","","","","","","","","","","FALSE","楽天トラベル","4","2026-02-06","朝食が美味しかった。 朝からタイ料理幸せでした","","","朝食が美味しかった。 朝からタイ料理幸せでした","","","ヨシ8449"
"","","","","","","","","","","","","","FALSE","Booking.com","8","2026-02-05","","Расположение хорошее. Район Roppongi достаточно известен ;-)","Завтраки могли бы быть и получше.","","立地は良いですね。六本木エリアはかなり有名ですからね ;-)","朝食はもっと改善できるはずだ。","Ivan"
"","","","","","","","","","","","","","FALSE","Booking.com","8","2026-02-03","","","La habitación era grande y la cama también. Dormimos muy a gusto. En otros casos estábamos apretados en la cama. También había sitio para dejar las maletas. El baño era grande para variar.","","","部屋もベッドも広かったので、とても快適に眠れました。他のホテルでは、ベッドが窮屈だったことが多かったので、これは本当にありがたかったです。スーツケースを置くスペースもありました。バスルームも珍しく広かったです。","Ivan"
"","","","","","","","","","","","","","FALSE","Google","5","2026-02-03","Great experience the lobby. Coffee was great as were the amenities like pajamas, slippers, and toiletries","","","ロビーでの体験は素晴らしかったです。コーヒーも美味しく、パジャマ、スリッパ、アメニティなどの備品も充実していました。","","","linda brach"
"","","","","","","","","","","","","","FALSE","Google","5","2026-02-03","ロビーでの滞在は素晴らしかったです。コーヒーも美味しく、パジャマ、スリッパ、トイレタリーなどのアメニティも充実していました。","","","ロビーでの滞在は素晴らしかったです。コーヒーも美味しく、パジャマ、スリッパ、トイレタリーなどのアメニティも充実していました。","","","linda brach"
"","","","","","","","","","","","","","FALSE","Booking.com","9","2026-02-02","","","","","","","Andrea"
"","","","","","","","","","","","","","FALSE","Booking.com","8","2026-02-02","","Room was huge, they lent us a humidifier during winter dry time. Bed was ok.","toilet has some sewage smell, think the building is quite old.","","部屋は広々としていて、冬の乾燥期には加湿器を貸してくれました。ベッドはまあまあでした。","トイレから下水の臭いがする。建物がかなり古いようだ。","Lazyslogger"
"","","","","","","","","","","","","","FALSE","Booking.com","8","2026-02-02","","朝食のカレーが美味しかった。","","","朝食のカレーが美味しかった。","","Junichi"
"","","","","","","","","","","","","","FALSE","Google","5","2026-02-01","","","","","","","sookhyun Hong"
"","","","","","","","","","","","","","FALSE","Google","1","2026-02-01","受付の久保の態度悪すぎます。 チェックイン時にレジカード？か何か知りませんが、名前と住所が載った紙を無くされて自分が持ち込んでないか疑われた挙句勝手に携帯に見つかりましたの留守番電話入れられて不愉快でした。しかもその後顔を合わせても直接謝罪されることはなく、対応が粗悪だと感じました。 個人情報の管理もできないホテルに宿泊することがチェックインの時点で決まり憂鬱でした。 坂の多い六本木で駅から近く、立地はいいので本当に残念です。","","","受付の久保の態度悪すぎます。 チェックイン時にレジカード？か何か知りませんが、名前と住所が載った紙を無くされて自分が持ち込んでないか疑われた挙句勝手に携帯に見つかりましたの留守番電話入れられて不愉快でした。しかもその後顔を合わせても直接謝罪されることはなく、対応が粗悪だと感じました。 個人情報の管理もできないホテルに宿泊することがチェックインの時点で決まり憂鬱でした。 坂の多い六本木で駅から近く、立地はいいので本当に残念です。","","","たかまつa"
"","","","","","","","","","","","","","FALSE","Google","4","2026-02-01","お部屋はやや古いけど、不便はなし。何より駅近だったりコンビニも近く便利な場所にあるので、アクセスは便利です。 セルフチェックイン、チェックアウトでフリードリンクもあります。 朝食がタイ料理ビュッフェ。ガパオとトムヤムクン、グリーンカレーでした。辛さは、朝食に食べる分でも問題なく美味しかったです。(ちょっと塩からかったかな)ご飯がジャスミンライス^_^ なのもうれしかった。こじんまりとしていますが洋食メニューもありました。店員さんの笑顔が癒されました。","","","お部屋はやや古いけど、不便はなし。何より駅近だったりコンビニも近く便利な場所にあるので、アクセスは便利です。 セルフチェックイン、チェックアウトでフリードリンクもあります。 朝食がタイ料理ビュッフェ。ガパオとトムヤムクン、グリーンカレーでした。辛さは、朝食に食べる分でも問題なく美味しかったです。(ちょっと塩からかったかな)ご飯がジャスミンライス^_^ なのもうれしかった。こじんまりとしていますが洋食メニューもありました。店員さんの笑顔が癒されました。","","","Rei R"