"","検索文字 URL： チェック","コンフォートホテル成田 サイト名","検索年月： 評価","2026年 投稿日","03月 コメント(全体)","範囲： コメント(良い点)","!A1:K コメント(改善点)","コメント（翻訳:全体)","コメント（翻訳:良い)","コメント（翻訳:改善点)","投稿者","","","","","関数用 2026年 2026年 ","02月 03月 ","","!A2:K75 ","","","",""
"","FALSE","Booking.com","8","2026-03-23","","","","","","","Dodang","","FALSE","Booking.com","8","2026-03-23","","","","","","","Dodang"
"","FALSE","Google","3","2026-03-23","空調電源を切ってるのに 奥でずっと音がしていて寝れない 朝ごはんは美味しい 駅の近くで立地は良いです","","","空調電源を切ってるのに 奥でずっと音がしていて寝れない 朝ごはんは美味しい 駅の近くで立地は良いです","","","A M","","FALSE","Google","3","2026-03-23","空調電源を切ってるのに 奥でずっと音がしていて寝れない 朝ごはんは美味しい 駅の近くで立地は良いです","","","空調電源を切ってるのに 奥でずっと音がしていて寝れない 朝ごはんは美味しい 駅の近くで立地は良いです","","","A M"
"","FALSE","Booking.com","9","2026-03-22","","Location","None","","位置","なし","Yifang","","FALSE","Booking.com","9","2026-03-22","","Location","None","","位置","なし","Yifang"
"","FALSE","Google","3","2026-03-22","","","","","","","ひろもと","","FALSE","Google","3","2026-03-22","","","","","","","ひろもと"
"","FALSE","Booking.com","8","2026-03-22","","It is very conveniently located near the Keisei train station and is very clean and comfortable. The breakfast was very good with excellent coffee.   The staff were very friendly","There was no way to control the temperature in the room on an unusually warm day except to turn off the system. It was set on heating with no option to cool down the room.","","京成駅のすぐ近くという便利な立地で、清潔で快適でした。朝食はコーヒーも美味しく、とても満足しました。スタッフの方々もとても親切でした。","異常に暑い日には、室温を調節する方法はシステムをオフにする以外になかった。暖房モードになっており、冷房モードには切り替えられていなかった。","Suzanne","","FALSE","Booking.com","8","2026-03-22","","It is very conveniently located near the Keisei train station and is very clean and comfortable. The breakfast was very good with excellent coffee.   The staff were very friendly","There was no way to control the temperature in the room on an unusually warm day except to turn off the system. It was set on heating with no option to cool down the room.","","京成駅のすぐ近くという便利な立地で、清潔で快適でした。朝食はコーヒーも美味しく、とても満足しました。スタッフの方々もとても親切でした。","異常に暑い日には、室温を調節する方法はシステムをオフにする以外になかった。暖房モードになっており、冷房モードには切り替えられていなかった。","Suzanne"
"","FALSE","じゃらん","5","2026-03-22","あろうことか、大事なものを忘れてしまったのですが、即連絡をいただきました。この神対応にはかなり感謝です。本当助かりました。またフロントに然り、朝食会場に然り、ホテルマンの方々が、本当に働いているなというくらい、挨拶と動きが良いです。感動しました。このサービス精神、私も見習おうと思います。","","","あろうことか、大事なものを忘れてしまったのですが、即連絡をいただきました。この神対応にはかなり感謝です。本当助かりました。またフロントに然り、朝食会場に然り、ホテルマンの方々が、本当に働いているなというくらい、挨拶と動きが良いです。感動しました。このサービス精神、私も見習おうと思います。","","","まっつんさん","","FALSE","じゃらん","5","2026-03-22","あろうことか、大事なものを忘れてしまったのですが、即連絡をいただきました。この神対応にはかなり感謝です。本当助かりました。またフロントに然り、朝食会場に然り、ホテルマンの方々が、本当に働いているなというくらい、挨拶と動きが良いです。感動しました。このサービス精神、私も見習おうと思います。","","","あろうことか、大事なものを忘れてしまったのですが、即連絡をいただきました。この神対応にはかなり感謝です。本当助かりました。またフロントに然り、朝食会場に然り、ホテルマンの方々が、本当に働いているなというくらい、挨拶と動きが良いです。感動しました。このサービス精神、私も見習おうと思います。","","","まっつんさん"
"","FALSE","Agoda","6","2026-03-21","エアコンが暖房しかなくて　つらかった 両方あれば　幸いでした(^_^;)","","","エアコンが暖房しかなくて　つらかった 両方あれば　幸いでした(^_^;)","","","寿美子","","FALSE","Agoda","6","2026-03-21","エアコンが暖房しかなくて　つらかった 両方あれば　幸いでした(^_^;)","","","エアコンが暖房しかなくて　つらかった 両方あれば　幸いでした(^_^;)","","","寿美子"
"","FALSE","楽天トラベル","5","2026-03-21","受付時、とても親切なご案内でした。ありがとうございます。","","","受付時、とても親切なご案内でした。ありがとうございます。","","","fisher1091","","FALSE","楽天トラベル","5","2026-03-21","受付時、とても親切なご案内でした。ありがとうございます。","","","受付時、とても親切なご案内でした。ありがとうございます。","","","fisher1091"
"","FALSE","楽天トラベル","5","2026-03-21","フロントの方の親切な対応。 朝食の豊富な種類。 朝食担当の従業員さんの子供に対する心使いに感動しました。 初めてコンフォートホテルを利用しましたが、リピート確定です！","","","フロントの方の親切な対応。 朝食の豊富な種類。 朝食担当の従業員さんの子供に対する心使いに感動しました。 初めてコンフォートホテルを利用しましたが、リピート確定です！","","","はるるにゃん","","FALSE","楽天トラベル","5","2026-03-21","フロントの方の親切な対応。 朝食の豊富な種類。 朝食担当の従業員さんの子供に対する心使いに感動しました。 初めてコンフォートホテルを利用しましたが、リピート確定です！","","","フロントの方の親切な対応。 朝食の豊富な種類。 朝食担当の従業員さんの子供に対する心使いに感動しました。 初めてコンフォートホテルを利用しましたが、リピート確定です！","","","はるるにゃん"
"","FALSE","楽天トラベル","5","2026-03-21","スタッフの皆さんが、明るく、丁寧にもてなしてくださり、朝食も素晴らしく、安心して滞在できました。ありがとうございました。","","","スタッフの皆さんが、明るく、丁寧にもてなしてくださり、朝食も素晴らしく、安心して滞在できました。ありがとうございました。","","","不明","","FALSE","楽天トラベル","5","2026-03-21","スタッフの皆さんが、明るく、丁寧にもてなしてくださり、朝食も素晴らしく、安心して滞在できました。ありがとうございました。","","","スタッフの皆さんが、明るく、丁寧にもてなしてくださり、朝食も素晴らしく、安心して滞在できました。ありがとうございました。","","","不明"
"","FALSE","楽天トラベル","4","2026-03-21","機械でのチェックインでしたが、スタッフの方が丁寧な説明をしてくださいました。朝食も種類が豊富で満足しました。","","","機械でのチェックインでしたが、スタッフの方が丁寧な説明をしてくださいました。朝食も種類が豊富で満足しました。","","","かず26661041","","FALSE","楽天トラベル","4","2026-03-21","機械でのチェックインでしたが、スタッフの方が丁寧な説明をしてくださいました。朝食も種類が豊富で満足しました。","","","機械でのチェックインでしたが、スタッフの方が丁寧な説明をしてくださいました。朝食も種類が豊富で満足しました。","","","かず26661041"
"","FALSE","楽天トラベル","5","2026-03-20","駅からも近く、コンビニもすぐそばにあるため便利でした  朝食も五穀米やスープ、スムージーがおいしくていつもの朝食より食べ過ぎてしまったくらいです。  また機会があれば、利用したいです。 ","","","駅からも近く、コンビニもすぐそばにあるため便利でした  朝食も五穀米やスープ、スムージーがおいしくていつもの朝食より食べ過ぎてしまったくらいです。  また機会があれば、利用したいです。 ","","","hurry５１","","FALSE","楽天トラベル","5","2026-03-20","駅からも近く、コンビニもすぐそばにあるため便利でした  朝食も五穀米やスープ、スムージーがおいしくていつもの朝食より食べ過ぎてしまったくらいです。  また機会があれば、利用したいです。 ","","","駅からも近く、コンビニもすぐそばにあるため便利でした  朝食も五穀米やスープ、スムージーがおいしくていつもの朝食より食べ過ぎてしまったくらいです。  また機会があれば、利用したいです。 ","","","hurry５１"
"","FALSE","Booking.com","10","2026-03-20","","","","","","","Chantel","","FALSE","Booking.com","10","2026-03-20","","","","","","","Chantel"
"","FALSE","Google","4","2026-03-19","1月3日に、宿泊しました。クーポン含めて安く宿泊出来たのはよかったです。室内、アメニティ含めて問題ない。朝食も軽食とは言えないほどボリュームありました。 写真は2019年撮影です。","","","1月3日に、宿泊しました。クーポン含めて安く宿泊出来たのはよかったです。室内、アメニティ含めて問題ない。朝食も軽食とは言えないほどボリュームありました。 写真は2019年撮影です。","","","K M","","FALSE","Google","4","2026-03-19","1月3日に、宿泊しました。クーポン含めて安く宿泊出来たのはよかったです。室内、アメニティ含めて問題ない。朝食も軽食とは言えないほどボリュームありました。 写真は2019年撮影です。","","","1月3日に、宿泊しました。クーポン含めて安く宿泊出来たのはよかったです。室内、アメニティ含めて問題ない。朝食も軽食とは言えないほどボリュームありました。 写真は2019年撮影です。","","","K M"
"","FALSE","Google","4","2026-03-19","無難","","","無難","","","前英","","FALSE","Google","4","2026-03-19","無難","","","無難","","","前英"
"","FALSE","楽天トラベル","2","2026-03-18","ホテルとしては普通です。ベッドヘッドに白い汚れがたくさん付いていてすごく不快だったので改善してほしいです。","","","ホテルとしては普通です。ベッドヘッドに白い汚れがたくさん付いていてすごく不快だったので改善してほしいです。","","","りょこうすき123","","FALSE","楽天トラベル","2","2026-03-18","ホテルとしては普通です。ベッドヘッドに白い汚れがたくさん付いていてすごく不快だったので改善してほしいです。","","","ホテルとしては普通です。ベッドヘッドに白い汚れがたくさん付いていてすごく不快だったので改善してほしいです。","","","りょこうすき123"
"","FALSE","Trip.com","7","2026-03-18","駅から近く、室内もきれいでした。","","","駅から近く、室内もきれいでした。","","","ゲ‍ス‍ト","","FALSE","Trip.com","7","2026-03-18","駅から近く、室内もきれいでした。","","","駅から近く、室内もきれいでした。","","","ゲ‍ス‍ト"
"","FALSE","楽天トラベル","4","2026-03-17","普通のホテルですが朝食が美味しくて満足です","","","普通のホテルですが朝食が美味しくて満足です","","","date5991","","FALSE","楽天トラベル","4","2026-03-17","普通のホテルですが朝食が美味しくて満足です","","","普通のホテルですが朝食が美味しくて満足です","","","date5991"
"","FALSE","Booking.com","8","2026-03-17","","Good","","","良い","","Yi","","FALSE","Booking.com","8","2026-03-17","","Good","","","良い","","Yi"
"","FALSE","Booking.com","9","2026-03-16","","","","","","","Tracy","","FALSE","Booking.com","9","2026-03-16","","","","","","","Tracy"
"","FALSE","Booking.com","10","2026-03-15","","","","","","","Stevan","","FALSE","Booking.com","10","2026-03-15","","","","","","","Stevan"
"","FALSE","Booking.com","7","2026-03-15","","Complimentary parking ticket for parking at nearby carpark as the hotel does not provide parking on property.","The bed and pillow were uncomfortable to sleep in.","","ホテル敷地内に駐車場がないため、近隣の駐車場をご利用いただける無料駐車券をご提供いたします。","ベッドと枕は寝心地が悪かった。","Choon","","FALSE","Booking.com","7","2026-03-15","","Complimentary parking ticket for parking at nearby carpark as the hotel does not provide parking on property.","The bed and pillow were uncomfortable to sleep in.","","ホテル敷地内に駐車場がないため、近隣の駐車場をご利用いただける無料駐車券をご提供いたします。","ベッドと枕は寝心地が悪かった。","Choon"
"","FALSE","Booking.com","9","2026-03-15","","","","","","","Brad","","FALSE","Booking.com","9","2026-03-15","","","","","","","Brad"
"","FALSE","楽天トラベル","5","2026-03-14","部屋もベッドも広くて大満足！ 宿泊目的でなかったが、想定以上でした！ チェックインも遅かったのですが、丁寧に対応頂き気分良かったです！ また、機会が有れば利用したいと思いました。","","","部屋もベッドも広くて大満足！ 宿泊目的でなかったが、想定以上でした！ チェックインも遅かったのですが、丁寧に対応頂き気分良かったです！ また、機会が有れば利用したいと思いました。","","","シュタゲ@","","FALSE","楽天トラベル","5","2026-03-14","部屋もベッドも広くて大満足！ 宿泊目的でなかったが、想定以上でした！ チェックインも遅かったのですが、丁寧に対応頂き気分良かったです！ また、機会が有れば利用したいと思いました。","","","部屋もベッドも広くて大満足！ 宿泊目的でなかったが、想定以上でした！ チェックインも遅かったのですが、丁寧に対応頂き気分良かったです！ また、機会が有れば利用したいと思いました。","","","シュタゲ@"
"","FALSE","Google","5","2026-03-14","先日コンフォートホテル成田に宿泊し、素晴らしい滞在となりました。立地が非常に便利で、空港を利用する方にとって理想的なホテルです。  何よりも滞在を特別なものにしてくれたのは、素晴らしいスタッフの方々でした。出会ったスタッフ全員がとても親切で礼儀正しく、親身になって対応してくれました。到着した瞬間から、温かいおもてなしを感じました。  滞在で特に印象に残った点をいくつか挙げます。  清潔さ：部屋は隅々まで清潔で、手入れが行き届いていました。  快適さ：ベッドはとても快適で、ぐっすり眠ることができました。  アメニティ：無料のコーヒーと美味しい朝食メニューは大変ありがたかったです。  静かな環境：交通機関のハブに近いにもかかわらず、部屋はとても静かでした。  総合的に見て、このホテルは価格以上の価値があります。成田でストレスフリーで快適な滞在をお望みの方には、ぜひおすすめします。また必ず利用したいと思います。","","","先日コンフォートホテル成田に宿泊し、素晴らしい滞在となりました。立地が非常に便利で、空港を利用する方にとって理想的なホテルです。  何よりも滞在を特別なものにしてくれたのは、素晴らしいスタッフの方々でした。出会ったスタッフ全員がとても親切で礼儀正しく、親身になって対応してくれました。到着した瞬間から、温かいおもてなしを感じました。  滞在で特に印象に残った点をいくつか挙げます。  清潔さ：部屋は隅々まで清潔で、手入れが行き届いていました。  快適さ：ベッドはとても快適で、ぐっすり眠ることができました。  アメニティ：無料のコーヒーと美味しい朝食メニューは大変ありがたかったです。  静かな環境：交通機関のハブに近いにもかかわらず、部屋はとても静かでした。  総合的に見て、このホテルは価格以上の価値があります。成田でストレスフリーで快適な滞在をお望みの方には、ぜひおすすめします。また必ず利用したいと思います。","","","David Herz","","FALSE","Google","5","2026-03-14","先日コンフォートホテル成田に宿泊し、素晴らしい滞在となりました。立地が非常に便利で、空港を利用する方にとって理想的なホテルです。  何よりも滞在を特別なものにしてくれたのは、素晴らしいスタッフの方々でした。出会ったスタッフ全員がとても親切で礼儀正しく、親身になって対応してくれました。到着した瞬間から、温かいおもてなしを感じました。  滞在で特に印象に残った点をいくつか挙げます。  清潔さ：部屋は隅々まで清潔で、手入れが行き届いていました。  快適さ：ベッドはとても快適で、ぐっすり眠ることができました。  アメニティ：無料のコーヒーと美味しい朝食メニューは大変ありがたかったです。  静かな環境：交通機関のハブに近いにもかかわらず、部屋はとても静かでした。  総合的に見て、このホテルは価格以上の価値があります。成田でストレスフリーで快適な滞在をお望みの方には、ぜひおすすめします。また必ず利用したいと思います。","","","先日コンフォートホテル成田に宿泊し、素晴らしい滞在となりました。立地が非常に便利で、空港を利用する方にとって理想的なホテルです。  何よりも滞在を特別なものにしてくれたのは、素晴らしいスタッフの方々でした。出会ったスタッフ全員がとても親切で礼儀正しく、親身になって対応してくれました。到着した瞬間から、温かいおもてなしを感じました。  滞在で特に印象に残った点をいくつか挙げます。  清潔さ：部屋は隅々まで清潔で、手入れが行き届いていました。  快適さ：ベッドはとても快適で、ぐっすり眠ることができました。  アメニティ：無料のコーヒーと美味しい朝食メニューは大変ありがたかったです。  静かな環境：交通機関のハブに近いにもかかわらず、部屋はとても静かでした。  総合的に見て、このホテルは価格以上の価値があります。成田でストレスフリーで快適な滞在をお望みの方には、ぜひおすすめします。また必ず利用したいと思います。","","","David Herz"
"","FALSE","Google","5","2026-03-14","I recently stayed at the Comfort Hotel Narita and had a fantastic experience. The location is incredibly convenient, making it an ideal choice for anyone traveling to or from the airport. What truly made my stay special was the wonderful staff. Every employee I encountered was exceptionally nice, polite, and went out of their way to be helpful. Their hospitality made me feel welcome from the moment I arrived. A few highlights of my stay:  Cleanliness: The room was spotless and well-maintained.  Comfort: The bed was very comfortable, ensuring a great night's sleep.  Amenities: I really appreciated the complimentary coffee and the delicious breakfast options provided.  Quiet Atmosphere: Despite being near transportation hubs, the room was very quiet.  Overall, this hotel offers excellent value for money. I highly recommend it to anyone looking for a stress-free and pleasant stay in Narita. I will definitely be back","","","先日コンフォートホテル成田に宿泊し、素晴らしい滞在となりました。立地が非常に便利で、空港を利用する方にとって理想的なホテルです。特に滞在を特別なものにしてくれたのは、素晴らしいスタッフの方々でした。出会ったスタッフ全員が非常に親切で礼儀正しく、親身になって対応してくれました。到着した瞬間から、温かいおもてなしを感じました。滞在で特に印象に残った点は以下の通りです。清潔さ：部屋は隅々まで清潔で、手入れが行き届いていました。快適さ：ベッドはとても快適で、ぐっすり眠ることができました。アメニティ：無料のコーヒーと美味しい朝食メニューは大変ありがたかったです。静かな雰囲気：交通機関のハブに近いにもかかわらず、部屋はとても静かでした。総合的に見て、このホテルは価格以上の価値があります。成田でストレスフリーで快適な滞在をお望みの方には、ぜひお勧めします。また必ず利用したいと思います。","","","David Herz","","FALSE","Google","5","2026-03-14","I recently stayed at the Comfort Hotel Narita and had a fantastic experience. The location is incredibly convenient, making it an ideal choice for anyone traveling to or from the airport. What truly made my stay special was the wonderful staff. Every employee I encountered was exceptionally nice, polite, and went out of their way to be helpful. Their hospitality made me feel welcome from the moment I arrived. A few highlights of my stay:  Cleanliness: The room was spotless and well-maintained.  Comfort: The bed was very comfortable, ensuring a great night's sleep.  Amenities: I really appreciated the complimentary coffee and the delicious breakfast options provided.  Quiet Atmosphere: Despite being near transportation hubs, the room was very quiet.  Overall, this hotel offers excellent value for money. I highly recommend it to anyone looking for a stress-free and pleasant stay in Narita. I will definitely be back","","","先日コンフォートホテル成田に宿泊し、素晴らしい滞在となりました。立地が非常に便利で、空港を利用する方にとって理想的なホテルです。特に滞在を特別なものにしてくれたのは、素晴らしいスタッフの方々でした。出会ったスタッフ全員が非常に親切で礼儀正しく、親身になって対応してくれました。到着した瞬間から、温かいおもてなしを感じました。滞在で特に印象に残った点は以下の通りです。清潔さ：部屋は隅々まで清潔で、手入れが行き届いていました。快適さ：ベッドはとても快適で、ぐっすり眠ることができました。アメニティ：無料のコーヒーと美味しい朝食メニューは大変ありがたかったです。静かな雰囲気：交通機関のハブに近いにもかかわらず、部屋はとても静かでした。総合的に見て、このホテルは価格以上の価値があります。成田でストレスフリーで快適な滞在をお望みの方には、ぜひお勧めします。また必ず利用したいと思います。","","","David Herz"
"","FALSE","Booking.com","10","2026-03-13","","The staff is super nice and willing to help even at late night","","","スタッフはとても親切で、深夜でも快く手伝ってくれます。","","Teen","","FALSE","Booking.com","10","2026-03-13","","The staff is super nice and willing to help even at late night","","","スタッフはとても親切で、深夜でも快く手伝ってくれます。","","Teen"
"","FALSE","楽天トラベル","5","2026-03-13","バイキングとても美味しかったです！     ","","","バイキングとても美味しかったです！     ","","","yuichi0503","","FALSE","楽天トラベル","5","2026-03-13","バイキングとても美味しかったです！     ","","","バイキングとても美味しかったです！     ","","","yuichi0503"
"","FALSE","Booking.com","7","2026-03-13","","Very good location,  nice staff,","Too small, bathroom entrance too high","","立地が非常に良く、スタッフも親切です。","狭すぎる、浴室の入り口が高すぎる","Yumiko","","FALSE","Booking.com","7","2026-03-13","","Very good location,  nice staff,","Too small, bathroom entrance too high","","立地が非常に良く、スタッフも親切です。","狭すぎる、浴室の入り口が高すぎる","Yumiko"
"","FALSE","Booking.com","9","2026-03-13","","Breakfast was good, service staff was courteous and helpful.","The kerb at the bathroom door is a bit too high and could be dangerous when getting in and out of the bathroom.","","朝食は美味しく、サービススタッフは礼儀正しく親切だった。","浴室のドアの縁石が少し高すぎるため、浴室への出入り時に危険な場合があります。","Thomas","","FALSE","Booking.com","9","2026-03-13","","Breakfast was good, service staff was courteous and helpful.","The kerb at the bathroom door is a bit too high and could be dangerous when getting in and out of the bathroom.","","朝食は美味しく、サービススタッフは礼儀正しく親切だった。","浴室のドアの縁石が少し高すぎるため、浴室への出入り時に危険な場合があります。","Thomas"
"","FALSE","じゃらん","4","2026-03-12","日本帰国時に何度もお世話になっております。フロントや無料朝食時の従業員の接客も素晴らしく、駅やコンビニからも近いので毎回助かっています。駅近くからイオンモール成田迄の往復のバスが利用出来るのもオススメポイントです。","","","日本帰国時に何度もお世話になっております。フロントや無料朝食時の従業員の接客も素晴らしく、駅やコンビニからも近いので毎回助かっています。駅近くからイオンモール成田迄の往復のバスが利用出来るのもオススメポイントです。","","","トラベラーさん","","FALSE","じゃらん","4","2026-03-12","日本帰国時に何度もお世話になっております。フロントや無料朝食時の従業員の接客も素晴らしく、駅やコンビニからも近いので毎回助かっています。駅近くからイオンモール成田迄の往復のバスが利用出来るのもオススメポイントです。","","","日本帰国時に何度もお世話になっております。フロントや無料朝食時の従業員の接客も素晴らしく、駅やコンビニからも近いので毎回助かっています。駅近くからイオンモール成田迄の往復のバスが利用出来るのもオススメポイントです。","","","トラベラーさん"
"","FALSE","Booking.com","10","2026-03-12","","Very good amount of space. The shower was great and easy to use. A good distance away from the busy city but still nearby to walk straight to Tokyo Tower. Clean and tidy, tv has Netflix which is a huge plus for me.","","","広さも十分でした。シャワーも素晴らしく、使いやすかったです。賑やかな街の中心部からは適度な距離がありながら、東京タワーまで歩いてすぐの距離です。清潔で整頓されていて、テレビでNetflixが見られるのも大きなプラスポイントでした。","","Alexander","","FALSE","Booking.com","10","2026-03-12","","Very good amount of space. The shower was great and easy to use. A good distance away from the busy city but still nearby to walk straight to Tokyo Tower. Clean and tidy, tv has Netflix which is a huge plus for me.","","","広さも十分でした。シャワーも素晴らしく、使いやすかったです。賑やかな街の中心部からは適度な距離がありながら、東京タワーまで歩いてすぐの距離です。清潔で整頓されていて、テレビでNetflixが見られるのも大きなプラスポイントでした。","","Alexander"
"","FALSE","Agoda","6","2026-03-11","チェックインの応対が丁寧でよかったです。","","","チェックインの応対が丁寧でよかったです。","","","Kiyoshi","","FALSE","Agoda","6","2026-03-11","チェックインの応対が丁寧でよかったです。","","","チェックインの応対が丁寧でよかったです。","","","Kiyoshi"
"","FALSE","Trip.com","10","2026-03-11","Very good kind people","","","とても親切な人たち","","","ゲ‍ス‍ト","","FALSE","Trip.com","10","2026-03-11","Very good kind people","","","とても親切な人たち","","","ゲ‍ス‍ト"
"","FALSE","Booking.com","8","2026-03-11","","部屋が明るくきれいだった。","風呂が少し古い感じだった。","","部屋が明るくきれいだった。","風呂が少し古い感じだった。","Takeo","","FALSE","Booking.com","8","2026-03-11","","部屋が明るくきれいだった。","風呂が少し古い感じだった。","","部屋が明るくきれいだった。","風呂が少し古い感じだった。","Takeo"
"","FALSE","楽天トラベル","3","2026-03-11","喫煙所がない。屋外設置もないため、喫煙者には辛いかも。","","","喫煙所がない。屋外設置もないため、喫煙者には辛いかも。","","","のり47076716","","FALSE","楽天トラベル","3","2026-03-11","喫煙所がない。屋外設置もないため、喫煙者には辛いかも。","","","喫煙所がない。屋外設置もないため、喫煙者には辛いかも。","","","のり47076716"
"","FALSE","Google","5","2026-03-11","乗り継ぎ便前の宿泊に最適です（空港まではSバーンで1駅です）。近くには観光スポットもいくつかあります。お手頃価格で、フレンドリーなホテルです。","","","乗り継ぎ便前の宿泊に最適です（空港まではSバーンで1駅です）。近くには観光スポットもいくつかあります。お手頃価格で、フレンドリーなホテルです。","","","Bernhard Ulbrich","","FALSE","Google","5","2026-03-11","乗り継ぎ便前の宿泊に最適です（空港まではSバーンで1駅です）。近くには観光スポットもいくつかあります。お手頃価格で、フレンドリーなホテルです。","","","乗り継ぎ便前の宿泊に最適です（空港まではSバーンで1駅です）。近くには観光スポットもいくつかあります。お手頃価格で、フレンドリーなホテルです。","","","Bernhard Ulbrich"
"","FALSE","じゃらん","4","2026-03-11","部屋はきれいでコンパクトだけど何も問題ないです、  清潔でベッドもマットコイルを売りにしているのだからか、寝心地良し、居心地良かったです。  風呂はユニットバスで普通です。  朝食が無料のわりには期待以上でした、そんな大量に食べないからこのボリュームと種類で充分です。  もし不満なら有料の他のホテルの方がいいでしょう、私はクロワッサン、食パン、おかず少々、ヨーグルト、フルーツで満足しました。スムージーとかたまには飲みたいし、フルーツもマンゴーがあり嬉しかったです。  受付のお兄さんも親切でした。駅近も良かったです。","","","部屋はきれいでコンパクトだけど何も問題ないです、  清潔でベッドもマットコイルを売りにしているのだからか、寝心地良し、居心地良かったです。  風呂はユニットバスで普通です。  朝食が無料のわりには期待以上でした、そんな大量に食べないからこのボリュームと種類で充分です。  もし不満なら有料の他のホテルの方がいいでしょう、私はクロワッサン、食パン、おかず少々、ヨーグルト、フルーツで満足しました。スムージーとかたまには飲みたいし、フルーツもマンゴーがあり嬉しかったです。  受付のお兄さんも親切でした。駅近も良かったです。","","","まささん","","FALSE","じゃらん","4","2026-03-11","部屋はきれいでコンパクトだけど何も問題ないです、  清潔でベッドもマットコイルを売りにしているのだからか、寝心地良し、居心地良かったです。  風呂はユニットバスで普通です。  朝食が無料のわりには期待以上でした、そんな大量に食べないからこのボリュームと種類で充分です。  もし不満なら有料の他のホテルの方がいいでしょう、私はクロワッサン、食パン、おかず少々、ヨーグルト、フルーツで満足しました。スムージーとかたまには飲みたいし、フルーツもマンゴーがあり嬉しかったです。  受付のお兄さんも親切でした。駅近も良かったです。","","","部屋はきれいでコンパクトだけど何も問題ないです、  清潔でベッドもマットコイルを売りにしているのだからか、寝心地良し、居心地良かったです。  風呂はユニットバスで普通です。  朝食が無料のわりには期待以上でした、そんな大量に食べないからこのボリュームと種類で充分です。  もし不満なら有料の他のホテルの方がいいでしょう、私はクロワッサン、食パン、おかず少々、ヨーグルト、フルーツで満足しました。スムージーとかたまには飲みたいし、フルーツもマンゴーがあり嬉しかったです。  受付のお兄さんも親切でした。駅近も良かったです。","","","まささん"
"","FALSE","Google","5","2026-03-11","Hervorragend für Zwischenübernachtung vor dem Weiterflug (Flughafen nur 1 S-Bahnstatio entfernt) geeignet. Und einiges Sehenswertes ist auch in der Nähe. Preiswert und freundlich.","","","乗り継ぎ便前の宿泊に最適です（空港まではSバーンでわずか1駅）。周辺には観光スポットも多数あります。料金も手頃で、スタッフも親切です。","","","Bernhard Ulbrich","","FALSE","Google","5","2026-03-11","Hervorragend für Zwischenübernachtung vor dem Weiterflug (Flughafen nur 1 S-Bahnstatio entfernt) geeignet. Und einiges Sehenswertes ist auch in der Nähe. Preiswert und freundlich.","","","乗り継ぎ便前の宿泊に最適です（空港まではSバーンでわずか1駅）。周辺には観光スポットも多数あります。料金も手頃で、スタッフも親切です。","","","Bernhard Ulbrich"
"","FALSE","Google","5","2026-03-10","京成成田駅からすぐでアクセスよし。 チェックインでスタッフの対応も良い。 部屋はコンパクトだけど充分、きれい、ベッドの寝心地良し。コンフォート！  朝食は無料で種類多くはないが満足、 スムージーやフルーツ（りんご、マンゴー）あり、値段考えるとコスパ良い。 近くに温泉や有料で豪華な朝食付きのホテルもあるが、それらを省いて構わないならここで充分満足ではないか⁈","","","京成成田駅からすぐでアクセスよし。 チェックインでスタッフの対応も良い。 部屋はコンパクトだけど充分、きれい、ベッドの寝心地良し。コンフォート！  朝食は無料で種類多くはないが満足、 スムージーやフルーツ（りんご、マンゴー）あり、値段考えるとコスパ良い。 近くに温泉や有料で豪華な朝食付きのホテルもあるが、それらを省いて構わないならここで充分満足ではないか⁈","","","アブドーラ林","","FALSE","Google","5","2026-03-10","京成成田駅からすぐでアクセスよし。 チェックインでスタッフの対応も良い。 部屋はコンパクトだけど充分、きれい、ベッドの寝心地良し。コンフォート！  朝食は無料で種類多くはないが満足、 スムージーやフルーツ（りんご、マンゴー）あり、値段考えるとコスパ良い。 近くに温泉や有料で豪華な朝食付きのホテルもあるが、それらを省いて構わないならここで充分満足ではないか⁈","","","京成成田駅からすぐでアクセスよし。 チェックインでスタッフの対応も良い。 部屋はコンパクトだけど充分、きれい、ベッドの寝心地良し。コンフォート！  朝食は無料で種類多くはないが満足、 スムージーやフルーツ（りんご、マンゴー）あり、値段考えるとコスパ良い。 近くに温泉や有料で豪華な朝食付きのホテルもあるが、それらを省いて構わないならここで充分満足ではないか⁈","","","アブドーラ林"
"","FALSE","Trip.com","9","2026-03-10","翌日、成田から台湾に行く前に一泊しました。  駅は裏側になるんでしょうか。 ビジネスホテルが多く集まっている駅前にありました。 （目の前には品揃えのいいローソンがある）  夜遅く着いたにもかかわらず、フロントの方は色々説明してくださいました！朝食も種類は限られているけど、成田の土地のメニューとかもあって嬉しいです。  コンフォートホテルには何時も宿泊していて、一つだけお願いがあるとすれば、歯ブラシを改善してほしいです。 もうアメニティは自分で用意する時代かもしれませんが、磨いた気がしないくらいのブラシと、歯磨き粉の量なので、他のホテルに比べた時の、ガッカリ感はあります。","","","翌日、成田から台湾に行く前に一泊しました。  駅は裏側になるんでしょうか。 ビジネスホテルが多く集まっている駅前にありました。 （目の前には品揃えのいいローソンがある）  夜遅く着いたにもかかわらず、フロントの方は色々説明してくださいました！朝食も種類は限られているけど、成田の土地のメニューとかもあって嬉しいです。  コンフォートホテルには何時も宿泊していて、一つだけお願いがあるとすれば、歯ブラシを改善してほしいです。 もうアメニティは自分で用意する時代かもしれませんが、磨いた気がしないくらいのブラシと、歯磨き粉の量なので、他のホテルに比べた時の、ガッカリ感はあります。","","","た‍く‍ろ‍の‍楽‍し‍み‍か‍た‍☺‍️","","FALSE","Trip.com","9","2026-03-10","翌日、成田から台湾に行く前に一泊しました。  駅は裏側になるんでしょうか。 ビジネスホテルが多く集まっている駅前にありました。 （目の前には品揃えのいいローソンがある）  夜遅く着いたにもかかわらず、フロントの方は色々説明してくださいました！朝食も種類は限られているけど、成田の土地のメニューとかもあって嬉しいです。  コンフォートホテルには何時も宿泊していて、一つだけお願いがあるとすれば、歯ブラシを改善してほしいです。 もうアメニティは自分で用意する時代かもしれませんが、磨いた気がしないくらいのブラシと、歯磨き粉の量なので、他のホテルに比べた時の、ガッカリ感はあります。","","","翌日、成田から台湾に行く前に一泊しました。  駅は裏側になるんでしょうか。 ビジネスホテルが多く集まっている駅前にありました。 （目の前には品揃えのいいローソンがある）  夜遅く着いたにもかかわらず、フロントの方は色々説明してくださいました！朝食も種類は限られているけど、成田の土地のメニューとかもあって嬉しいです。  コンフォートホテルには何時も宿泊していて、一つだけお願いがあるとすれば、歯ブラシを改善してほしいです。 もうアメニティは自分で用意する時代かもしれませんが、磨いた気がしないくらいのブラシと、歯磨き粉の量なので、他のホテルに比べた時の、ガッカリ感はあります。","","","た‍く‍ろ‍の‍楽‍し‍み‍か‍た‍☺‍️"
"","FALSE","Booking.com","8","2026-03-10","","","","","","","Minchun","","FALSE","Booking.com","8","2026-03-10","","","","","","","Minchun"
"","FALSE","Trip.com","9","2026-03-09","There is no problem.","","","問題ありません。","","","匿‍名‍ユ‍ー‍ザ‍ー","","FALSE","Trip.com","9","2026-03-09","There is no problem.","","","問題ありません。","","","匿‍名‍ユ‍ー‍ザ‍ー"
"","FALSE","Trip.com","10","2026-03-09","Best location , excellent service, have tea and coffee corner, includes breakfast, the staffs are all helpful","","","最高のロケーション、素晴らしいサービス、紅茶とコーヒーコーナーがあり、朝食付き、スタッフ全員が親切です","","","ゲ‍ス‍ト","","FALSE","Trip.com","10","2026-03-09","Best location , excellent service, have tea and coffee corner, includes breakfast, the staffs are all helpful","","","最高のロケーション、素晴らしいサービス、紅茶とコーヒーコーナーがあり、朝食付き、スタッフ全員が親切です","","","ゲ‍ス‍ト"
"","FALSE","Booking.com","10","2026-03-09","","","","","","","Marcela","","FALSE","Booking.com","10","2026-03-09","","","","","","","Marcela"
"","FALSE","Booking.com","8","2026-03-09","","","","","","","Tzuyao","","FALSE","Booking.com","8","2026-03-09","","","","","","","Tzuyao"
"","FALSE","Booking.com","9","2026-03-09","","Chose twin beds so as to get a slightly larger room. Cost more than the room from my previous stay but it was significantly larger and therefore more comfortably. Breakfast included. Convenient location to train station and tourist walking street.","Nothing","","少し広めの部屋が欲しかったので、ツインベッドの部屋を選びました。以前泊まった部屋より料金は高かったのですが、かなり広くて快適でした。朝食付き。駅や観光客向けのウォーキングストリートにも近く、便利な立地です。","何もない","Robert","","FALSE","Booking.com","9","2026-03-09","","Chose twin beds so as to get a slightly larger room. Cost more than the room from my previous stay but it was significantly larger and therefore more comfortably. Breakfast included. Convenient location to train station and tourist walking street.","Nothing","","少し広めの部屋が欲しかったので、ツインベッドの部屋を選びました。以前泊まった部屋より料金は高かったのですが、かなり広くて快適でした。朝食付き。駅や観光客向けのウォーキングストリートにも近く、便利な立地です。","何もない","Robert"
"","FALSE","Booking.com","8","2026-03-09","","Close to the train station and tourist walking street. Breakfast included. Instead of one queen bed you get more room having twin beds.","","","駅と観光客向けのウォーキングストリートに近い。朝食付き。クイーンサイズベッド1台ではなく、ツインベッドなのでよりゆったりとお過ごしいただけます。","","Robert","","FALSE","Booking.com","8","2026-03-09","","Close to the train station and tourist walking street. Breakfast included. Instead of one queen bed you get more room having twin beds.","","","駅と観光客向けのウォーキングストリートに近い。朝食付き。クイーンサイズベッド1台ではなく、ツインベッドなのでよりゆったりとお過ごしいただけます。","","Robert"
"","FALSE","Booking.com","10","2026-03-08","","とにかくお安く泊まれました。その上、無料で朝食が付いていて文句なし。","ありません。","","とにかくお安く泊まれました。その上、無料で朝食が付いていて文句なし。","ありません。","Yasuhiro","","FALSE","Booking.com","10","2026-03-08","","とにかくお安く泊まれました。その上、無料で朝食が付いていて文句なし。","ありません。","","とにかくお安く泊まれました。その上、無料で朝食が付いていて文句なし。","ありません。","Yasuhiro"
"","FALSE","Booking.com","10","2026-03-07","","","","","","","Catherine","","FALSE","Booking.com","10","2026-03-07","","","","","","","Catherine"
"","FALSE","Booking.com","9","2026-03-07","","La atención del personal y su buena ubicación","La cama era algo dura","","スタッフの対応と立地の良さ","ベッドはやや硬かった。","Paulina","","FALSE","Booking.com","9","2026-03-07","","La atención del personal y su buena ubicación","La cama era algo dura","","スタッフの対応と立地の良さ","ベッドはやや硬かった。","Paulina"
"","FALSE","楽天トラベル","3","2026-03-07","京成成田から駅近で便利です","","","京成成田から駅近で便利です","","","るいるい0131","","FALSE","楽天トラベル","3","2026-03-07","京成成田から駅近で便利です","","","京成成田から駅近で便利です","","","るいるい0131"
"","FALSE","Booking.com","8","2026-03-07","","L emplacement le confort du lit","Chambre un peu petite","","ベッドの位置と快適さ","部屋は少し狭かった。","Caroline","","FALSE","Booking.com","8","2026-03-07","","L emplacement le confort du lit","Chambre un peu petite","","ベッドの位置と快適さ","部屋は少し狭かった。","Caroline"
"","FALSE","Google","5","2026-03-06","成田市で一番のお気に入り。朝食なしのホテルと同じ価格なのに、朝食は無料です。","","","成田市で一番のお気に入り。朝食なしのホテルと同じ価格なのに、朝食は無料です。","","","fabian110","","FALSE","Google","5","2026-03-06","成田市で一番のお気に入り。朝食なしのホテルと同じ価格なのに、朝食は無料です。","","","成田市で一番のお気に入り。朝食なしのホテルと同じ価格なのに、朝食は無料です。","","","fabian110"
"","FALSE","Google","5","2026-03-05","京成成田駅東口を出て、地下道方面へお進みください。階下にはエスカレーターとエレベーターがございます。ホテルフロントは2階にあり、夜間は入退室管理のため、ルームキーが必要となります。","","","京成成田駅東口を出て、地下道方面へお進みください。階下にはエスカレーターとエレベーターがございます。ホテルフロントは2階にあり、夜間は入退室管理のため、ルームキーが必要となります。","","","Kimi Kover","","FALSE","Google","5","2026-03-05","京成成田駅東口を出て、地下道方面へお進みください。階下にはエスカレーターとエレベーターがございます。ホテルフロントは2階にあり、夜間は入退室管理のため、ルームキーが必要となります。","","","京成成田駅東口を出て、地下道方面へお進みください。階下にはエスカレーターとエレベーターがございます。ホテルフロントは2階にあり、夜間は入退室管理のため、ルームキーが必要となります。","","","Kimi Kover"
"","FALSE","Google","5","2026-03-05","京成成田駅東口を出て、地下道方面へお進みください。階下にはエスカレーターとエレベーターがございます。ホテルフロントは2階にあり、夜間は入退室管理のため、ルームキーが必要となります。","","","京成成田駅東口を出て、地下道方面へお進みください。階下にはエスカレーターとエレベーターがございます。ホテルフロントは2階にあり、夜間は入退室管理のため、ルームキーが必要となります。","","","Kimi Kover","","FALSE","Google","5","2026-03-05","京成成田駅東口を出て、地下道方面へお進みください。階下にはエスカレーターとエレベーターがございます。ホテルフロントは2階にあり、夜間は入退室管理のため、ルームキーが必要となります。","","","京成成田駅東口を出て、地下道方面へお進みください。階下にはエスカレーターとエレベーターがございます。ホテルフロントは2階にあり、夜間は入退室管理のため、ルームキーが必要となります。","","","Kimi Kover"
"","FALSE","Google","5","2026-03-05","在京成成田站東口,往地下道方向走，下樓有手扶梯及電梯可以搭乘，飯店櫃台在二樓晚上有門禁管控，需要房卡感應","","","京成成田駅東口を出て、地下通路へお進みください。地下にはエスカレーターとエレベーターがございます。ホテルのフロントは2階にあり、夜間は入退室管理が行われておりますので、ルームキーが必要です。","","","Kimi Kover","","FALSE","Google","5","2026-03-05","在京成成田站東口,往地下道方向走，下樓有手扶梯及電梯可以搭乘，飯店櫃台在二樓晚上有門禁管控，需要房卡感應","","","京成成田駅東口を出て、地下通路へお進みください。地下にはエスカレーターとエレベーターがございます。ホテルのフロントは2階にあり、夜間は入退室管理が行われておりますので、ルームキーが必要です。","","","Kimi Kover"
"","FALSE","Booking.com","9","2026-03-04","","","","","","","Jianfeng","","FALSE","Booking.com","9","2026-03-04","","","","","","","Jianfeng"
"","FALSE","楽天トラベル","3","2026-03-04","ジェットスター早朝便に乗るために小学生2人宿泊しました。チェックイン22時すぎチェックアウト6時と滞在時間が短めなので、駅近というだけで選択しましたが、添い寝、朝食無料サービスが嬉しかったです。 シャワーは温度調節が難しかったですが、おおむね満足です！ 早朝便利用の際はまた利用したいです。","","","ジェットスター早朝便に乗るために小学生2人宿泊しました。チェックイン22時すぎチェックアウト6時と滞在時間が短めなので、駅近というだけで選択しましたが、添い寝、朝食無料サービスが嬉しかったです。 シャワーは温度調節が難しかったですが、おおむね満足です！ 早朝便利用の際はまた利用したいです。","","","nagggg","","FALSE","楽天トラベル","3","2026-03-04","ジェットスター早朝便に乗るために小学生2人宿泊しました。チェックイン22時すぎチェックアウト6時と滞在時間が短めなので、駅近というだけで選択しましたが、添い寝、朝食無料サービスが嬉しかったです。 シャワーは温度調節が難しかったですが、おおむね満足です！ 早朝便利用の際はまた利用したいです。","","","ジェットスター早朝便に乗るために小学生2人宿泊しました。チェックイン22時すぎチェックアウト6時と滞在時間が短めなので、駅近というだけで選択しましたが、添い寝、朝食無料サービスが嬉しかったです。 シャワーは温度調節が難しかったですが、おおむね満足です！ 早朝便利用の際はまた利用したいです。","","","nagggg"
"","FALSE","Agoda","6","2026-03-04","朝食が今ひとつになった。アジアンぽいと言うか…。","","","朝食が今ひとつになった。アジアンぽいと言うか…。","","","rikky","","FALSE","Agoda","6","2026-03-04","朝食が今ひとつになった。アジアンぽいと言うか…。","","","朝食が今ひとつになった。アジアンぽいと言うか…。","","","rikky"
"","FALSE","Google","5","2026-03-04","","","","","","","Kimi Kover","","FALSE","Google","5","2026-03-04","","","","","","","Kimi Kover"
"","FALSE","Booking.com","9","2026-03-04","","","","","","","Jianfeng","","FALSE","Booking.com","9","2026-03-04","","","","","","","Jianfeng"
"","FALSE","楽天トラベル","3","2026-03-04","ジェットスター早朝便に乗るために小学生2人宿泊しました。チェックイン22時すぎチェックアウト6時と滞在時間が短めなので、駅近というだけで選択しましたが、添い寝、朝食無料サービスが嬉しかったです。 シャワーは温度調節が難しかったですが、おおむね満足です！ 早朝便利用の際はまた利用したいです。","","","ジェットスター早朝便に乗るために小学生2人宿泊しました。チェックイン22時すぎチェックアウト6時と滞在時間が短めなので、駅近というだけで選択しましたが、添い寝、朝食無料サービスが嬉しかったです。 シャワーは温度調節が難しかったですが、おおむね満足です！ 早朝便利用の際はまた利用したいです。","","","nagggg","","FALSE","楽天トラベル","3","2026-03-04","ジェットスター早朝便に乗るために小学生2人宿泊しました。チェックイン22時すぎチェックアウト6時と滞在時間が短めなので、駅近というだけで選択しましたが、添い寝、朝食無料サービスが嬉しかったです。 シャワーは温度調節が難しかったですが、おおむね満足です！ 早朝便利用の際はまた利用したいです。","","","ジェットスター早朝便に乗るために小学生2人宿泊しました。チェックイン22時すぎチェックアウト6時と滞在時間が短めなので、駅近というだけで選択しましたが、添い寝、朝食無料サービスが嬉しかったです。 シャワーは温度調節が難しかったですが、おおむね満足です！ 早朝便利用の際はまた利用したいです。","","","nagggg"
"","FALSE","Agoda","6","2026-03-04","朝食が今ひとつになった。アジアンぽいと言うか…。","","","朝食が今ひとつになった。アジアンぽいと言うか…。","","","rikky","","FALSE","Agoda","6","2026-03-04","朝食が今ひとつになった。アジアンぽいと言うか…。","","","朝食が今ひとつになった。アジアンぽいと言うか…。","","","rikky"
"","FALSE","Google","5","2026-03-04","","","","","","","Kimi Kover","","FALSE","Google","5","2026-03-04","","","","","","","Kimi Kover"
"","FALSE","Booking.com","10","2026-03-03","","Spotless room. Excellent breakfast. Great location near the train station.","","","部屋は清潔そのもの。朝食も最高。駅にも近く、立地も抜群。","","Yvonne","","FALSE","Booking.com","10","2026-03-03","","Spotless room. Excellent breakfast. Great location near the train station.","","","部屋は清潔そのもの。朝食も最高。駅にも近く、立地も抜群。","","Yvonne"
"","FALSE","じゃらん","5","2026-03-03","駅前でお酒を飲む機会があり、子供を連れて1泊しました。駐車場が提携していて、有難かったです。部屋は綺麗で、小学生の子供は添い寝無料、朝食も美味しくて、コスパ最高でした。特に朝食のスムージーはおかわりするほど美味しかったです。また是非利用したいホテルです！","","","駅前でお酒を飲む機会があり、子供を連れて1泊しました。駐車場が提携していて、有難かったです。部屋は綺麗で、小学生の子供は添い寝無料、朝食も美味しくて、コスパ最高でした。特に朝食のスムージーはおかわりするほど美味しかったです。また是非利用したいホテルです！","","","まいちゃんさん","","FALSE","じゃらん","5","2026-03-03","駅前でお酒を飲む機会があり、子供を連れて1泊しました。駐車場が提携していて、有難かったです。部屋は綺麗で、小学生の子供は添い寝無料、朝食も美味しくて、コスパ最高でした。特に朝食のスムージーはおかわりするほど美味しかったです。また是非利用したいホテルです！","","","駅前でお酒を飲む機会があり、子供を連れて1泊しました。駐車場が提携していて、有難かったです。部屋は綺麗で、小学生の子供は添い寝無料、朝食も美味しくて、コスパ最高でした。特に朝食のスムージーはおかわりするほど美味しかったです。また是非利用したいホテルです！","","","まいちゃんさん"
"","FALSE","Booking.com","10","2026-03-03","","Spotless room. Excellent breakfast. Great location near the train station.","","","部屋は清潔そのもの。朝食も最高。駅にも近く、立地も抜群。","","Yvonne","","FALSE","Booking.com","10","2026-03-03","","Spotless room. Excellent breakfast. Great location near the train station.","","","部屋は清潔そのもの。朝食も最高。駅にも近く、立地も抜群。","","Yvonne"
"","FALSE","じゃらん","5","2026-03-03","駅前でお酒を飲む機会があり、子供を連れて1泊しました。駐車場が提携していて、有難かったです。部屋は綺麗で、小学生の子供は添い寝無料、朝食も美味しくて、コスパ最高でした。特に朝食のスムージーはおかわりするほど美味しかったです。また是非利用したいホテルです！","","","駅前でお酒を飲む機会があり、子供を連れて1泊しました。駐車場が提携していて、有難かったです。部屋は綺麗で、小学生の子供は添い寝無料、朝食も美味しくて、コスパ最高でした。特に朝食のスムージーはおかわりするほど美味しかったです。また是非利用したいホテルです！","","","まいちゃんさん","","FALSE","じゃらん","5","2026-03-03","駅前でお酒を飲む機会があり、子供を連れて1泊しました。駐車場が提携していて、有難かったです。部屋は綺麗で、小学生の子供は添い寝無料、朝食も美味しくて、コスパ最高でした。特に朝食のスムージーはおかわりするほど美味しかったです。また是非利用したいホテルです！","","","駅前でお酒を飲む機会があり、子供を連れて1泊しました。駐車場が提携していて、有難かったです。部屋は綺麗で、小学生の子供は添い寝無料、朝食も美味しくて、コスパ最高でした。特に朝食のスムージーはおかわりするほど美味しかったです。また是非利用したいホテルです！","","","まいちゃんさん"
"","FALSE","Trip.com","10","2026-03-02","位置好，早餐好","","","立地も良く、朝食も美味しい。","","","ゲ‍ス‍ト","","FALSE","Trip.com","10","2026-03-02","位置好，早餐好","","","立地も良く、朝食も美味しい。","","","ゲ‍ス‍ト"
"","FALSE","Booking.com","9","2026-03-02","","Staff were superb to deal with.Very helpful.","Healthier breakfast cereal options with far less sugar content - weetbix, muesli etc. Wholemeal/multi grain bread options preferable to white bread.","","スタッフの方々の対応は素晴らしかったです。とても親切でした。","砂糖含有量がはるかに少ない、より健康的な朝食用シリアル（ウィートビックス、ミューズリーなど）。白パンよりも全粒粉パンやマルチグレインパンが望ましい。","James","","FALSE","Booking.com","9","2026-03-02","","Staff were superb to deal with.Very helpful.","Healthier breakfast cereal options with far less sugar content - weetbix, muesli etc. Wholemeal/multi grain bread options preferable to white bread.","","スタッフの方々の対応は素晴らしかったです。とても親切でした。","砂糖含有量がはるかに少ない、より健康的な朝食用シリアル（ウィートビックス、ミューズリーなど）。白パンよりも全粒粉パンやマルチグレインパンが望ましい。","James"
"","FALSE","Booking.com","8","2026-03-01","","","","","","","Hsuchung","","FALSE","Booking.com","8","2026-03-01","","","","","","","Hsuchung"
"","FALSE","Google","3","2026-03-01","","","","","","","香田勉","","FALSE","Google","3","2026-03-01","","","","","","","香田勉"
"","FALSE","Google","5","2026-03-01","2月15日に宿泊した者です。 チェックアウトの際、ルームキーが見つからず焦っていたところ、スタッフの方に大変親切に助けていただきました。 その節は本当にありがとうございました。 感謝の気持ちを込めて、ささやかですが贈り物をお届けします。","","","2月15日に宿泊した者です。 チェックアウトの際、ルームキーが見つからず焦っていたところ、スタッフの方に大変親切に助けていただきました。 その節は本当にありがとうございました。 感謝の気持ちを込めて、ささやかですが贈り物をお届けします。","","","Hsu T.C.","","FALSE","Google","5","2026-03-01","2月15日に宿泊した者です。 チェックアウトの際、ルームキーが見つからず焦っていたところ、スタッフの方に大変親切に助けていただきました。 その節は本当にありがとうございました。 感謝の気持ちを込めて、ささやかですが贈り物をお届けします。","","","2月15日に宿泊した者です。 チェックアウトの際、ルームキーが見つからず焦っていたところ、スタッフの方に大変親切に助けていただきました。 その節は本当にありがとうございました。 感謝の気持ちを込めて、ささやかですが贈り物をお届けします。","","","Hsu T.C."
"","FALSE","じゃらん","4","2026-02-28","日本帰国時に高い確率でお世話になっている成田空港近くの常ホテルです。駅からも近く無料朝食も種類が豊富で美味しくいただけます。コンビニもホテル近くに有ります。従業員の方々の接客サービスも高ポイント。また次回お世話になります。ありがとうございました。","","","日本帰国時に高い確率でお世話になっている成田空港近くの常ホテルです。駅からも近く無料朝食も種類が豊富で美味しくいただけます。コンビニもホテル近くに有ります。従業員の方々の接客サービスも高ポイント。また次回お世話になります。ありがとうございました。","","","トラベラーさん","","","","","","","","","","","",""
"","FALSE","Booking.com","7","2026-02-28","","","","","","","Nick","","","","","","","","","","","",""
"","FALSE","Booking.com","7","2026-02-28","","Location is close to convenience stores and the station, and laundry","Overall quality was average","","コンビニエンスストアや駅、コインランドリーが近くにあります。","全体的な品質は平均的でした。","Cung","","","","","","","","","","","",""
"","FALSE","Agoda","6","2026-02-28","急なことだったのですが対応してくださりとても感謝しています。 ありがとうございました。","","","急なことだったのですが対応してくださりとても感謝しています。 ありがとうございました。","","","黎菜","","","","","","","","","","","",""
"","FALSE","じゃらん","4","2026-02-28","子供の大学受験の為、会場の近場で宿泊。徒歩3分くらいで京成成田駅がありさらにそこから徒歩10分掛からず成田山も。部屋の方はリニューアル後の為、綺麗でタバコの臭いもなく広さも充分。お風呂は普通にユニットバスですが狭過ぎる事はなかったです。朝ごはんは宿泊費に含まれバイキング形式で普通に美味しく頂きました。種類等はビジネスホテルの朝食バイキングとしても妥当なところです。朝食会場が少し狭く感じますがホテルの立地、形状でしょうがないかと。あと、駐車場に関してはホテル目の前にも停まるスペースがほぼなく近くの提携パーキングに停めてから荷物等運ぶ為そこに関しては少し不満ですが総じて駅前で朝ごはん付きで1人6千円くらいはコスパよく便利と思います。ちなみに宿泊は平日でした","","","子供の大学受験の為、会場の近場で宿泊。徒歩3分くらいで京成成田駅がありさらにそこから徒歩10分掛からず成田山も。部屋の方はリニューアル後の為、綺麗でタバコの臭いもなく広さも充分。お風呂は普通にユニットバスですが狭過ぎる事はなかったです。朝ごはんは宿泊費に含まれバイキング形式で普通に美味しく頂きました。種類等はビジネスホテルの朝食バイキングとしても妥当なところです。朝食会場が少し狭く感じますがホテルの立地、形状でしょうがないかと。あと、駐車場に関してはホテル目の前にも停まるスペースがほぼなく近くの提携パーキングに停めてから荷物等運ぶ為そこに関しては少し不満ですが総じて駅前で朝ごはん付きで1人6千円くらいはコスパよく便利と思います。ちなみに宿泊は平日でした","","","おっさんさん","","","","","","","","","","","",""
"","FALSE","Booking.com","9","2026-02-27","","Man konnte die Koffer schon vor Check-in dort abgeben. Konnten auch von da aus die Koffer zu unserem nächsten Hotel schicken lassen. Somit mussten wir nicht mit den riesengroßen Koffern durch ganz Japan reisen. Frühstück war auch gut, die Auswahl ist hier aber nicht so besonders, trotzdem nett.","","","チェックイン前に荷物を預けることができたので助かりました。そこから次のホテルまで荷物を送ってもらうこともできたので、巨大なスーツケースを持って日本中を移動する必要がなくなりました。朝食は種類はそれほど多くはありませんでしたが、美味しかったです。","","Lana","","","","","","","","","","","",""
"","FALSE","Booking.com","9","2026-02-27","","Super close to train station and great they offer breakfast. Comfy beds.","A bit difficult to communicate with staff re booking an extra night for my injured wife. However, even though it took a while, it was managed well in the end.","","駅からとても近くて、朝食付きなのも嬉しい。ベッドも快適でした。","怪我をした妻のために追加の宿泊を予約する件で、スタッフとの連絡が少し難航しました。しかし、時間はかかりましたが、最終的にはうまく対応してもらえました。","Wallace","","","","","","","","","","","",""
"","FALSE","Booking.com","8","2026-02-27","","","","","","","Graham","","","","","","","","","","","",""
"","FALSE","Booking.com","10","2026-02-27","","","","","","","Evgeny","","","","","","","","","","","",""
"","FALSE","Booking.com","8","2026-02-27","","","","","","","Shenghsu","","","","","","","","","","","",""
"","FALSE","Booking.com","10","2026-02-27","","Good","No complaints","","良い","苦情はありません","Francesco","","","","","","","","","","","",""
"","FALSE","じゃらん","3","2026-02-27","出張時の常宿。駅近く便利。大浴場が無いのは物足りない。朝食は品数は多くはないが充分、野菜を沢山食べました。","","","出張時の常宿。駅近く便利。大浴場が無いのは物足りない。朝食は品数は多くはないが充分、野菜を沢山食べました。","","","釧路おやじさん","","","","","","","","","","","",""
"","FALSE","Booking.com","7","2026-02-26","","Comfortable beds, good quality linens, love the tub,getting in and out is easy, staff is great, its quiet, A/C and heat easy to regulate, opening windows, safe and secure, lots of hot water, twin room is spacious","Breakfast is mediocre, (sliced apples and frozen mango is hardly ‘fruit;, scrambled eggs undercooked) , the rate per hour for early check in (when the room is sitting empty) after we had been 30 hrs in transit was disappointing to say the least. The price was double what we had paid 6 weeks earlier, and there were no festivals, holidays, special blossom times etc to warrant and increase in visitors.","","快適なベッド、上質なリネン、バスタブが気に入りました。出入りが簡単で、スタッフも素晴らしく、静かで、エアコンと暖房の調節も簡単で、窓も開閉でき、安全で安心、お湯もたっぷり、ツインルームは広々としています。","朝食は平凡で（スライスしたリンゴと冷凍マンゴーは「果物」とは言い難く、スクランブルエッグは半熟）、30時間も移動した後で、部屋が空いているにもかかわらず早めのチェックインをした際の時間当たりの料金は、控えめに言っても期待外れでした。料金は6週間前に支払った料金の2倍で、観光客が増えるような祭りや祝日、特別な開花時期などもありませんでした。","Susan","","","","","","","","","","","",""
"","FALSE","楽天トラベル","4","2026-02-26","成田山に行くのに利用させていただきました 京成成田駅から近いですが、改札出てすぐ右の通路を行くのに気づかず、遠回りしてしまいました。 古いですが清掃など気になるところはなく過ごしやすかったです。朝食が程よくて美味しかったです。(スムージーが嬉しい) 荷物を預けてゆっくり観光できました。全体的に満足です。 ","","","成田山に行くのに利用させていただきました 京成成田駅から近いですが、改札出てすぐ右の通路を行くのに気づかず、遠回りしてしまいました。 古いですが清掃など気になるところはなく過ごしやすかったです。朝食が程よくて美味しかったです。(スムージーが嬉しい) 荷物を預けてゆっくり観光できました。全体的に満足です。 ","","","rsj18","","","","","","","","","","","",""
"","FALSE","Google","4","2026-02-26","母と旅行しました。ベッドは快適で、2人で歩き回っても窮屈さを感じないほど十分なスペースがありました。チェックイン時間前に到着したので、荷物を預けて観光に出かけることができました。無料のコーヒーも提供されていました。","","","母と旅行しました。ベッドは快適で、2人で歩き回っても窮屈さを感じないほど十分なスペースがありました。チェックイン時間前に到着したので、荷物を預けて観光に出かけることができました。無料のコーヒーも提供されていました。","","","Suree Khru","","","","","","","","","","","",""
"","FALSE","Trip.com","10","2026-02-26","酒店就在車站附近，周邊有成田山，可以去看看，還有很多餐飲店。出行方便","","","ホテルは駅に近く、成田山もすぐそばにあり、周辺には多くのレストランもあって、移動にとても便利です。","","","ゲ‍ス‍ト","","","","","","","","","","","",""
"","FALSE","Google","4","2026-02-26","ฉันเดินทางไปเที่ยวกับแม่ เตียงนอนหลับสบาย มีที่เดินอยู่สองคนไม่อึดอัด ไปถึงก่อนเวลาเช็คอิน ก็สามารถฝากกระเป๋าแล้วไปเที่ยวก่อนได้ มีกาแฟให้ทานฟรีด้วย","","","母と旅行しました。ベッドは快適で、2人が窮屈さを感じることなく歩き回れる十分なスペースがありました。チェックイン時間より早く到着したので、荷物を預けて先に観光に出かけることができました。無料のコーヒーも用意されていました。","","","Suree Khru","","","","","","","","","","","",""
"","FALSE","Trip.com","10","2026-02-25","感覺得出有年代了,不是很新的設備,但是清潔度可以,櫃台服務人員親切,能寄放行李很方便,早餐有現打果汁.","","","少し古びた感じはするし、設備も最新ではないけれど、清潔感は十分だ。カウンターのスタッフは親切だし、荷物を預けるのも便利。朝食には搾りたてのジュースまである。","","","ゲ‍ス‍ト","","","","","","","","","","","",""
"","FALSE","Booking.com","5","2026-02-25","","","ロビーが狭くて","","","ロビーが狭くて","弓削","","","","","","","","","","","",""
"","FALSE","Booking.com","7","2026-02-24","","スタッフさんの接客がいいです 朝食付きで、このお値段はコスパがいいです 駐車場は2分ほど歩きましたが、無料チケット付きでよかったです","パジャマのズボンもあればよかったなぁ","","スタッフさんの接客がいいです 朝食付きで、このお値段はコスパがいいです 駐車場は2分ほど歩きましたが、無料チケット付きでよかったです","パジャマのズボンもあればよかったなぁ","Masako","","","","","","","","","","","",""
"","FALSE","Booking.com","8","2026-02-24","","","食器がプラスチックで味気ない。","","","食器がプラスチックで味気ない。","Akira","","FALSE","じゃらん","4","2026-02-28","日本帰国時に高い確率でお世話になっている成田空港近くの常ホテルです。駅からも近く無料朝食も種類が豊富で美味しくいただけます。コンビニもホテル近くに有ります。従業員の方々の接客サービスも高ポイント。また次回お世話になります。ありがとうございました。","","","日本帰国時に高い確率でお世話になっている成田空港近くの常ホテルです。駅からも近く無料朝食も種類が豊富で美味しくいただけます。コンビニもホテル近くに有ります。従業員の方々の接客サービスも高ポイント。また次回お世話になります。ありがとうございました。","","","トラベラーさん"
"","FALSE","Agoda","7","2026-02-24","","スタッフさんの接客がいいです 朝食付きで、このお値段はコスパがいいです 駐車場は2分ほど歩きましたが、無料チケット付きでよかったです","パジャマのズボンもあればよかったなぁ","","スタッフさんの接客がいいです 朝食付きで、このお値段はコスパがいいです 駐車場は2分ほど歩きましたが、無料チケット付きでよかったです","パジャマのズボンもあればよかったなぁ","MASAKO","","FALSE","Booking.com","7","2026-02-28","","","","","","","Nick"
"","FALSE","Agoda","8","2026-02-24","","","食器がプラスチックで味気ない。","","","食器がプラスチックで味気ない。","akira","","FALSE","Booking.com","7","2026-02-28","","Location is close to convenience stores and the station, and laundry","Overall quality was average","","コンビニエンスストアや駅、コインランドリーが近くにあります。","全体的な品質は平均的でした。","Cung"
"","FALSE","楽天トラベル","2","2026-02-23","京成成田駅の東通路から行くと近い。成田空港への前泊するためだけのホテルという印象。 部屋も狭く、朝食もあるだけという感じ。料金は安いので、割り切っての宿泊ならお勧め。","","","京成成田駅の東通路から行くと近い。成田空港への前泊するためだけのホテルという印象。 部屋も狭く、朝食もあるだけという感じ。料金は安いので、割り切っての宿泊ならお勧め。","","","Mr.シンポー","","FALSE","Agoda","6","2026-02-28","急なことだったのですが対応してくださりとても感謝しています。 ありがとうございました。","","","急なことだったのですが対応してくださりとても感謝しています。 ありがとうございました。","","","黎菜"
"","FALSE","Booking.com","8","2026-02-23","","","","","","","Shenghsu","","FALSE","じゃらん","4","2026-02-28","子供の大学受験の為、会場の近場で宿泊。徒歩3分くらいで京成成田駅がありさらにそこから徒歩10分掛からず成田山も。部屋の方はリニューアル後の為、綺麗でタバコの臭いもなく広さも充分。お風呂は普通にユニットバスですが狭過ぎる事はなかったです。朝ごはんは宿泊費に含まれバイキング形式で普通に美味しく頂きました。種類等はビジネスホテルの朝食バイキングとしても妥当なところです。朝食会場が少し狭く感じますがホテルの立地、形状でしょうがないかと。あと、駐車場に関してはホテル目の前にも停まるスペースがほぼなく近くの提携パーキングに停めてから荷物等運ぶ為そこに関しては少し不満ですが総じて駅前で朝ごはん付きで1人6千円くらいはコスパよく便利と思います。ちなみに宿泊は平日でした","","","子供の大学受験の為、会場の近場で宿泊。徒歩3分くらいで京成成田駅がありさらにそこから徒歩10分掛からず成田山も。部屋の方はリニューアル後の為、綺麗でタバコの臭いもなく広さも充分。お風呂は普通にユニットバスですが狭過ぎる事はなかったです。朝ごはんは宿泊費に含まれバイキング形式で普通に美味しく頂きました。種類等はビジネスホテルの朝食バイキングとしても妥当なところです。朝食会場が少し狭く感じますがホテルの立地、形状でしょうがないかと。あと、駐車場に関してはホテル目の前にも停まるスペースがほぼなく近くの提携パーキングに停めてから荷物等運ぶ為そこに関しては少し不満ですが総じて駅前で朝ごはん付きで1人6千円くらいはコスパよく便利と思います。ちなみに宿泊は平日でした","","","おっさんさん"
"","FALSE","Booking.com","9","2026-02-22","","Free breakfast was ok.","Switching the menu back and forth will offer more variety.","","無料の朝食はまあまあだった。","メニューを切り替えながら食べることで、より多様な選択肢が楽しめるでしょう。","Enrique","","FALSE","Booking.com","9","2026-02-27","","Man konnte die Koffer schon vor Check-in dort abgeben. Konnten auch von da aus die Koffer zu unserem nächsten Hotel schicken lassen. Somit mussten wir nicht mit den riesengroßen Koffern durch ganz Japan reisen. Frühstück war auch gut, die Auswahl ist hier aber nicht so besonders, trotzdem nett.","","","チェックイン前に荷物を預けることができたので助かりました。そこから次のホテルまで荷物を送ってもらうこともできたので、巨大なスーツケースを持って日本中を移動する必要がなくなりました。朝食は種類はそれほど多くはありませんでしたが、美味しかったです。","","Lana"
"","FALSE","Trip.com","10","2026-02-22","ツインルームを利用した。 思いの外広々としていた。 ベッドもやや大きめでゆとりがあった。 朝食は毎日内容が変わり飽きなかっ 特につみれ汁が気に入った。 事前に手配した送付物も問題なく受け渡ししてくれた。","","","ツインルームを利用した。 思いの外広々としていた。 ベッドもやや大きめでゆとりがあった。 朝食は毎日内容が変わり飽きなかっ 特につみれ汁が気に入った。 事前に手配した送付物も問題なく受け渡ししてくれた。","","","t‍g‍d‍s‍r","","FALSE","Booking.com","9","2026-02-27","","Super close to train station and great they offer breakfast. Comfy beds.","A bit difficult to communicate with staff re booking an extra night for my injured wife. However, even though it took a while, it was managed well in the end.","","駅からとても近くて、朝食付きなのも嬉しい。ベッドも快適でした。","怪我をした妻のために追加の宿泊を予約する件で、スタッフとの連絡が少し難航しました。しかし、時間はかかりましたが、最終的にはうまく対応してもらえました。","Wallace"
"","FALSE","Booking.com","10","2026-02-22","","部屋が綺麗なのは良かったですが、何より予約時以降のスタッフのご対応が素晴らしかったです。 また利用させていただきたいです！","仕方ない事ですが、駐車場が空いていないと大変かもです。 行くタイミング気を付けます。","","部屋が綺麗なのは良かったですが、何より予約時以降のスタッフのご対応が素晴らしかったです。 また利用させていただきたいです！","仕方ない事ですが、駐車場が空いていないと大変かもです。 行くタイミング気を付けます。","Okuma","","FALSE","Booking.com","8","2026-02-27","","","","","","","Graham"
"","FALSE","Booking.com","9","2026-02-21","","地點佳 服務好 早餐棒","行李無法展開 廁所門和房間地板落差太大","","立地も良く、サービスも良く、朝食も最高でした。","スーツケースを広げることができません。トイレのドアと部屋の床の高さの差が大きすぎるためです。","Yurui","","FALSE","Booking.com","10","2026-02-27","","","","","","","Evgeny"
"","FALSE","楽天トラベル","4","2026-02-21","今まで宿泊したことのあるホテルで「あったらいいな」と感じていた物が部屋の設備にいろいろありました コンセントの数、位置、大きく映る鏡、ベッド脇のライトなどなど、細かいところですが快適に過ごせました","","","今まで宿泊したことのあるホテルで「あったらいいな」と感じていた物が部屋の設備にいろいろありました コンセントの数、位置、大きく映る鏡、ベッド脇のライトなどなど、細かいところですが快適に過ごせました","","","ｎｉｒｏ","","FALSE","Booking.com","8","2026-02-27","","","","","","","Shenghsu"
"","FALSE","Trip.com","9","2026-02-19","房間普通有點舊， 但位置算方便， 京成成由站旁邊！ 下車上天橋過對面站再落地下電梯便到， 酒店对面有2 间Lawson! 早餐惊喜新鲜菜汁其他一般正常早餐","","","部屋は簡素で少し古かったけれど、京成西友駅のすぐ隣という便利な立地でした！電車を降りて陸橋を渡り駅の反対側へ行き、降りてエスカレーターに乗るだけ。通りの向かいにはローソンホテルが2軒もあります！朝食は新鮮な野菜ジュースが出て嬉しい驚きでしたが、それ以外はごく普通でした。","","","匿‍名‍ユ‍ー‍ザ‍ー","","FALSE","Booking.com","10","2026-02-27","","Good","No complaints","","良い","苦情はありません","Francesco"
"","FALSE","Booking.com","8","2026-02-19","","","","","","","Takashi","","FALSE","じゃらん","3","2026-02-27","出張時の常宿。駅近く便利。大浴場が無いのは物足りない。朝食は品数は多くはないが充分、野菜を沢山食べました。","","","出張時の常宿。駅近く便利。大浴場が無いのは物足りない。朝食は品数は多くはないが充分、野菜を沢山食べました。","","","釧路おやじさん"
"","FALSE","Google","5","2026-02-19","","","","","","","nagolann","","FALSE","Booking.com","7","2026-02-26","","Comfortable beds, good quality linens, love the tub,getting in and out is easy, staff is great, its quiet, A/C and heat easy to regulate, opening windows, safe and secure, lots of hot water, twin room is spacious","Breakfast is mediocre, (sliced apples and frozen mango is hardly ‘fruit;, scrambled eggs undercooked) , the rate per hour for early check in (when the room is sitting empty) after we had been 30 hrs in transit was disappointing to say the least. The price was double what we had paid 6 weeks earlier, and there were no festivals, holidays, special blossom times etc to warrant and increase in visitors.","","快適なベッド、上質なリネン、バスタブが気に入りました。出入りが簡単で、スタッフも素晴らしく、静かで、エアコンと暖房の調節も簡単で、窓も開閉でき、安全で安心、お湯もたっぷり、ツインルームは広々としています。","朝食は平凡で（スライスしたリンゴと冷凍マンゴーは「果物」とは言い難く、スクランブルエッグは半熟）、30時間も移動した後で、部屋が空いているにもかかわらず早めのチェックインをした際の時間当たりの料金は、控えめに言っても期待外れでした。料金は6週間前に支払った料金の2倍で、観光客が増えるような祭りや祝日、特別な開花時期などもありませんでした。","Susan"
"","FALSE","Trip.com","8","2026-02-19","住601房，有異味","","","601号室には異臭が漂っていた。","","","ゲ‍ス‍ト","","FALSE","楽天トラベル","4","2026-02-26","成田山に行くのに利用させていただきました 京成成田駅から近いですが、改札出てすぐ右の通路を行くのに気づかず、遠回りしてしまいました。 古いですが清掃など気になるところはなく過ごしやすかったです。朝食が程よくて美味しかったです。(スムージーが嬉しい) 荷物を預けてゆっくり観光できました。全体的に満足です。 ","","","成田山に行くのに利用させていただきました 京成成田駅から近いですが、改札出てすぐ右の通路を行くのに気づかず、遠回りしてしまいました。 古いですが清掃など気になるところはなく過ごしやすかったです。朝食が程よくて美味しかったです。(スムージーが嬉しい) 荷物を預けてゆっくり観光できました。全体的に満足です。 ","","","rsj18"
"","FALSE","Booking.com","7","2026-02-19","","Location","Staff","","位置","スタッフ","Kanokporn","","FALSE","Google","4","2026-02-26","母と旅行しました。ベッドは快適で、2人で歩き回っても窮屈さを感じないほど十分なスペースがありました。チェックイン時間前に到着したので、荷物を預けて観光に出かけることができました。無料のコーヒーも提供されていました。","","","母と旅行しました。ベッドは快適で、2人で歩き回っても窮屈さを感じないほど十分なスペースがありました。チェックイン時間前に到着したので、荷物を預けて観光に出かけることができました。無料のコーヒーも提供されていました。","","","Suree Khru"
"","FALSE","Booking.com","6","2026-02-19","","員工態度親切","一進房間有股臭味（發霉味），地毯稍嫌不乾淨","","スタッフは親切だった。","部屋に入るとカビ臭い匂いがして、カーペットも少し汚れていた。","姿綺","","FALSE","Trip.com","10","2026-02-26","酒店就在車站附近，周邊有成田山，可以去看看，還有很多餐飲店。出行方便","","","ホテルは駅に近く、成田山もすぐそばにあり、周辺には多くのレストランもあって、移動にとても便利です。","","","ゲ‍ス‍ト"
"","FALSE","Trip.com","10","2026-02-19","立地が良く、空港にも近いため大変便利でした。お部屋も清潔で快適に過ごすことができ、朝食も丁寧に用意されておりとても美味しかったです。  ただ、タクシーの手配が有料であった点は少し残念に感じました。また、空港に近いという大きな利点があるにもかかわらず、空港送迎サービスがない点も改善をご検討いただければ幸いです。  この度はお世話になり、誠にありがとうございました。","","","立地が良く、空港にも近いため大変便利でした。お部屋も清潔で快適に過ごすことができ、朝食も丁寧に用意されておりとても美味しかったです。  ただ、タクシーの手配が有料であった点は少し残念に感じました。また、空港に近いという大きな利点があるにもかかわらず、空港送迎サービスがない点も改善をご検討いただければ幸いです。  この度はお世話になり、誠にありがとうございました。","","","v‍i‍r‍g‍o‍.‍6‍4‍2","","FALSE","Google","4","2026-02-26","ฉันเดินทางไปเที่ยวกับแม่ เตียงนอนหลับสบาย มีที่เดินอยู่สองคนไม่อึดอัด ไปถึงก่อนเวลาเช็คอิน ก็สามารถฝากกระเป๋าแล้วไปเที่ยวก่อนได้ มีกาแฟให้ทานฟรีด้วย","","","母と旅行しました。ベッドは快適で、2人が窮屈さを感じることなく歩き回れる十分なスペースがありました。チェックイン時間より早く到着したので、荷物を預けて先に観光に出かけることができました。無料のコーヒーも用意されていました。","","","Suree Khru"
"","FALSE","Booking.com","10","2026-02-18","","","","","","","貴之","","FALSE","Trip.com","10","2026-02-25","感覺得出有年代了,不是很新的設備,但是清潔度可以,櫃台服務人員親切,能寄放行李很方便,早餐有現打果汁.","","","少し古びた感じはするし、設備も最新ではないけれど、清潔感は十分だ。カウンターのスタッフは親切だし、荷物を預けるのも便利。朝食には搾りたてのジュースまである。","","","ゲ‍ス‍ト"
"","FALSE","Booking.com","10","2026-02-18","","","","","","","Hunglin","","FALSE","Booking.com","5","2026-02-25","","","ロビーが狭くて","","","ロビーが狭くて","弓削"
"","FALSE","Booking.com","9","2026-02-18","","Very pleasant experience, just like all of Japan!  Excellent staff.  Very good breakfast.  Room size.","Bed and pillows are a bit firmer than we are used to, but ok!","","とても快適な体験でした。日本全体がそうであるように！素晴らしいスタッフ。とても美味しい朝食。部屋の広さ。","ベッドと枕は普段使っているものより少し硬めですが、問題ありません！","Peter","","FALSE","Booking.com","7","2026-02-24","","スタッフさんの接客がいいです 朝食付きで、このお値段はコスパがいいです 駐車場は2分ほど歩きましたが、無料チケット付きでよかったです","パジャマのズボンもあればよかったなぁ","","スタッフさんの接客がいいです 朝食付きで、このお値段はコスパがいいです 駐車場は2分ほど歩きましたが、無料チケット付きでよかったです","パジャマのズボンもあればよかったなぁ","Masako"
"","FALSE","Booking.com","6","2026-02-17","","","","","","","Wei","","FALSE","Booking.com","8","2026-02-24","","","食器がプラスチックで味気ない。","","","食器がプラスチックで味気ない。","Akira"
"","FALSE","Booking.com","9","2026-02-17","","","","","","","Hueiru","","FALSE","Agoda","7","2026-02-24","","スタッフさんの接客がいいです 朝食付きで、このお値段はコスパがいいです 駐車場は2分ほど歩きましたが、無料チケット付きでよかったです","パジャマのズボンもあればよかったなぁ","","スタッフさんの接客がいいです 朝食付きで、このお値段はコスパがいいです 駐車場は2分ほど歩きましたが、無料チケット付きでよかったです","パジャマのズボンもあればよかったなぁ","MASAKO"
"","FALSE","じゃらん","5","2026-02-17","部屋はビジネスホテルとして十分な広さ。  狭すぎず、無駄なスペースないけど、必要なところはちゃんとおさえてる感じ。  清掃もしっかりしてて 臭いや汚れの心配なし。  ベッドもフツーに寝やすい。  ただし、冬の1番寒い時期だったせいかめちゃくちゃ寒かった。  エアコンも効きがイマイチ","","","部屋はビジネスホテルとして十分な広さ。  狭すぎず、無駄なスペースないけど、必要なところはちゃんとおさえてる感じ。  清掃もしっかりしてて 臭いや汚れの心配なし。  ベッドもフツーに寝やすい。  ただし、冬の1番寒い時期だったせいかめちゃくちゃ寒かった。  エアコンも効きがイマイチ","","","でんすけさん","","FALSE","Agoda","8","2026-02-24","","","食器がプラスチックで味気ない。","","","食器がプラスチックで味気ない。","akira"
"","FALSE","じゃらん","3","2026-02-17","部屋はビジネスホテルとして十分な広さ。  狭すぎず、無駄なスペースないけど、必要なところはちゃんとおさえてる感じ。  清掃もしっかりしてて 臭いや汚れの心配なし。  ベッドもフツーに寝やすい。  ただし、冬の1番寒い時期だったせいかめちゃくちゃ寒かった。  エアコンも効きがイマイチ","","","部屋はビジネスホテルとして十分な広さ。  狭すぎず、無駄なスペースないけど、必要なところはちゃんとおさえてる感じ。  清掃もしっかりしてて 臭いや汚れの心配なし。  ベッドもフツーに寝やすい。  ただし、冬の1番寒い時期だったせいかめちゃくちゃ寒かった。  エアコンも効きがイマイチ","","","でんすけさん","","FALSE","楽天トラベル","2","2026-02-23","京成成田駅の東通路から行くと近い。成田空港への前泊するためだけのホテルという印象。 部屋も狭く、朝食もあるだけという感じ。料金は安いので、割り切っての宿泊ならお勧め。","","","京成成田駅の東通路から行くと近い。成田空港への前泊するためだけのホテルという印象。 部屋も狭く、朝食もあるだけという感じ。料金は安いので、割り切っての宿泊ならお勧め。","","","Mr.シンポー"
"","FALSE","Google","4","2026-02-16","","","","","","","H U","","FALSE","Booking.com","8","2026-02-23","","","","","","","Shenghsu"
"","FALSE","Trip.com","10","2026-02-16","位置佳。 早餐不錯。","","","立地が最高。朝食も美味しい。","","","ゲ‍ス‍ト","","FALSE","Booking.com","9","2026-02-22","","Free breakfast was ok.","Switching the menu back and forth will offer more variety.","","無料の朝食はまあまあだった。","メニューを切り替えながら食べることで、より多様な選択肢が楽しめるでしょう。","Enrique"
"","FALSE","楽天トラベル","5","2026-02-16","駅から近く成田空港利用時に便利な立地でした。 フロントや朝食会場のスタッフの方々が全員爽やかな笑顔とご対応で、印象が良かったです。 最初に案内された部屋に不具合がありましたがすぐに対応していただき、快適に過ごすことが出来て感謝しています。 ドリンクサービスや無料の朝食の品数も十分で、ホテル周辺の観光案内の地図も工夫されていて、満足度の高いホテルでした。また機会があればぜひ利用したいと思います。","","","駅から近く成田空港利用時に便利な立地でした。 フロントや朝食会場のスタッフの方々が全員爽やかな笑顔とご対応で、印象が良かったです。 最初に案内された部屋に不具合がありましたがすぐに対応していただき、快適に過ごすことが出来て感謝しています。 ドリンクサービスや無料の朝食の品数も十分で、ホテル周辺の観光案内の地図も工夫されていて、満足度の高いホテルでした。また機会があればぜひ利用したいと思います。","","","tak128","","FALSE","Trip.com","10","2026-02-22","ツインルームを利用した。 思いの外広々としていた。 ベッドもやや大きめでゆとりがあった。 朝食は毎日内容が変わり飽きなかっ 特につみれ汁が気に入った。 事前に手配した送付物も問題なく受け渡ししてくれた。","","","ツインルームを利用した。 思いの外広々としていた。 ベッドもやや大きめでゆとりがあった。 朝食は毎日内容が変わり飽きなかっ 特につみれ汁が気に入った。 事前に手配した送付物も問題なく受け渡ししてくれた。","","","t‍g‍d‍s‍r"
"","FALSE","Booking.com","9","2026-02-16","","Breakfast was excellent—I always enjoy the special juice blends that Comfort Inn prepares for guests each morning.","I am vegetarian, so I would wish for a vegetarian main dish option at this hotel like other Comfort Inn hotels in Japan.  For the two breakfasts I attended this time, there were three cooked food options, but all contained either beef, chicken, pork or fish.  I have had cooked potatoes with other vegetables at Hiroshima Comfort Inn.  I think there are many guests who would enjoy a cooked main dish for breakfast that had tofu, mushrooms, beans or other protein with vegetables!","","朝食は素晴らしかった。コンフォートインが毎朝宿泊客のために用意してくれる特製ジュースブレンドはいつも楽しみだ。","私はベジタリアンなので、日本の他のコンフォートインホテルのように、このホテルにもベジタリアン向けのメインディッシュがあればいいなと思います。今回利用した2回の朝食では、温かい料理が3種類ありましたが、どれも牛肉、鶏肉、豚肉、魚のいずれかでした。広島コンフォートインでは、野菜と一緒に調理したジャガイモ料理を食べたことがあります。豆腐、きのこ、豆類、その他のタンパク質と野菜を使った温かいメインディッシュを朝食に食べたいというお客様はたくさんいらっしゃると思います。","Merrill","","FALSE","Booking.com","10","2026-02-22","","部屋が綺麗なのは良かったですが、何より予約時以降のスタッフのご対応が素晴らしかったです。 また利用させていただきたいです！","仕方ない事ですが、駐車場が空いていないと大変かもです。 行くタイミング気を付けます。","","部屋が綺麗なのは良かったですが、何より予約時以降のスタッフのご対応が素晴らしかったです。 また利用させていただきたいです！","仕方ない事ですが、駐車場が空いていないと大変かもです。 行くタイミング気を付けます。","Okuma"
"","FALSE","Agoda","8","2026-02-15","朝食や駐車場が宿泊料金込みなのでお得感があります。ウエルカムドリンクが12時まで利用できるのも嬉しいです。 お部屋に加湿器か空気清浄機があるといいなと思いました。","","","朝食や駐車場が宿泊料金込みなのでお得感があります。ウエルカムドリンクが12時まで利用できるのも嬉しいです。 お部屋に加湿器か空気清浄機があるといいなと思いました。","","","mitsuko","","FALSE","Booking.com","9","2026-02-21","","地點佳 服務好 早餐棒","行李無法展開 廁所門和房間地板落差太大","","立地も良く、サービスも良く、朝食も最高でした。","スーツケースを広げることができません。トイレのドアと部屋の床の高さの差が大きすぎるためです。","Yurui"
"","FALSE","Booking.com","10","2026-02-15","","","","","","","Popseven","","FALSE","楽天トラベル","4","2026-02-21","今まで宿泊したことのあるホテルで「あったらいいな」と感じていた物が部屋の設備にいろいろありました コンセントの数、位置、大きく映る鏡、ベッド脇のライトなどなど、細かいところですが快適に過ごせました","","","今まで宿泊したことのあるホテルで「あったらいいな」と感じていた物が部屋の設備にいろいろありました コンセントの数、位置、大きく映る鏡、ベッド脇のライトなどなど、細かいところですが快適に過ごせました","","","ｎｉｒｏ"
"","FALSE","楽天トラベル","5","2026-02-15","久々にコンフォート泊まったが安定の快適さだった。また利用したい。 ","","","久々にコンフォート泊まったが安定の快適さだった。また利用したい。 ","","","ポンキヨ","","FALSE","Trip.com","9","2026-02-19","房間普通有點舊， 但位置算方便， 京成成由站旁邊！ 下車上天橋過對面站再落地下電梯便到， 酒店对面有2 间Lawson! 早餐惊喜新鲜菜汁其他一般正常早餐","","","部屋は簡素で少し古かったけれど、京成西友駅のすぐ隣という便利な立地でした！電車を降りて陸橋を渡り駅の反対側へ行き、降りてエスカレーターに乗るだけ。通りの向かいにはローソンホテルが2軒もあります！朝食は新鮮な野菜ジュースが出て嬉しい驚きでしたが、それ以外はごく普通でした。","","","匿‍名‍ユ‍ー‍ザ‍ー"
"","FALSE","Trip.com","10","2026-02-14","不錯的飯店！環境乾淨，服務人員親切","","","素敵なレストランでした！清潔な環境で、スタッフも親切でした。","","","ゲ‍ス‍ト","","FALSE","Booking.com","8","2026-02-19","","","","","","","Takashi"
"","FALSE","楽天トラベル","5","2026-02-14","スタッフの対応が良く、部屋も綺麗でした、静かで睡眠も良くとれまた。","","","スタッフの対応が良く、部屋も綺麗でした、静かで睡眠も良くとれまた。","","","寿司屋の梅さん","","FALSE","Google","5","2026-02-19","","","","","","","nagolann"
"","FALSE","楽天トラベル","3","2026-02-12","空港までのアクセスは抜群、朝食も良かったです。枕とベッドが固くめでほとんど眠れなかったです。","","","空港までのアクセスは抜群、朝食も良かったです。枕とベッドが固くめでほとんど眠れなかったです。","","","とらべる子","","FALSE","Trip.com","8","2026-02-19","住601房，有異味","","","601号室には異臭が漂っていた。","","","ゲ‍ス‍ト"
"","FALSE","Google","5","2026-02-12","2602、1泊、約2600台湾ドル（朝食付き）  広々として快適で、朝食も美味しくて魅力的だったので気に入りました。おしゃれかどうかはあまり気にしていませんでした。  京成駅からは東口に直行し、エスカレーターで降りてエレベーターを利用すればホテルが見えてきます。とても近くて便利です。  チェックアウト後は荷物を預けて、表参道や大型デパートのイオンに行くのも良いでしょう。お酒、アウトドア用品、食べ物など、お好みに合わせて選べます。","","","2602、1泊、約2600台湾ドル（朝食付き）  広々として快適で、朝食も美味しくて魅力的だったので気に入りました。おしゃれかどうかはあまり気にしていませんでした。  京成駅からは東口に直行し、エスカレーターで降りてエレベーターを利用すればホテルが見えてきます。とても近くて便利です。  チェックアウト後は荷物を預けて、表参道や大型デパートのイオンに行くのも良いでしょう。お酒、アウトドア用品、食べ物など、お好みに合わせて選べます。","","","一閃一閃亮金金","","FALSE","Booking.com","7","2026-02-19","","Location","Staff","","位置","スタッフ","Kanokporn"
"","FALSE","Trip.com","10","2026-02-12","早餐好吃，進車站便利，服務不錯","","","朝食は美味しく、駅は便利な場所にあり、サービスも良かった。","","","ゲ‍ス‍ト","","FALSE","Booking.com","6","2026-02-19","","員工態度親切","一進房間有股臭味（發霉味），地毯稍嫌不乾淨","","スタッフは親切だった。","部屋に入るとカビ臭い匂いがして、カーペットも少し汚れていた。","姿綺"
"","FALSE","Google","5","2026-02-12","2602入住1晚，約台幣2k6(含早餐）  喜歡這裡， 因為空間大不彆扭， 早餐也精緻好吃， 時不時尚，不甚在意。  從京成車站出來， 請直接走東口， 下手扶梯，再搭電梯， 就會看到到飯店了， 很近很方便。  退房後，可寄放行李， 再去表參道、 大間的aeon逛逛， 有清酒，有戶外運動用品，有美食， 就看你喜歡什麼","","","2602号室に1泊しました。料金は約2,600台湾ドル（朝食付き）でした。部屋は広くて快適で、朝食も美味しくて魅力的だったので気に入りました。流行りかどうかは特に気にしていませんでした。京成駅から東口までまっすぐ歩き、エスカレーターで降りてエレベーターに乗ると、すぐそこにホテルがあります。とても近くて便利です。チェックアウト後は荷物を預けて、表参道や大本にあるイオン百貨店を散策できます。お酒やアウトドア用品、食品など、お好みのものが揃っています。","","","一閃一閃亮金金","","FALSE","Trip.com","10","2026-02-19","立地が良く、空港にも近いため大変便利でした。お部屋も清潔で快適に過ごすことができ、朝食も丁寧に用意されておりとても美味しかったです。  ただ、タクシーの手配が有料であった点は少し残念に感じました。また、空港に近いという大きな利点があるにもかかわらず、空港送迎サービスがない点も改善をご検討いただければ幸いです。  この度はお世話になり、誠にありがとうございました。","","","立地が良く、空港にも近いため大変便利でした。お部屋も清潔で快適に過ごすことができ、朝食も丁寧に用意されておりとても美味しかったです。  ただ、タクシーの手配が有料であった点は少し残念に感じました。また、空港に近いという大きな利点があるにもかかわらず、空港送迎サービスがない点も改善をご検討いただければ幸いです。  この度はお世話になり、誠にありがとうございました。","","","v‍i‍r‍g‍o‍.‍6‍4‍2"
"","FALSE","Agoda","10","2026-02-12","受付の方々、受付のフロアーで接遇されていた方々、皆さんがとても気持ちの良い接遇をなさっていて、素晴らしかったです。ホテルのロケーションは京成成田駅にもJR成田駅にも近く、近くに大きなスーパーマーケットも有り便利でした。","","","受付の方々、受付のフロアーで接遇されていた方々、皆さんがとても気持ちの良い接遇をなさっていて、素晴らしかったです。ホテルのロケーションは京成成田駅にもJR成田駅にも近く、近くに大きなスーパーマーケットも有り便利でした。","","","Hiroshi","","FALSE","Booking.com","10","2026-02-18","","","","","","","貴之"
"","FALSE","Booking.com","8","2026-02-10","","","","","","","Leonardo","","FALSE","Booking.com","10","2026-02-18","","","","","","","Hunglin"
"","FALSE","Booking.com","10","2026-02-10","","房間很大，而且離機場很近，旅行的最後一晚很適合住這裡","","","部屋は広々としていて空港にも非常に近かったので、旅行最終日の宿泊先としては最適だった。","","Yi","","FALSE","Booking.com","9","2026-02-18","","Very pleasant experience, just like all of Japan!  Excellent staff.  Very good breakfast.  Room size.","Bed and pillows are a bit firmer than we are used to, but ok!","","とても快適な体験でした。日本全体がそうであるように！素晴らしいスタッフ。とても美味しい朝食。部屋の広さ。","ベッドと枕は普段使っているものより少し硬めですが、問題ありません！","Peter"
"","FALSE","楽天トラベル","5","2026-02-10","駅から近い、朝食付きで、コスパ良し、スタッフの方達も皆さんとても親切でした。","","","駅から近い、朝食付きで、コスパ良し、スタッフの方達も皆さんとても親切でした。","","","FIMI","","FALSE","Booking.com","6","2026-02-17","","","","","","","Wei"
"","FALSE","Booking.com","8","2026-02-10","","alles die nähe zum bahnhof","","","最大の利点は、駅に近いことです。","","René","","FALSE","Booking.com","9","2026-02-17","","","","","","","Hueiru"
"","FALSE","Agoda","4","2026-02-10","風呂やベッドに髪の毛が残っていたり、エアコンのカビがひどいです。 基本的なことですが、きちんと掃除をしていただきたいです。","","","風呂やベッドに髪の毛が残っていたり、エアコンのカビがひどいです。 基本的なことですが、きちんと掃除をしていただきたいです。","","","Toshiaki","","FALSE","じゃらん","5","2026-02-17","部屋はビジネスホテルとして十分な広さ。  狭すぎず、無駄なスペースないけど、必要なところはちゃんとおさえてる感じ。  清掃もしっかりしてて 臭いや汚れの心配なし。  ベッドもフツーに寝やすい。  ただし、冬の1番寒い時期だったせいかめちゃくちゃ寒かった。  エアコンも効きがイマイチ","","","部屋はビジネスホテルとして十分な広さ。  狭すぎず、無駄なスペースないけど、必要なところはちゃんとおさえてる感じ。  清掃もしっかりしてて 臭いや汚れの心配なし。  ベッドもフツーに寝やすい。  ただし、冬の1番寒い時期だったせいかめちゃくちゃ寒かった。  エアコンも効きがイマイチ","","","でんすけさん"
"","FALSE","楽天トラベル","4","2026-02-09","成田山参拝のため利用しました。部屋も綺麗で使いやすかったです。コインランドリーを利用したのですが、近くに両替機がなくて不便でした。","","","成田山参拝のため利用しました。部屋も綺麗で使いやすかったです。コインランドリーを利用したのですが、近くに両替機がなくて不便でした。","","","みみこ164","","FALSE","じゃらん","3","2026-02-17","部屋はビジネスホテルとして十分な広さ。  狭すぎず、無駄なスペースないけど、必要なところはちゃんとおさえてる感じ。  清掃もしっかりしてて 臭いや汚れの心配なし。  ベッドもフツーに寝やすい。  ただし、冬の1番寒い時期だったせいかめちゃくちゃ寒かった。  エアコンも効きがイマイチ","","","部屋はビジネスホテルとして十分な広さ。  狭すぎず、無駄なスペースないけど、必要なところはちゃんとおさえてる感じ。  清掃もしっかりしてて 臭いや汚れの心配なし。  ベッドもフツーに寝やすい。  ただし、冬の1番寒い時期だったせいかめちゃくちゃ寒かった。  エアコンも効きがイマイチ","","","でんすけさん"
"","FALSE","Trip.com","10","2026-02-09","เป็นโรงแรมที่อยู่ใกล้รถไฟที่สุด เดินไม่ถึง 2 นาที ถ้าใครต้องเดินทางไปสนามบินไฟล์เช้าแนะนำเลยค่ะ","","","このホテルは駅から徒歩2分以内と、駅に最も近いホテルです。早朝のフライトで空港へ向かう予定があるなら、ぜひおすすめします。","","","匿‍名‍ユ‍ー‍ザ‍ー","","FALSE","Google","4","2026-02-16","","","","","","","H U"
"","FALSE","Booking.com","8","2026-02-09","","スタッフの対応","特になし","","スタッフの対応","特になし","Koichi","","FALSE","Trip.com","10","2026-02-16","位置佳。 早餐不錯。","","","立地が最高。朝食も美味しい。","","","ゲ‍ス‍ト"
"","FALSE","Booking.com","8","2026-02-08","","Location.Price. Great breakfast","","","立地、価格、素晴らしい朝食","","Michelle","","FALSE","楽天トラベル","5","2026-02-16","駅から近く成田空港利用時に便利な立地でした。 フロントや朝食会場のスタッフの方々が全員爽やかな笑顔とご対応で、印象が良かったです。 最初に案内された部屋に不具合がありましたがすぐに対応していただき、快適に過ごすことが出来て感謝しています。 ドリンクサービスや無料の朝食の品数も十分で、ホテル周辺の観光案内の地図も工夫されていて、満足度の高いホテルでした。また機会があればぜひ利用したいと思います。","","","駅から近く成田空港利用時に便利な立地でした。 フロントや朝食会場のスタッフの方々が全員爽やかな笑顔とご対応で、印象が良かったです。 最初に案内された部屋に不具合がありましたがすぐに対応していただき、快適に過ごすことが出来て感謝しています。 ドリンクサービスや無料の朝食の品数も十分で、ホテル周辺の観光案内の地図も工夫されていて、満足度の高いホテルでした。また機会があればぜひ利用したいと思います。","","","tak128"
"","FALSE","Trip.com","10","2026-02-08","ห้องพักสะอาด อาหารเช้าอร่อยค่ะ เป็นเมนูง่ายๆ","","","部屋は清潔で、朝食も美味しい。シンプルなメニューだが。","","","ゲ‍ス‍ト","","FALSE","Booking.com","9","2026-02-16","","Breakfast was excellent—I always enjoy the special juice blends that Comfort Inn prepares for guests each morning.","I am vegetarian, so I would wish for a vegetarian main dish option at this hotel like other Comfort Inn hotels in Japan.  For the two breakfasts I attended this time, there were three cooked food options, but all contained either beef, chicken, pork or fish.  I have had cooked potatoes with other vegetables at Hiroshima Comfort Inn.  I think there are many guests who would enjoy a cooked main dish for breakfast that had tofu, mushrooms, beans or other protein with vegetables!","","朝食は素晴らしかった。コンフォートインが毎朝宿泊客のために用意してくれる特製ジュースブレンドはいつも楽しみだ。","私はベジタリアンなので、日本の他のコンフォートインホテルのように、このホテルにもベジタリアン向けのメインディッシュがあればいいなと思います。今回利用した2回の朝食では、温かい料理が3種類ありましたが、どれも牛肉、鶏肉、豚肉、魚のいずれかでした。広島コンフォートインでは、野菜と一緒に調理したジャガイモ料理を食べたことがあります。豆腐、きのこ、豆類、その他のタンパク質と野菜を使った温かいメインディッシュを朝食に食べたいというお客様はたくさんいらっしゃると思います。","Merrill"
"","FALSE","じゃらん","4","2026-02-08","成田空港発ツアーの集合時間が早かった為利用しました。ホテルは清潔で少し狭かったですが、一晩泊まるには充分でした。無料朝食開始時間も早く、内容も充実していました。フロントの対応も良く、ウェルカムドリンクは夜遅くまで飲めました。","","","成田空港発ツアーの集合時間が早かった為利用しました。ホテルは清潔で少し狭かったですが、一晩泊まるには充分でした。無料朝食開始時間も早く、内容も充実していました。フロントの対応も良く、ウェルカムドリンクは夜遅くまで飲めました。","","","よこさん","","FALSE","Agoda","8","2026-02-15","朝食や駐車場が宿泊料金込みなのでお得感があります。ウエルカムドリンクが12時まで利用できるのも嬉しいです。 お部屋に加湿器か空気清浄機があるといいなと思いました。","","","朝食や駐車場が宿泊料金込みなのでお得感があります。ウエルカムドリンクが12時まで利用できるのも嬉しいです。 お部屋に加湿器か空気清浄機があるといいなと思いました。","","","mitsuko"
"","FALSE","Booking.com","3","2026-02-07","","なし","スタッフの態度が最悪","","なし","スタッフの態度が最悪","Akiyo","","FALSE","Booking.com","10","2026-02-15","","","","","","","Popseven"
"","FALSE","Google","5","2026-02-07","","","","","","","Luis Pereyra","","FALSE","楽天トラベル","5","2026-02-15","久々にコンフォート泊まったが安定の快適さだった。また利用したい。 ","","","久々にコンフォート泊まったが安定の快適さだった。また利用したい。 ","","","ポンキヨ"
"","FALSE","じゃらん","4","2026-02-07","朝起きた時に、よく眠れた、体が痛くない！と感じました。ベッドの硬さ、枕の高さ、布団の感触、どれも心地よかったです。  部屋の広さ、調度品なども丁度いい感じでした。  朝ごはんもすごく豪華な必要はないので、やはり丁度よかったです。","","","朝起きた時に、よく眠れた、体が痛くない！と感じました。ベッドの硬さ、枕の高さ、布団の感触、どれも心地よかったです。  部屋の広さ、調度品なども丁度いい感じでした。  朝ごはんもすごく豪華な必要はないので、やはり丁度よかったです。","","","やっちゃんさん","","FALSE","Trip.com","10","2026-02-14","不錯的飯店！環境乾淨，服務人員親切","","","素敵なレストランでした！清潔な環境で、スタッフも親切でした。","","","ゲ‍ス‍ト"
"","FALSE","Booking.com","8","2026-02-06","","ใกล้สนามบิน ราคาไม่แพง มีอาหารเช้า","","","空港に近く、手頃な価格で、朝食付きです。","","Kunnapat","","FALSE","楽天トラベル","5","2026-02-14","スタッフの対応が良く、部屋も綺麗でした、静かで睡眠も良くとれまた。","","","スタッフの対応が良く、部屋も綺麗でした、静かで睡眠も良くとれまた。","","","寿司屋の梅さん"
"","FALSE","Booking.com","10","2026-02-05","","","","","","","James","","FALSE","楽天トラベル","3","2026-02-12","空港までのアクセスは抜群、朝食も良かったです。枕とベッドが固くめでほとんど眠れなかったです。","","","空港までのアクセスは抜群、朝食も良かったです。枕とベッドが固くめでほとんど眠れなかったです。","","","とらべる子"
"","","","","","","","","","","","","","FALSE","Google","5","2026-02-12","2602、1泊、約2600台湾ドル（朝食付き）  広々として快適で、朝食も美味しくて魅力的だったので気に入りました。おしゃれかどうかはあまり気にしていませんでした。  京成駅からは東口に直行し、エスカレーターで降りてエレベーターを利用すればホテルが見えてきます。とても近くて便利です。  チェックアウト後は荷物を預けて、表参道や大型デパートのイオンに行くのも良いでしょう。お酒、アウトドア用品、食べ物など、お好みに合わせて選べます。","","","2602、1泊、約2600台湾ドル（朝食付き）  広々として快適で、朝食も美味しくて魅力的だったので気に入りました。おしゃれかどうかはあまり気にしていませんでした。  京成駅からは東口に直行し、エスカレーターで降りてエレベーターを利用すればホテルが見えてきます。とても近くて便利です。  チェックアウト後は荷物を預けて、表参道や大型デパートのイオンに行くのも良いでしょう。お酒、アウトドア用品、食べ物など、お好みに合わせて選べます。","","","一閃一閃亮金金"
"","","","","","","","","","","","","","FALSE","Trip.com","10","2026-02-12","早餐好吃，進車站便利，服務不錯","","","朝食は美味しく、駅は便利な場所にあり、サービスも良かった。","","","ゲ‍ス‍ト"
"","","","","","","","","","","","","","FALSE","Google","5","2026-02-12","2602入住1晚，約台幣2k6(含早餐）  喜歡這裡， 因為空間大不彆扭， 早餐也精緻好吃， 時不時尚，不甚在意。  從京成車站出來， 請直接走東口， 下手扶梯，再搭電梯， 就會看到到飯店了， 很近很方便。  退房後，可寄放行李， 再去表參道、 大間的aeon逛逛， 有清酒，有戶外運動用品，有美食， 就看你喜歡什麼","","","2602号室に1泊しました。料金は約2,600台湾ドル（朝食付き）でした。部屋は広くて快適で、朝食も美味しくて魅力的だったので気に入りました。流行りかどうかは特に気にしていませんでした。京成駅から東口までまっすぐ歩き、エスカレーターで降りてエレベーターに乗ると、すぐそこにホテルがあります。とても近くて便利です。チェックアウト後は荷物を預けて、表参道や大本にあるイオン百貨店を散策できます。お酒やアウトドア用品、食品など、お好みのものが揃っています。","","","一閃一閃亮金金"
"","","","","","","","","","","","","","FALSE","Agoda","10","2026-02-12","受付の方々、受付のフロアーで接遇されていた方々、皆さんがとても気持ちの良い接遇をなさっていて、素晴らしかったです。ホテルのロケーションは京成成田駅にもJR成田駅にも近く、近くに大きなスーパーマーケットも有り便利でした。","","","受付の方々、受付のフロアーで接遇されていた方々、皆さんがとても気持ちの良い接遇をなさっていて、素晴らしかったです。ホテルのロケーションは京成成田駅にもJR成田駅にも近く、近くに大きなスーパーマーケットも有り便利でした。","","","Hiroshi"
"","","","","","","","","","","","","","FALSE","Booking.com","8","2026-02-10","","","","","","","Leonardo"
"","","","","","","","","","","","","","FALSE","Booking.com","10","2026-02-10","","房間很大，而且離機場很近，旅行的最後一晚很適合住這裡","","","部屋は広々としていて空港にも非常に近かったので、旅行最終日の宿泊先としては最適だった。","","Yi"
"","","","","","","","","","","","","","FALSE","楽天トラベル","5","2026-02-10","駅から近い、朝食付きで、コスパ良し、スタッフの方達も皆さんとても親切でした。","","","駅から近い、朝食付きで、コスパ良し、スタッフの方達も皆さんとても親切でした。","","","FIMI"
"","","","","","","","","","","","","","FALSE","Booking.com","8","2026-02-10","","alles die nähe zum bahnhof","","","最大の利点は、駅に近いことです。","","René"
"","","","","","","","","","","","","","FALSE","Agoda","4","2026-02-10","風呂やベッドに髪の毛が残っていたり、エアコンのカビがひどいです。 基本的なことですが、きちんと掃除をしていただきたいです。","","","風呂やベッドに髪の毛が残っていたり、エアコンのカビがひどいです。 基本的なことですが、きちんと掃除をしていただきたいです。","","","Toshiaki"
"","","","","","","","","","","","","","FALSE","楽天トラベル","4","2026-02-09","成田山参拝のため利用しました。部屋も綺麗で使いやすかったです。コインランドリーを利用したのですが、近くに両替機がなくて不便でした。","","","成田山参拝のため利用しました。部屋も綺麗で使いやすかったです。コインランドリーを利用したのですが、近くに両替機がなくて不便でした。","","","みみこ164"
"","","","","","","","","","","","","","FALSE","Trip.com","10","2026-02-09","เป็นโรงแรมที่อยู่ใกล้รถไฟที่สุด เดินไม่ถึง 2 นาที ถ้าใครต้องเดินทางไปสนามบินไฟล์เช้าแนะนำเลยค่ะ","","","このホテルは駅から徒歩2分以内と、駅に最も近いホテルです。早朝のフライトで空港へ向かう予定があるなら、ぜひおすすめします。","","","匿‍名‍ユ‍ー‍ザ‍ー"
"","","","","","","","","","","","","","FALSE","Booking.com","8","2026-02-09","","スタッフの対応","特になし","","スタッフの対応","特になし","Koichi"
"","","","","","","","","","","","","","FALSE","Booking.com","8","2026-02-08","","Location.Price. Great breakfast","","","立地、価格、素晴らしい朝食","","Michelle"
"","","","","","","","","","","","","","FALSE","Trip.com","10","2026-02-08","ห้องพักสะอาด อาหารเช้าอร่อยค่ะ เป็นเมนูง่ายๆ","","","部屋は清潔で、朝食も美味しい。シンプルなメニューだが。","","","ゲ‍ス‍ト"
"","","","","","","","","","","","","","FALSE","じゃらん","4","2026-02-08","成田空港発ツアーの集合時間が早かった為利用しました。ホテルは清潔で少し狭かったですが、一晩泊まるには充分でした。無料朝食開始時間も早く、内容も充実していました。フロントの対応も良く、ウェルカムドリンクは夜遅くまで飲めました。","","","成田空港発ツアーの集合時間が早かった為利用しました。ホテルは清潔で少し狭かったですが、一晩泊まるには充分でした。無料朝食開始時間も早く、内容も充実していました。フロントの対応も良く、ウェルカムドリンクは夜遅くまで飲めました。","","","よこさん"
"","","","","","","","","","","","","","FALSE","Booking.com","3","2026-02-07","","なし","スタッフの態度が最悪","","なし","スタッフの態度が最悪","Akiyo"
"","","","","","","","","","","","","","FALSE","Google","5","2026-02-07","","","","","","","Luis Pereyra"
"","","","","","","","","","","","","","FALSE","じゃらん","4","2026-02-07","朝起きた時に、よく眠れた、体が痛くない！と感じました。ベッドの硬さ、枕の高さ、布団の感触、どれも心地よかったです。  部屋の広さ、調度品なども丁度いい感じでした。  朝ごはんもすごく豪華な必要はないので、やはり丁度よかったです。","","","朝起きた時に、よく眠れた、体が痛くない！と感じました。ベッドの硬さ、枕の高さ、布団の感触、どれも心地よかったです。  部屋の広さ、調度品なども丁度いい感じでした。  朝ごはんもすごく豪華な必要はないので、やはり丁度よかったです。","","","やっちゃんさん"
"","","","","","","","","","","","","","FALSE","Booking.com","8","2026-02-06","","ใกล้สนามบิน ราคาไม่แพง มีอาหารเช้า","","","空港に近く、手頃な価格で、朝食付きです。","","Kunnapat"
"","","","","","","","","","","","","","FALSE","Booking.com","10","2026-02-05","","","","","","","James"