"","検索文字 URL： チェック","コンフォートスイーツ東京ベイ サイト名","検索年月： 評価","2026年 投稿日","03月 コメント(全体)","範囲： コメント(良い点)","!A1:K コメント(改善点)","コメント（翻訳:全体)","コメント（翻訳:良い)","コメント（翻訳:改善点)","投稿者","","","","","関数用 2026年 2026年 ","02月 03月 ","","!A2:K75 ","","","",""
"","FALSE","Trip.com","9","2026-03-19","Free shuttle bus to Disneyland and Disneysea. To Narita Airport need 2900 yen/person Need to walk to Hyatt Regancy for the bus (around 3 mins walk)","","","ディズニーランドとディズニーシーへの無料シャトルバスがあります。成田空港行きは1人2900円です。バス乗り場はハイアットリージェンシーまで徒歩約3分です。","","","ゲ‍ス‍ト","","FALSE","Trip.com","9","2026-03-19","Free shuttle bus to Disneyland and Disneysea. To Narita Airport need 2900 yen/person Need to walk to Hyatt Regancy for the bus (around 3 mins walk)","","","ディズニーランドとディズニーシーへの無料シャトルバスがあります。成田空港行きは1人2900円です。バス乗り場はハイアットリージェンシーまで徒歩約3分です。","","","ゲ‍ス‍ト"
"","FALSE","楽天トラベル","5","2026-03-18","春休みに子供たちだけで利用しました。 とっても綺麗なホテルで、宝探し？みたいな事をやってたみたいで、部屋で隠されてるカードを探してフロントに持って行ったら、お菓子もらえた！と喜んでました。 また、ディズニーに行く時には利用したいと思います。","","","春休みに子供たちだけで利用しました。 とっても綺麗なホテルで、宝探し？みたいな事をやってたみたいで、部屋で隠されてるカードを探してフロントに持って行ったら、お菓子もらえた！と喜んでました。 また、ディズニーに行く時には利用したいと思います。","","","不明","","FALSE","楽天トラベル","5","2026-03-18","春休みに子供たちだけで利用しました。 とっても綺麗なホテルで、宝探し？みたいな事をやってたみたいで、部屋で隠されてるカードを探してフロントに持って行ったら、お菓子もらえた！と喜んでました。 また、ディズニーに行く時には利用したいと思います。","","","春休みに子供たちだけで利用しました。 とっても綺麗なホテルで、宝探し？みたいな事をやってたみたいで、部屋で隠されてるカードを探してフロントに持って行ったら、お菓子もらえた！と喜んでました。 また、ディズニーに行く時には利用したいと思います。","","","不明"
"","FALSE","楽天トラベル","4","2026-03-18","冷凍と冷蔵で分かれてる冷蔵庫が助かりました","","","冷凍と冷蔵で分かれてる冷蔵庫が助かりました","","","meikobu","","FALSE","楽天トラベル","4","2026-03-18","冷凍と冷蔵で分かれてる冷蔵庫が助かりました","","","冷凍と冷蔵で分かれてる冷蔵庫が助かりました","","","meikobu"
"","FALSE","Agoda","10","2026-03-17","お部屋も綺麗で親切な対応をしていただいたのでとても良かったです。","","","お部屋も綺麗で親切な対応をしていただいたのでとても良かったです。","","","TAKUMI","","FALSE","Agoda","10","2026-03-17","お部屋も綺麗で親切な対応をしていただいたのでとても良かったです。","","","お部屋も綺麗で親切な対応をしていただいたのでとても良かったです。","","","TAKUMI"
"","FALSE","Google","4","2026-03-17","3月13日（金）14時チェックイン。 部屋は『広っ！』と声が出てしまう程広く、ベッドもとても大きくて広い！ バストイレ別で、浴槽もとても大きくて大満足でした！  喫煙者の為、エレベーターで22時頃に1階の喫煙所に行くと、恐らくDisney帰りの人達が長蛇の列でエレベーター待ちをしており、そこだけが辛かった… 他のお客さんがスタッフの方に階段はないのか聞いていたようでしたが、聞こえてきた声は『エレベーターのみ』 喫煙をした後、仕方なく長蛇の列に並びました…。  朝ご飯は7時半〜混み始めるとのことで、7時に着いたら待つことなくスムーズに食事をする事ができ、種類も豊富で堪能できました！ ※7時半に食べ終えでる時には列が出来てました。  チェックインもチェックアウトもセルフの為、とてもスムーズで、是非また利用させていただきたいと思います！  ・歩いて数分の場所に、スシローや、充実したフードコート等あります。 ・ベッドは隙間なくくっついてますが、タイヤ付きの為離すことが出来ます。 ・シャトルバスは、オフィシャルバスの停留所とは異なり、駐車場の奥の方にあります。","","","3月13日（金）14時チェックイン。 部屋は『広っ！』と声が出てしまう程広く、ベッドもとても大きくて広い！ バストイレ別で、浴槽もとても大きくて大満足でした！  喫煙者の為、エレベーターで22時頃に1階の喫煙所に行くと、恐らくDisney帰りの人達が長蛇の列でエレベーター待ちをしており、そこだけが辛かった… 他のお客さんがスタッフの方に階段はないのか聞いていたようでしたが、聞こえてきた声は『エレベーターのみ』 喫煙をした後、仕方なく長蛇の列に並びました…。  朝ご飯は7時半〜混み始めるとのことで、7時に着いたら待つことなくスムーズに食事をする事ができ、種類も豊富で堪能できました！ ※7時半に食べ終えでる時には列が出来てました。  チェックインもチェックアウトもセルフの為、とてもスムーズで、是非また利用させていただきたいと思います！  ・歩いて数分の場所に、スシローや、充実したフードコート等あります。 ・ベッドは隙間なくくっついてますが、タイヤ付きの為離すことが出来ます。 ・シャトルバスは、オフィシャルバスの停留所とは異なり、駐車場の奥の方にあります。","","","y.m","","FALSE","Google","4","2026-03-17","3月13日（金）14時チェックイン。 部屋は『広っ！』と声が出てしまう程広く、ベッドもとても大きくて広い！ バストイレ別で、浴槽もとても大きくて大満足でした！  喫煙者の為、エレベーターで22時頃に1階の喫煙所に行くと、恐らくDisney帰りの人達が長蛇の列でエレベーター待ちをしており、そこだけが辛かった… 他のお客さんがスタッフの方に階段はないのか聞いていたようでしたが、聞こえてきた声は『エレベーターのみ』 喫煙をした後、仕方なく長蛇の列に並びました…。  朝ご飯は7時半〜混み始めるとのことで、7時に着いたら待つことなくスムーズに食事をする事ができ、種類も豊富で堪能できました！ ※7時半に食べ終えでる時には列が出来てました。  チェックインもチェックアウトもセルフの為、とてもスムーズで、是非また利用させていただきたいと思います！  ・歩いて数分の場所に、スシローや、充実したフードコート等あります。 ・ベッドは隙間なくくっついてますが、タイヤ付きの為離すことが出来ます。 ・シャトルバスは、オフィシャルバスの停留所とは異なり、駐車場の奥の方にあります。","","","3月13日（金）14時チェックイン。 部屋は『広っ！』と声が出てしまう程広く、ベッドもとても大きくて広い！ バストイレ別で、浴槽もとても大きくて大満足でした！  喫煙者の為、エレベーターで22時頃に1階の喫煙所に行くと、恐らくDisney帰りの人達が長蛇の列でエレベーター待ちをしており、そこだけが辛かった… 他のお客さんがスタッフの方に階段はないのか聞いていたようでしたが、聞こえてきた声は『エレベーターのみ』 喫煙をした後、仕方なく長蛇の列に並びました…。  朝ご飯は7時半〜混み始めるとのことで、7時に着いたら待つことなくスムーズに食事をする事ができ、種類も豊富で堪能できました！ ※7時半に食べ終えでる時には列が出来てました。  チェックインもチェックアウトもセルフの為、とてもスムーズで、是非また利用させていただきたいと思います！  ・歩いて数分の場所に、スシローや、充実したフードコート等あります。 ・ベッドは隙間なくくっついてますが、タイヤ付きの為離すことが出来ます。 ・シャトルバスは、オフィシャルバスの停留所とは異なり、駐車場の奥の方にあります。","","","y.m"
"","FALSE","Google","4","2026-03-17","ディズニーリゾートも近いし駐車場もあるため使いやすい、コスパいいんじゃないかな？","","","ディズニーリゾートも近いし駐車場もあるため使いやすい、コスパいいんじゃないかな？","","","1102 Yohey","","FALSE","Google","4","2026-03-17","ディズニーリゾートも近いし駐車場もあるため使いやすい、コスパいいんじゃないかな？","","","ディズニーリゾートも近いし駐車場もあるため使いやすい、コスパいいんじゃないかな？","","","1102 Yohey"
"","FALSE","Google","5","2026-03-17","","","","","","","Aya","","FALSE","Google","5","2026-03-17","","","","","","","Aya"
"","FALSE","楽天トラベル","5","2026-03-17","朝食も必要ないし、寝るだけなので、安く泊まれて良かったです。雨が降って、靴が濡れたのですが、部屋に靴乾燥機があって助かりました。 ディズニーまでのバスの本数が少ないのと、最終時間が早いのが残念。","","","朝食も必要ないし、寝るだけなので、安く泊まれて良かったです。雨が降って、靴が濡れたのですが、部屋に靴乾燥機があって助かりました。 ディズニーまでのバスの本数が少ないのと、最終時間が早いのが残念。","","","ふぃがろがすき","","FALSE","楽天トラベル","5","2026-03-17","朝食も必要ないし、寝るだけなので、安く泊まれて良かったです。雨が降って、靴が濡れたのですが、部屋に靴乾燥機があって助かりました。 ディズニーまでのバスの本数が少ないのと、最終時間が早いのが残念。","","","朝食も必要ないし、寝るだけなので、安く泊まれて良かったです。雨が降って、靴が濡れたのですが、部屋に靴乾燥機があって助かりました。 ディズニーまでのバスの本数が少ないのと、最終時間が早いのが残念。","","","ふぃがろがすき"
"","FALSE","じゃらん","4","2026-03-17","朝食の種類が豊富で、どれも丁寧に作られていて満足感が高かったです。明るい雰囲気の中でゆっくり味わえ、旅の良いスタートになりました。","","","朝食の種類が豊富で、どれも丁寧に作られていて満足感が高かったです。明るい雰囲気の中でゆっくり味わえ、旅の良いスタートになりました。","","","なねさん","","FALSE","じゃらん","4","2026-03-17","朝食の種類が豊富で、どれも丁寧に作られていて満足感が高かったです。明るい雰囲気の中でゆっくり味わえ、旅の良いスタートになりました。","","","朝食の種類が豊富で、どれも丁寧に作られていて満足感が高かったです。明るい雰囲気の中でゆっくり味わえ、旅の良いスタートになりました。","","","なねさん"
"","FALSE","楽天トラベル","5","2026-03-16","お部屋が可愛く、ちょっとした仕掛けもあって、楽しかったです⭐︎ ローソンがホテルにあるので便利でした！","","","お部屋が可愛く、ちょっとした仕掛けもあって、楽しかったです⭐︎ ローソンがホテルにあるので便利でした！","","","プリン01418","","FALSE","楽天トラベル","5","2026-03-16","お部屋が可愛く、ちょっとした仕掛けもあって、楽しかったです⭐︎ ローソンがホテルにあるので便利でした！","","","お部屋が可愛く、ちょっとした仕掛けもあって、楽しかったです⭐︎ ローソンがホテルにあるので便利でした！","","","プリン01418"
"","FALSE","Trip.com","10","2026-03-16","ディズニーランドにいきましたが、無料シャトルバスがでてたので助かりました！ホテルスタッフさんの対応が親切で部屋も快適で大満足です。また、泊まりたいです","","","ディズニーランドにいきましたが、無料シャトルバスがでてたので助かりました！ホテルスタッフさんの対応が親切で部屋も快適で大満足です。また、泊まりたいです","","","ゲ‍ス‍ト","","FALSE","Trip.com","10","2026-03-16","ディズニーランドにいきましたが、無料シャトルバスがでてたので助かりました！ホテルスタッフさんの対応が親切で部屋も快適で大満足です。また、泊まりたいです","","","ディズニーランドにいきましたが、無料シャトルバスがでてたので助かりました！ホテルスタッフさんの対応が親切で部屋も快適で大満足です。また、泊まりたいです","","","ゲ‍ス‍ト"
"","FALSE","Agoda","10","2026-03-16","部屋も広く、コミュニティもたくさんありとても快適に過ごせました🙆‍♀️ 次行く機会があればまた、泊まりたいです❤️","","","部屋も広く、コミュニティもたくさんありとても快適に過ごせました🙆‍♀️ 次行く機会があればまた、泊まりたいです❤️","","","yusei","","FALSE","Agoda","10","2026-03-16","部屋も広く、コミュニティもたくさんありとても快適に過ごせました🙆‍♀️ 次行く機会があればまた、泊まりたいです❤️","","","部屋も広く、コミュニティもたくさんありとても快適に過ごせました🙆‍♀️ 次行く機会があればまた、泊まりたいです❤️","","","yusei"
"","FALSE","Agoda","8","2026-03-16","ディズニーシーに行く前泊で利用しました。部屋も清潔で、スタッフの感じもよくてよかったです。 駅から少し離れている以外はよかったです。","","","ディズニーシーに行く前泊で利用しました。部屋も清潔で、スタッフの感じもよくてよかったです。 駅から少し離れている以外はよかったです。","","","ERI","","FALSE","Agoda","8","2026-03-16","ディズニーシーに行く前泊で利用しました。部屋も清潔で、スタッフの感じもよくてよかったです。 駅から少し離れている以外はよかったです。","","","ディズニーシーに行く前泊で利用しました。部屋も清潔で、スタッフの感じもよくてよかったです。 駅から少し離れている以外はよかったです。","","","ERI"
"","FALSE","Agoda","10","2026-03-16","1泊だけしたんですがもっと泊まりたいって思うくらい広かったです トイレとお風呂別もすごいありがたいです お風呂もとにかく広くて最高でした またディズニー行った時は泊まりたいです","","","1泊だけしたんですがもっと泊まりたいって思うくらい広かったです トイレとお風呂別もすごいありがたいです お風呂もとにかく広くて最高でした またディズニー行った時は泊まりたいです","","","Chisaki","","FALSE","Agoda","10","2026-03-16","1泊だけしたんですがもっと泊まりたいって思うくらい広かったです トイレとお風呂別もすごいありがたいです お風呂もとにかく広くて最高でした またディズニー行った時は泊まりたいです","","","1泊だけしたんですがもっと泊まりたいって思うくらい広かったです トイレとお風呂別もすごいありがたいです お風呂もとにかく広くて最高でした またディズニー行った時は泊まりたいです","","","Chisaki"
"","FALSE","Booking.com","4","2026-03-15","","","","","","","前山","","FALSE","Booking.com","4","2026-03-15","","","","","","","前山"
"","FALSE","Google","5","2026-03-15","コスパいいですね。風呂トイレ別でベッドは基本的にツイン。大人と同じ数の子供も添い寝無料。朝食はそれなりの品数で美味しかったし。ドリンクサービスあり　コンビニ併設。駐車場あり。1泊1500円。ディズニーに行くのに前後泊。無料シャトルバスで行き帰りも楽でした。部屋にある電子レンジが助かりました。","","","コスパいいですね。風呂トイレ別でベッドは基本的にツイン。大人と同じ数の子供も添い寝無料。朝食はそれなりの品数で美味しかったし。ドリンクサービスあり　コンビニ併設。駐車場あり。1泊1500円。ディズニーに行くのに前後泊。無料シャトルバスで行き帰りも楽でした。部屋にある電子レンジが助かりました。","","","HNルンルン","","FALSE","Google","5","2026-03-15","コスパいいですね。風呂トイレ別でベッドは基本的にツイン。大人と同じ数の子供も添い寝無料。朝食はそれなりの品数で美味しかったし。ドリンクサービスあり　コンビニ併設。駐車場あり。1泊1500円。ディズニーに行くのに前後泊。無料シャトルバスで行き帰りも楽でした。部屋にある電子レンジが助かりました。","","","コスパいいですね。風呂トイレ別でベッドは基本的にツイン。大人と同じ数の子供も添い寝無料。朝食はそれなりの品数で美味しかったし。ドリンクサービスあり　コンビニ併設。駐車場あり。1泊1500円。ディズニーに行くのに前後泊。無料シャトルバスで行き帰りも楽でした。部屋にある電子レンジが助かりました。","","","HNルンルン"
"","FALSE","楽天トラベル","4","2026-03-15","ディズニーシーの前泊で利用しました！いつも別のホテルを利用していますが部屋が取れず、今回初めてこちらを予約しました。金額も手頃でありがたい◎！特に有り難かったのは事前に「２つのベッドをくっ付けて壁に寄せて欲しい」というリクエストを深夜メールしたのですが速攻で返信がきて安心＆感動しました◎（AI返信の内容は完璧でした！）快くベッド配置の準備をしてくださり感謝いたします！駐車場は停めやすく翌日14時まで出入り自由で1,500円なので良心的に感じました◎（さらに節約したい場合はホテルから10分くらい離れた場所に激安駐車場がありますが、我が家は翌日早朝から出発のため時間がないのでこちらの駐車場で充分でした）。個人的な意見ですが、バスタオルなどの場所が分かりづらかったので部屋に入ってすぐにお風呂に入りたい我が家にとっては（チェックインも遅かった為）電話して確認するなどひと手間が発生し残念でした△（タオルもベッドに置いてあるか洗面所の見える場所にあると助かります）。また備え付けのティッシュケースがあるのですが四角い容器にこれでもかと言うほどティッシュが限界パンパンに入っていてそのせいで一枚取り出そうとすると小さく千切れてしまい取れない状態（伝われ）、おそらく清掃の方が都度補充をするのが面倒で規定の容量以上無理やり詰め込んでいるのかな？という感じで残念でした△（千切れて全く取り出せないので容器の裏側を開けてティッシュを少し減らそうと試みたほどです）。幼児用のナイトウエアが無かったです△（うちの子はロングドレスのように大人サイズを着用させてもらいましたw）お部屋にはちょっぴり仕掛けがありお菓子がもらえるサービスがあったので子ども達も喜んでいました◎。翌日のディズニーシーまでは車で20分くらいで到着できます○（私は道を間違えてうっかり葛西まで行ってしまいましたがw）。フロントの対応も良く◎、今回は時間がなく食事無しプランでしたが、時間があれば食事をつけたほうが楽しめそうです。子連れで時間に余裕を持って利用するにはお手頃価格で楽しめる素敵なホテルだと思います！","","","ディズニーシーの前泊で利用しました！いつも別のホテルを利用していますが部屋が取れず、今回初めてこちらを予約しました。金額も手頃でありがたい◎！特に有り難かったのは事前に「２つのベッドをくっ付けて壁に寄せて欲しい」というリクエストを深夜メールしたのですが速攻で返信がきて安心＆感動しました◎（AI返信の内容は完璧でした！）快くベッド配置の準備をしてくださり感謝いたします！駐車場は停めやすく翌日14時まで出入り自由で1,500円なので良心的に感じました◎（さらに節約したい場合はホテルから10分くらい離れた場所に激安駐車場がありますが、我が家は翌日早朝から出発のため時間がないのでこちらの駐車場で充分でした）。個人的な意見ですが、バスタオルなどの場所が分かりづらかったので部屋に入ってすぐにお風呂に入りたい我が家にとっては（チェックインも遅かった為）電話して確認するなどひと手間が発生し残念でした△（タオルもベッドに置いてあるか洗面所の見える場所にあると助かります）。また備え付けのティッシュケースがあるのですが四角い容器にこれでもかと言うほどティッシュが限界パンパンに入っていてそのせいで一枚取り出そうとすると小さく千切れてしまい取れない状態（伝われ）、おそらく清掃の方が都度補充をするのが面倒で規定の容量以上無理やり詰め込んでいるのかな？という感じで残念でした△（千切れて全く取り出せないので容器の裏側を開けてティッシュを少し減らそうと試みたほどです）。幼児用のナイトウエアが無かったです△（うちの子はロングドレスのように大人サイズを着用させてもらいましたw）お部屋にはちょっぴり仕掛けがありお菓子がもらえるサービスがあったので子ども達も喜んでいました◎。翌日のディズニーシーまでは車で20分くらいで到着できます○（私は道を間違えてうっかり葛西まで行ってしまいましたがw）。フロントの対応も良く◎、今回は時間がなく食事無しプランでしたが、時間があれば食事をつけたほうが楽しめそうです。子連れで時間に余裕を持って利用するにはお手頃価格で楽しめる素敵なホテルだと思います！","","","sumissi","","FALSE","楽天トラベル","4","2026-03-15","ディズニーシーの前泊で利用しました！いつも別のホテルを利用していますが部屋が取れず、今回初めてこちらを予約しました。金額も手頃でありがたい◎！特に有り難かったのは事前に「２つのベッドをくっ付けて壁に寄せて欲しい」というリクエストを深夜メールしたのですが速攻で返信がきて安心＆感動しました◎（AI返信の内容は完璧でした！）快くベッド配置の準備をしてくださり感謝いたします！駐車場は停めやすく翌日14時まで出入り自由で1,500円なので良心的に感じました◎（さらに節約したい場合はホテルから10分くらい離れた場所に激安駐車場がありますが、我が家は翌日早朝から出発のため時間がないのでこちらの駐車場で充分でした）。個人的な意見ですが、バスタオルなどの場所が分かりづらかったので部屋に入ってすぐにお風呂に入りたい我が家にとっては（チェックインも遅かった為）電話して確認するなどひと手間が発生し残念でした△（タオルもベッドに置いてあるか洗面所の見える場所にあると助かります）。また備え付けのティッシュケースがあるのですが四角い容器にこれでもかと言うほどティッシュが限界パンパンに入っていてそのせいで一枚取り出そうとすると小さく千切れてしまい取れない状態（伝われ）、おそらく清掃の方が都度補充をするのが面倒で規定の容量以上無理やり詰め込んでいるのかな？という感じで残念でした△（千切れて全く取り出せないので容器の裏側を開けてティッシュを少し減らそうと試みたほどです）。幼児用のナイトウエアが無かったです△（うちの子はロングドレスのように大人サイズを着用させてもらいましたw）お部屋にはちょっぴり仕掛けがありお菓子がもらえるサービスがあったので子ども達も喜んでいました◎。翌日のディズニーシーまでは車で20分くらいで到着できます○（私は道を間違えてうっかり葛西まで行ってしまいましたがw）。フロントの対応も良く◎、今回は時間がなく食事無しプランでしたが、時間があれば食事をつけたほうが楽しめそうです。子連れで時間に余裕を持って利用するにはお手頃価格で楽しめる素敵なホテルだと思います！","","","ディズニーシーの前泊で利用しました！いつも別のホテルを利用していますが部屋が取れず、今回初めてこちらを予約しました。金額も手頃でありがたい◎！特に有り難かったのは事前に「２つのベッドをくっ付けて壁に寄せて欲しい」というリクエストを深夜メールしたのですが速攻で返信がきて安心＆感動しました◎（AI返信の内容は完璧でした！）快くベッド配置の準備をしてくださり感謝いたします！駐車場は停めやすく翌日14時まで出入り自由で1,500円なので良心的に感じました◎（さらに節約したい場合はホテルから10分くらい離れた場所に激安駐車場がありますが、我が家は翌日早朝から出発のため時間がないのでこちらの駐車場で充分でした）。個人的な意見ですが、バスタオルなどの場所が分かりづらかったので部屋に入ってすぐにお風呂に入りたい我が家にとっては（チェックインも遅かった為）電話して確認するなどひと手間が発生し残念でした△（タオルもベッドに置いてあるか洗面所の見える場所にあると助かります）。また備え付けのティッシュケースがあるのですが四角い容器にこれでもかと言うほどティッシュが限界パンパンに入っていてそのせいで一枚取り出そうとすると小さく千切れてしまい取れない状態（伝われ）、おそらく清掃の方が都度補充をするのが面倒で規定の容量以上無理やり詰め込んでいるのかな？という感じで残念でした△（千切れて全く取り出せないので容器の裏側を開けてティッシュを少し減らそうと試みたほどです）。幼児用のナイトウエアが無かったです△（うちの子はロングドレスのように大人サイズを着用させてもらいましたw）お部屋にはちょっぴり仕掛けがありお菓子がもらえるサービスがあったので子ども達も喜んでいました◎。翌日のディズニーシーまでは車で20分くらいで到着できます○（私は道を間違えてうっかり葛西まで行ってしまいましたがw）。フロントの対応も良く◎、今回は時間がなく食事無しプランでしたが、時間があれば食事をつけたほうが楽しめそうです。子連れで時間に余裕を持って利用するにはお手頃価格で楽しめる素敵なホテルだと思います！","","","sumissi"
"","FALSE","楽天トラベル","5","2026-03-14","施設は本当に綺麗で部屋も風呂も広くて、ディズニーへの無料送迎もあって良かったです。コンビニ直結も有難いです。朝食は品数がそこまで多く無いですが、キッズメニューは充実してるので子連れには良かったです。ありがとうございました。 ","","","施設は本当に綺麗で部屋も風呂も広くて、ディズニーへの無料送迎もあって良かったです。コンビニ直結も有難いです。朝食は品数がそこまで多く無いですが、キッズメニューは充実してるので子連れには良かったです。ありがとうございました。 ","","","msa462u","","FALSE","楽天トラベル","5","2026-03-14","施設は本当に綺麗で部屋も風呂も広くて、ディズニーへの無料送迎もあって良かったです。コンビニ直結も有難いです。朝食は品数がそこまで多く無いですが、キッズメニューは充実してるので子連れには良かったです。ありがとうございました。 ","","","施設は本当に綺麗で部屋も風呂も広くて、ディズニーへの無料送迎もあって良かったです。コンビニ直結も有難いです。朝食は品数がそこまで多く無いですが、キッズメニューは充実してるので子連れには良かったです。ありがとうございました。 ","","","msa462u"
"","FALSE","Booking.com","10","2026-03-14","","","","","","","Kanade","","FALSE","Booking.com","10","2026-03-14","","","","","","","Kanade"
"","FALSE","楽天トラベル","5","2026-03-13","ホテル行きのバスがあるので、駅から迷うことなく着きました。部屋もとても綺麗でまた機会があれば泊まりたいと思います。","","","ホテル行きのバスがあるので、駅から迷うことなく着きました。部屋もとても綺麗でまた機会があれば泊まりたいと思います。","","","きゅきゅち","","FALSE","楽天トラベル","5","2026-03-13","ホテル行きのバスがあるので、駅から迷うことなく着きました。部屋もとても綺麗でまた機会があれば泊まりたいと思います。","","","ホテル行きのバスがあるので、駅から迷うことなく着きました。部屋もとても綺麗でまた機会があれば泊まりたいと思います。","","","きゅきゅち"
"","FALSE","楽天トラベル","5","2026-03-13","2026/3に1泊しました。ディズニー旅行で以前お世話になって良かったのでリピートです。 家族4人(子供２人)で、部屋も広く子供たちも満足。お風呂も広く洗い場があるタイプなので子供たちとゆっくりお風呂入れます。 アメニティも十分でした。 コンセントも比較的多い方でUSBもあったので携帯、モバイルバッテリーの充電も大丈夫でした。 複数電子機器あるならタコ足コンセント待って行けば問題なし(我が家は多いので延長コードタイプのタコ足持参) ベッドも広いので寝相の悪い子供たちでも大丈夫。 コンビニ併設がありがたいです。写真プリントして翌日のグリーティングで使えるのも嬉しい。 ディズニーから少し遠いですがバスで20分くらいなら特に不便なく、朝早くディズニー並ぶならタクシーを予約しておけば大丈夫。 また、お世話になりたいなと思ってます。","","","2026/3に1泊しました。ディズニー旅行で以前お世話になって良かったのでリピートです。 家族4人(子供２人)で、部屋も広く子供たちも満足。お風呂も広く洗い場があるタイプなので子供たちとゆっくりお風呂入れます。 アメニティも十分でした。 コンセントも比較的多い方でUSBもあったので携帯、モバイルバッテリーの充電も大丈夫でした。 複数電子機器あるならタコ足コンセント待って行けば問題なし(我が家は多いので延長コードタイプのタコ足持参) ベッドも広いので寝相の悪い子供たちでも大丈夫。 コンビニ併設がありがたいです。写真プリントして翌日のグリーティングで使えるのも嬉しい。 ディズニーから少し遠いですがバスで20分くらいなら特に不便なく、朝早くディズニー並ぶならタクシーを予約しておけば大丈夫。 また、お世話になりたいなと思ってます。","","","りぴーたー","","FALSE","楽天トラベル","5","2026-03-13","2026/3に1泊しました。ディズニー旅行で以前お世話になって良かったのでリピートです。 家族4人(子供２人)で、部屋も広く子供たちも満足。お風呂も広く洗い場があるタイプなので子供たちとゆっくりお風呂入れます。 アメニティも十分でした。 コンセントも比較的多い方でUSBもあったので携帯、モバイルバッテリーの充電も大丈夫でした。 複数電子機器あるならタコ足コンセント待って行けば問題なし(我が家は多いので延長コードタイプのタコ足持参) ベッドも広いので寝相の悪い子供たちでも大丈夫。 コンビニ併設がありがたいです。写真プリントして翌日のグリーティングで使えるのも嬉しい。 ディズニーから少し遠いですがバスで20分くらいなら特に不便なく、朝早くディズニー並ぶならタクシーを予約しておけば大丈夫。 また、お世話になりたいなと思ってます。","","","2026/3に1泊しました。ディズニー旅行で以前お世話になって良かったのでリピートです。 家族4人(子供２人)で、部屋も広く子供たちも満足。お風呂も広く洗い場があるタイプなので子供たちとゆっくりお風呂入れます。 アメニティも十分でした。 コンセントも比較的多い方でUSBもあったので携帯、モバイルバッテリーの充電も大丈夫でした。 複数電子機器あるならタコ足コンセント待って行けば問題なし(我が家は多いので延長コードタイプのタコ足持参) ベッドも広いので寝相の悪い子供たちでも大丈夫。 コンビニ併設がありがたいです。写真プリントして翌日のグリーティングで使えるのも嬉しい。 ディズニーから少し遠いですがバスで20分くらいなら特に不便なく、朝早くディズニー並ぶならタクシーを予約しておけば大丈夫。 また、お世話になりたいなと思ってます。","","","りぴーたー"
"","FALSE","じゃらん","5","2026-03-13","ディズニー旅行にて宿泊させていただきました。  最終シャトルバスで帰り晩御飯を部屋でゆっくり食べる事ができました。スタッフの方々もご丁寧で愛想良くとても良かったです","","","ディズニー旅行にて宿泊させていただきました。  最終シャトルバスで帰り晩御飯を部屋でゆっくり食べる事ができました。スタッフの方々もご丁寧で愛想良くとても良かったです","","","舞さん","","FALSE","じゃらん","5","2026-03-13","ディズニー旅行にて宿泊させていただきました。  最終シャトルバスで帰り晩御飯を部屋でゆっくり食べる事ができました。スタッフの方々もご丁寧で愛想良くとても良かったです","","","ディズニー旅行にて宿泊させていただきました。  最終シャトルバスで帰り晩御飯を部屋でゆっくり食べる事ができました。スタッフの方々もご丁寧で愛想良くとても良かったです","","","舞さん"
"","FALSE","楽天トラベル","4","2026-03-12","親子3世代で宿泊しました。ディズニーランドから、無料の送迎バスが出ていますが、2100発のバスは結構混んでいて立っている方もいましたが、座ることができました。ホテルの内装やサービスはとてもいい！朝食もとても美味しく、子どもが食べやすいものや楽しめるブースもあって良かったです。","","","親子3世代で宿泊しました。ディズニーランドから、無料の送迎バスが出ていますが、2100発のバスは結構混んでいて立っている方もいましたが、座ることができました。ホテルの内装やサービスはとてもいい！朝食もとても美味しく、子どもが食べやすいものや楽しめるブースもあって良かったです。","","","チーズだいすき","","FALSE","楽天トラベル","4","2026-03-12","親子3世代で宿泊しました。ディズニーランドから、無料の送迎バスが出ていますが、2100発のバスは結構混んでいて立っている方もいましたが、座ることができました。ホテルの内装やサービスはとてもいい！朝食もとても美味しく、子どもが食べやすいものや楽しめるブースもあって良かったです。","","","親子3世代で宿泊しました。ディズニーランドから、無料の送迎バスが出ていますが、2100発のバスは結構混んでいて立っている方もいましたが、座ることができました。ホテルの内装やサービスはとてもいい！朝食もとても美味しく、子どもが食べやすいものや楽しめるブースもあって良かったです。","","","チーズだいすき"
"","FALSE","じゃらん","4","2026-03-12","大人2人、中学生1人、小学生1人、幼児1人、で泊まりました。部屋は十分な広さがあり、ベッドも困ることなく泊まれました。","","","大人2人、中学生1人、小学生1人、幼児1人、で泊まりました。部屋は十分な広さがあり、ベッドも困ることなく泊まれました。","","","ネコネコマルマルさん","","FALSE","じゃらん","4","2026-03-12","大人2人、中学生1人、小学生1人、幼児1人、で泊まりました。部屋は十分な広さがあり、ベッドも困ることなく泊まれました。","","","大人2人、中学生1人、小学生1人、幼児1人、で泊まりました。部屋は十分な広さがあり、ベッドも困ることなく泊まれました。","","","ネコネコマルマルさん"
"","FALSE","じゃらん","5","2026-03-12","未就学児3人を連れてディズニー旅行で利用しました。子連れに優しく、朝のビッフェも子連れが多く、コンビニもホテル内にありとっても利用しやすかったです。","","","未就学児3人を連れてディズニー旅行で利用しました。子連れに優しく、朝のビッフェも子連れが多く、コンビニもホテル内にありとっても利用しやすかったです。","","","みみんまさん","","FALSE","じゃらん","5","2026-03-12","未就学児3人を連れてディズニー旅行で利用しました。子連れに優しく、朝のビッフェも子連れが多く、コンビニもホテル内にありとっても利用しやすかったです。","","","未就学児3人を連れてディズニー旅行で利用しました。子連れに優しく、朝のビッフェも子連れが多く、コンビニもホテル内にありとっても利用しやすかったです。","","","みみんまさん"
"","FALSE","じゃらん","5","2026-03-12","子どもの事を考えているホテルなので、親としては利用しやすいです。  ディズニーからはバスで移動になりますが、移動時間は掛かります。  ただ金額は時期によっては抑えられるのでオススメです。","","","子どもの事を考えているホテルなので、親としては利用しやすいです。  ディズニーからはバスで移動になりますが、移動時間は掛かります。  ただ金額は時期によっては抑えられるのでオススメです。","","","skanazawaさん","","FALSE","じゃらん","5","2026-03-12","子どもの事を考えているホテルなので、親としては利用しやすいです。  ディズニーからはバスで移動になりますが、移動時間は掛かります。  ただ金額は時期によっては抑えられるのでオススメです。","","","子どもの事を考えているホテルなので、親としては利用しやすいです。  ディズニーからはバスで移動になりますが、移動時間は掛かります。  ただ金額は時期によっては抑えられるのでオススメです。","","","skanazawaさん"
"","FALSE","Booking.com","10","2026-03-11","","The rooms where very large(hard to find in Tokyo), always very clean. Staff are beyond friendly and happy to help. All facilities are excellent, free coffee downstairs and amenities. Super quiet area and a nice break from the bustling city of Tokyo","Only bad thing is it does take quite some time to get from the city to the hotel and often found ourselves getting Ubers which added up after a while. There is a bus that runs straight from the train station to a street over from the hotel which is good in return","","部屋はとても広く（東京ではなかなか見かけない）、いつも清潔でした。スタッフはとてもフレンドリーで、喜んで手伝ってくれます。設備も充実していて、階下には無料のコーヒーとアメニティがあります。とても静かなエリアで、賑やかな東京の街から離れてゆっくり過ごせます。","唯一の難点は、市内からホテルまでかなり時間がかかることで、Uberを利用することが多く、料金がかさんでしまうことが多かった。その代わり、駅からホテルのすぐ近くの通りまで直通バスが出ているので便利だ。","Lachlan","","FALSE","Booking.com","10","2026-03-11","","The rooms where very large(hard to find in Tokyo), always very clean. Staff are beyond friendly and happy to help. All facilities are excellent, free coffee downstairs and amenities. Super quiet area and a nice break from the bustling city of Tokyo","Only bad thing is it does take quite some time to get from the city to the hotel and often found ourselves getting Ubers which added up after a while. There is a bus that runs straight from the train station to a street over from the hotel which is good in return","","部屋はとても広く（東京ではなかなか見かけない）、いつも清潔でした。スタッフはとてもフレンドリーで、喜んで手伝ってくれます。設備も充実していて、階下には無料のコーヒーとアメニティがあります。とても静かなエリアで、賑やかな東京の街から離れてゆっくり過ごせます。","唯一の難点は、市内からホテルまでかなり時間がかかることで、Uberを利用することが多く、料金がかさんでしまうことが多かった。その代わり、駅からホテルのすぐ近くの通りまで直通バスが出ているので便利だ。","Lachlan"
"","FALSE","楽天トラベル","5","2026-03-11","お部屋もキレイで快適に過ごせて、ディズニーリゾートへの送迎バスも大変有り難く、便利で最高に楽しむ事ができました。 朝食バイキングも沢山ご飯があり、お腹いっぱい食べてしまいました。 子供にも優しく接してくださり嬉しかったです。 ぜひまた利用したいです！！","","","お部屋もキレイで快適に過ごせて、ディズニーリゾートへの送迎バスも大変有り難く、便利で最高に楽しむ事ができました。 朝食バイキングも沢山ご飯があり、お腹いっぱい食べてしまいました。 子供にも優しく接してくださり嬉しかったです。 ぜひまた利用したいです！！","","","不明","","FALSE","楽天トラベル","5","2026-03-11","お部屋もキレイで快適に過ごせて、ディズニーリゾートへの送迎バスも大変有り難く、便利で最高に楽しむ事ができました。 朝食バイキングも沢山ご飯があり、お腹いっぱい食べてしまいました。 子供にも優しく接してくださり嬉しかったです。 ぜひまた利用したいです！！","","","お部屋もキレイで快適に過ごせて、ディズニーリゾートへの送迎バスも大変有り難く、便利で最高に楽しむ事ができました。 朝食バイキングも沢山ご飯があり、お腹いっぱい食べてしまいました。 子供にも優しく接してくださり嬉しかったです。 ぜひまた利用したいです！！","","","不明"
"","FALSE","Trip.com","10","2026-03-11","すてきなホテルでしたありがとうございました","","","すてきなホテルでしたありがとうございました","","","ゲ‍ス‍ト","","FALSE","Trip.com","10","2026-03-11","すてきなホテルでしたありがとうございました","","","すてきなホテルでしたありがとうございました","","","ゲ‍ス‍ト"
"","FALSE","Agoda","9","2026-03-11","トイレとお風呂場が分かれているのが個人的にとても気に入り予約しました。フロントの方は優しい笑顔で案内してくれました。直通のローソンがあったり、チェックアウト後も荷物を預かって頂けたりしてとても助かりました。お部屋も綺麗だし、パズルの模様も遊び心があって素敵です♪ただヘアアイロンの貸し出しは、直接お伺いはしていませんが調べたところ無さそうだったので注意です！お水は1階にレモンウォーター等々用意されているのと、洗面台に飲み水としても利用できますと書いてあるので安心して飲めました。コンセントもところどころ設置されていたり、ベッドのところにちょこっと物がおける窪みが用意されていたりしたのも便利でした。","","","トイレとお風呂場が分かれているのが個人的にとても気に入り予約しました。フロントの方は優しい笑顔で案内してくれました。直通のローソンがあったり、チェックアウト後も荷物を預かって頂けたりしてとても助かりました。お部屋も綺麗だし、パズルの模様も遊び心があって素敵です♪ただヘアアイロンの貸し出しは、直接お伺いはしていませんが調べたところ無さそうだったので注意です！お水は1階にレモンウォーター等々用意されているのと、洗面台に飲み水としても利用できますと書いてあるので安心して飲めました。コンセントもところどころ設置されていたり、ベッドのところにちょこっと物がおける窪みが用意されていたりしたのも便利でした。","","","chinatsu","","FALSE","Agoda","9","2026-03-11","トイレとお風呂場が分かれているのが個人的にとても気に入り予約しました。フロントの方は優しい笑顔で案内してくれました。直通のローソンがあったり、チェックアウト後も荷物を預かって頂けたりしてとても助かりました。お部屋も綺麗だし、パズルの模様も遊び心があって素敵です♪ただヘアアイロンの貸し出しは、直接お伺いはしていませんが調べたところ無さそうだったので注意です！お水は1階にレモンウォーター等々用意されているのと、洗面台に飲み水としても利用できますと書いてあるので安心して飲めました。コンセントもところどころ設置されていたり、ベッドのところにちょこっと物がおける窪みが用意されていたりしたのも便利でした。","","","トイレとお風呂場が分かれているのが個人的にとても気に入り予約しました。フロントの方は優しい笑顔で案内してくれました。直通のローソンがあったり、チェックアウト後も荷物を預かって頂けたりしてとても助かりました。お部屋も綺麗だし、パズルの模様も遊び心があって素敵です♪ただヘアアイロンの貸し出しは、直接お伺いはしていませんが調べたところ無さそうだったので注意です！お水は1階にレモンウォーター等々用意されているのと、洗面台に飲み水としても利用できますと書いてあるので安心して飲めました。コンセントもところどころ設置されていたり、ベッドのところにちょこっと物がおける窪みが用意されていたりしたのも便利でした。","","","chinatsu"
"","FALSE","じゃらん","4","2026-03-11","久しぶりにディズニーに行く為、家族4人(小学生2人)で3泊しました。  ディズニーへの送迎バスがある、お風呂に洗い場があること、コンビニがあること、小学生まで添い寝無料、ベッドが大きい、レンジがある、などなど、とても好条件なのでこちらに決めました。  とても快適に過ごせたし、子どもたちも大喜び！  これからもぜひこちらに泊まりに行きたいですが…  気になることが２つだけありました。  まずは、送迎バスが21時半くらいで終わること。  ギリギリまでディズニーて遊び尽くしたい私たちにとって、21時半最終は早過ぎました。  それともう１つは、4日間同じパジャマを着続けなければならなかったこと。  清掃のないエコプランだったのですが、パジャマまで替えがないとは思わず、毎日着替えたい我が家にとって衝撃でした。  フロントの方に聞いても、そういうプランなので貸し出しはありません、とのこと。  それなら、説明のところに分かりやすくパジャマの替えはないと記載して頂けると助かります。","","","久しぶりにディズニーに行く為、家族4人(小学生2人)で3泊しました。  ディズニーへの送迎バスがある、お風呂に洗い場があること、コンビニがあること、小学生まで添い寝無料、ベッドが大きい、レンジがある、などなど、とても好条件なのでこちらに決めました。  とても快適に過ごせたし、子どもたちも大喜び！  これからもぜひこちらに泊まりに行きたいですが…  気になることが２つだけありました。  まずは、送迎バスが21時半くらいで終わること。  ギリギリまでディズニーて遊び尽くしたい私たちにとって、21時半最終は早過ぎました。  それともう１つは、4日間同じパジャマを着続けなければならなかったこと。  清掃のないエコプランだったのですが、パジャマまで替えがないとは思わず、毎日着替えたい我が家にとって衝撃でした。  フロントの方に聞いても、そういうプランなので貸し出しはありません、とのこと。  それなら、説明のところに分かりやすくパジャマの替えはないと記載して頂けると助かります。","","","なみさん","","FALSE","じゃらん","4","2026-03-11","久しぶりにディズニーに行く為、家族4人(小学生2人)で3泊しました。  ディズニーへの送迎バスがある、お風呂に洗い場があること、コンビニがあること、小学生まで添い寝無料、ベッドが大きい、レンジがある、などなど、とても好条件なのでこちらに決めました。  とても快適に過ごせたし、子どもたちも大喜び！  これからもぜひこちらに泊まりに行きたいですが…  気になることが２つだけありました。  まずは、送迎バスが21時半くらいで終わること。  ギリギリまでディズニーて遊び尽くしたい私たちにとって、21時半最終は早過ぎました。  それともう１つは、4日間同じパジャマを着続けなければならなかったこと。  清掃のないエコプランだったのですが、パジャマまで替えがないとは思わず、毎日着替えたい我が家にとって衝撃でした。  フロントの方に聞いても、そういうプランなので貸し出しはありません、とのこと。  それなら、説明のところに分かりやすくパジャマの替えはないと記載して頂けると助かります。","","","久しぶりにディズニーに行く為、家族4人(小学生2人)で3泊しました。  ディズニーへの送迎バスがある、お風呂に洗い場があること、コンビニがあること、小学生まで添い寝無料、ベッドが大きい、レンジがある、などなど、とても好条件なのでこちらに決めました。  とても快適に過ごせたし、子どもたちも大喜び！  これからもぜひこちらに泊まりに行きたいですが…  気になることが２つだけありました。  まずは、送迎バスが21時半くらいで終わること。  ギリギリまでディズニーて遊び尽くしたい私たちにとって、21時半最終は早過ぎました。  それともう１つは、4日間同じパジャマを着続けなければならなかったこと。  清掃のないエコプランだったのですが、パジャマまで替えがないとは思わず、毎日着替えたい我が家にとって衝撃でした。  フロントの方に聞いても、そういうプランなので貸し出しはありません、とのこと。  それなら、説明のところに分かりやすくパジャマの替えはないと記載して頂けると助かります。","","","なみさん"
"","FALSE","楽天トラベル","5","2026-03-10","3歳4歳の子供を連れて泊まりました。小さいキッズスペースがあったり、ウェルカムドリンクをゆっくり飲めるスペースがあったりととても過ごしやすかったです。バイキングも美味しく、部屋も綺麗でまた利用したいです。","","","3歳4歳の子供を連れて泊まりました。小さいキッズスペースがあったり、ウェルカムドリンクをゆっくり飲めるスペースがあったりととても過ごしやすかったです。バイキングも美味しく、部屋も綺麗でまた利用したいです。","","","子供ふたりママ","","FALSE","楽天トラベル","5","2026-03-10","3歳4歳の子供を連れて泊まりました。小さいキッズスペースがあったり、ウェルカムドリンクをゆっくり飲めるスペースがあったりととても過ごしやすかったです。バイキングも美味しく、部屋も綺麗でまた利用したいです。","","","3歳4歳の子供を連れて泊まりました。小さいキッズスペースがあったり、ウェルカムドリンクをゆっくり飲めるスペースがあったりととても過ごしやすかったです。バイキングも美味しく、部屋も綺麗でまた利用したいです。","","","子供ふたりママ"
"","FALSE","Agoda","10","2026-03-10","部屋がとても広く荷物が沢山あっても 置き場所に困らないほどです！ ベットも大きくて最高な寝心地です！","","","部屋がとても広く荷物が沢山あっても 置き場所に困らないほどです！ ベットも大きくて最高な寝心地です！","","","noriko","","FALSE","Agoda","10","2026-03-10","部屋がとても広く荷物が沢山あっても 置き場所に困らないほどです！ ベットも大きくて最高な寝心地です！","","","部屋がとても広く荷物が沢山あっても 置き場所に困らないほどです！ ベットも大きくて最高な寝心地です！","","","noriko"
"","FALSE","Trip.com","9","2026-03-09","とても綺麗でよかった","","","とても綺麗でよかった","","","ゲ‍ス‍ト","","FALSE","Trip.com","9","2026-03-09","とても綺麗でよかった","","","とても綺麗でよかった","","","ゲ‍ス‍ト"
"","FALSE","Trip.com","10","2026-03-09","房間大，很乾淨 早餐好吃。去迪士尼的話是不錯的選擇","","","部屋は広々としていてとても清潔でした。朝食も美味しかったです。ディズニーランドに行くなら、ここは最高の選択肢です。","","","ゲ‍ス‍ト","","FALSE","Trip.com","10","2026-03-09","房間大，很乾淨 早餐好吃。去迪士尼的話是不錯的選擇","","","部屋は広々としていてとても清潔でした。朝食も美味しかったです。ディズニーランドに行くなら、ここは最高の選択肢です。","","","ゲ‍ス‍ト"
"","FALSE","楽天トラベル","4","2026-03-09","夫婦と子ども(3才)で利用しました。お風呂も綺麗で明るく子どもと一緒に入ってもリフレッシュできました！お部屋も広く、ベットも二台くっつけて頂いていてとても助かりました😊オンラインでチェックイン、チェックアウトもできて並んだりせず、スムーズでした。 お部屋も広くディズニーにも近いのでぜひまた利用したいです！ありがとうございました！","","","夫婦と子ども(3才)で利用しました。お風呂も綺麗で明るく子どもと一緒に入ってもリフレッシュできました！お部屋も広く、ベットも二台くっつけて頂いていてとても助かりました😊オンラインでチェックイン、チェックアウトもできて並んだりせず、スムーズでした。 お部屋も広くディズニーにも近いのでぜひまた利用したいです！ありがとうございました！","","","ぽちゃっこ86","","FALSE","楽天トラベル","4","2026-03-09","夫婦と子ども(3才)で利用しました。お風呂も綺麗で明るく子どもと一緒に入ってもリフレッシュできました！お部屋も広く、ベットも二台くっつけて頂いていてとても助かりました😊オンラインでチェックイン、チェックアウトもできて並んだりせず、スムーズでした。 お部屋も広くディズニーにも近いのでぜひまた利用したいです！ありがとうございました！","","","夫婦と子ども(3才)で利用しました。お風呂も綺麗で明るく子どもと一緒に入ってもリフレッシュできました！お部屋も広く、ベットも二台くっつけて頂いていてとても助かりました😊オンラインでチェックイン、チェックアウトもできて並んだりせず、スムーズでした。 お部屋も広くディズニーにも近いのでぜひまた利用したいです！ありがとうございました！","","","ぽちゃっこ86"
"","FALSE","じゃらん","4","2026-03-09","パークへは少し時間がかかりますがシャトルバスがあるので便利です。洗い場付きのお風呂なのでとてもいいです！","","","パークへは少し時間がかかりますがシャトルバスがあるので便利です。洗い場付きのお風呂なのでとてもいいです！","","","ファミさん","","FALSE","じゃらん","4","2026-03-09","パークへは少し時間がかかりますがシャトルバスがあるので便利です。洗い場付きのお風呂なのでとてもいいです！","","","パークへは少し時間がかかりますがシャトルバスがあるので便利です。洗い場付きのお風呂なのでとてもいいです！","","","ファミさん"
"","FALSE","じゃらん","4","2026-03-09","ディズニーまでの近さもバスの送迎も最高。  チェックインが並ばなければさらに最高。  次も泊まってみたいと思った","","","ディズニーまでの近さもバスの送迎も最高。  チェックインが並ばなければさらに最高。  次も泊まってみたいと思った","","","Daveさん","","FALSE","じゃらん","4","2026-03-09","ディズニーまでの近さもバスの送迎も最高。  チェックインが並ばなければさらに最高。  次も泊まってみたいと思った","","","ディズニーまでの近さもバスの送迎も最高。  チェックインが並ばなければさらに最高。  次も泊まってみたいと思った","","","Daveさん"
"","FALSE","じゃらん","5","2026-03-09","ディズニー旅行のため2泊利用しました。  風呂トイレ別、朝食は子供が喜ぶ内容で子連れには最高でした。  コンビニも外に出ることなくあるので便利でした！  宿泊代が安いのにコスパ最高宿！今後もまた利用します！","","","ディズニー旅行のため2泊利用しました。  風呂トイレ別、朝食は子供が喜ぶ内容で子連れには最高でした。  コンビニも外に出ることなくあるので便利でした！  宿泊代が安いのにコスパ最高宿！今後もまた利用します！","","","まきさん","","FALSE","じゃらん","5","2026-03-09","ディズニー旅行のため2泊利用しました。  風呂トイレ別、朝食は子供が喜ぶ内容で子連れには最高でした。  コンビニも外に出ることなくあるので便利でした！  宿泊代が安いのにコスパ最高宿！今後もまた利用します！","","","ディズニー旅行のため2泊利用しました。  風呂トイレ別、朝食は子供が喜ぶ内容で子連れには最高でした。  コンビニも外に出ることなくあるので便利でした！  宿泊代が安いのにコスパ最高宿！今後もまた利用します！","","","まきさん"
"","FALSE","じゃらん","5","2026-03-09","お掃除が行き届いててコンビニもあり、ウエルカムドリンクも有り最高  また、孫と一緒にお泊まりに行きたいです。","","","お掃除が行き届いててコンビニもあり、ウエルカムドリンクも有り最高  また、孫と一緒にお泊まりに行きたいです。","","","えみこさん","","FALSE","じゃらん","5","2026-03-09","お掃除が行き届いててコンビニもあり、ウエルカムドリンクも有り最高  また、孫と一緒にお泊まりに行きたいです。","","","お掃除が行き届いててコンビニもあり、ウエルカムドリンクも有り最高  また、孫と一緒にお泊まりに行きたいです。","","","えみこさん"
"","FALSE","じゃらん","5","2026-03-09","2回目の宿泊でした。ディズニー帰りでヘトヘトのところ、部屋風呂なのに洗い場が広く、子ども2人がのびのびゆったり入れて良かったです。  朝食は子どもにはパラダイスですが、大人は少し物足りないかも。  ディズニーからのバスが座れたら、言うことないのですが、仕方ないかな。","","","2回目の宿泊でした。ディズニー帰りでヘトヘトのところ、部屋風呂なのに洗い場が広く、子ども2人がのびのびゆったり入れて良かったです。  朝食は子どもにはパラダイスですが、大人は少し物足りないかも。  ディズニーからのバスが座れたら、言うことないのですが、仕方ないかな。","","","あゆりんさん","","FALSE","じゃらん","5","2026-03-09","2回目の宿泊でした。ディズニー帰りでヘトヘトのところ、部屋風呂なのに洗い場が広く、子ども2人がのびのびゆったり入れて良かったです。  朝食は子どもにはパラダイスですが、大人は少し物足りないかも。  ディズニーからのバスが座れたら、言うことないのですが、仕方ないかな。","","","2回目の宿泊でした。ディズニー帰りでヘトヘトのところ、部屋風呂なのに洗い場が広く、子ども2人がのびのびゆったり入れて良かったです。  朝食は子どもにはパラダイスですが、大人は少し物足りないかも。  ディズニーからのバスが座れたら、言うことないのですが、仕方ないかな。","","","あゆりんさん"
"","FALSE","じゃらん","4","2026-03-09","皆さんの口コミを見て、とても楽しみに訪れました！  お部屋は綺麗でベッド大きい!!  お風呂や洗面所も清潔でした。  チェックイン・アウトの際もすぐに声を掛けていただき、とても居心地が良かったです。  ただ、、、  朝食がちょっと残念でした。  HPに載ってるケーキや小鉢がなく、サラダも野菜のみ。  期待していただけに家族も、  「ちょっと違ったね」と。  混んでいる時間帯だったから、仕方なかったのかもしれません。  でも子どもは添い寝無料でお得だし、コンビニもあってとても良かったです。  ロビーには自由に読める絵本や雑誌がたくさんありました！  また機会があれば利用したいです。","","","皆さんの口コミを見て、とても楽しみに訪れました！  お部屋は綺麗でベッド大きい!!  お風呂や洗面所も清潔でした。  チェックイン・アウトの際もすぐに声を掛けていただき、とても居心地が良かったです。  ただ、、、  朝食がちょっと残念でした。  HPに載ってるケーキや小鉢がなく、サラダも野菜のみ。  期待していただけに家族も、  「ちょっと違ったね」と。  混んでいる時間帯だったから、仕方なかったのかもしれません。  でも子どもは添い寝無料でお得だし、コンビニもあってとても良かったです。  ロビーには自由に読める絵本や雑誌がたくさんありました！  また機会があれば利用したいです。","","","ゆっこさん","","FALSE","じゃらん","4","2026-03-09","皆さんの口コミを見て、とても楽しみに訪れました！  お部屋は綺麗でベッド大きい!!  お風呂や洗面所も清潔でした。  チェックイン・アウトの際もすぐに声を掛けていただき、とても居心地が良かったです。  ただ、、、  朝食がちょっと残念でした。  HPに載ってるケーキや小鉢がなく、サラダも野菜のみ。  期待していただけに家族も、  「ちょっと違ったね」と。  混んでいる時間帯だったから、仕方なかったのかもしれません。  でも子どもは添い寝無料でお得だし、コンビニもあってとても良かったです。  ロビーには自由に読める絵本や雑誌がたくさんありました！  また機会があれば利用したいです。","","","皆さんの口コミを見て、とても楽しみに訪れました！  お部屋は綺麗でベッド大きい!!  お風呂や洗面所も清潔でした。  チェックイン・アウトの際もすぐに声を掛けていただき、とても居心地が良かったです。  ただ、、、  朝食がちょっと残念でした。  HPに載ってるケーキや小鉢がなく、サラダも野菜のみ。  期待していただけに家族も、  「ちょっと違ったね」と。  混んでいる時間帯だったから、仕方なかったのかもしれません。  でも子どもは添い寝無料でお得だし、コンビニもあってとても良かったです。  ロビーには自由に読める絵本や雑誌がたくさんありました！  また機会があれば利用したいです。","","","ゆっこさん"
"","FALSE","楽天トラベル","5","2026-03-08","ディズニーランドの帰りに利用しました。 家族５人で小学生２人添い寝でも十分なベッドの広さです。 コンビニあるし、チェックインするとコンビニで利用できる商品券1000円分が付いてきました。 朝食付きにしたのですが、チョコフォンデュやワッフルなど子供が好きそうな食べ物も豊富にあったので、喜んで食べていました。 また是非利用したいです。","","","ディズニーランドの帰りに利用しました。 家族５人で小学生２人添い寝でも十分なベッドの広さです。 コンビニあるし、チェックインするとコンビニで利用できる商品券1000円分が付いてきました。 朝食付きにしたのですが、チョコフォンデュやワッフルなど子供が好きそうな食べ物も豊富にあったので、喜んで食べていました。 また是非利用したいです。","","","めいくろちゃん","","FALSE","楽天トラベル","5","2026-03-08","ディズニーランドの帰りに利用しました。 家族５人で小学生２人添い寝でも十分なベッドの広さです。 コンビニあるし、チェックインするとコンビニで利用できる商品券1000円分が付いてきました。 朝食付きにしたのですが、チョコフォンデュやワッフルなど子供が好きそうな食べ物も豊富にあったので、喜んで食べていました。 また是非利用したいです。","","","ディズニーランドの帰りに利用しました。 家族５人で小学生２人添い寝でも十分なベッドの広さです。 コンビニあるし、チェックインするとコンビニで利用できる商品券1000円分が付いてきました。 朝食付きにしたのですが、チョコフォンデュやワッフルなど子供が好きそうな食べ物も豊富にあったので、喜んで食べていました。 また是非利用したいです。","","","めいくろちゃん"
"","FALSE","楽天トラベル","4","2026-03-08","ディズニー後の宿泊で利用させていただきました。 お部屋も広く、お風呂は清潔な印象です。 小学生までは添い寝無料も有り難かったです。 唯一、夜寝る時に部屋の電気を消す場所が分からなかったので、案内があると良いと思いました。 朝食のバイキングはパンやワッフル、子供向けのチョコフォンデュが良かったです。 また、機会があれば利用したいです！","","","ディズニー後の宿泊で利用させていただきました。 お部屋も広く、お風呂は清潔な印象です。 小学生までは添い寝無料も有り難かったです。 唯一、夜寝る時に部屋の電気を消す場所が分からなかったので、案内があると良いと思いました。 朝食のバイキングはパンやワッフル、子供向けのチョコフォンデュが良かったです。 また、機会があれば利用したいです！","","","みゅーつー","","FALSE","楽天トラベル","4","2026-03-08","ディズニー後の宿泊で利用させていただきました。 お部屋も広く、お風呂は清潔な印象です。 小学生までは添い寝無料も有り難かったです。 唯一、夜寝る時に部屋の電気を消す場所が分からなかったので、案内があると良いと思いました。 朝食のバイキングはパンやワッフル、子供向けのチョコフォンデュが良かったです。 また、機会があれば利用したいです！","","","ディズニー後の宿泊で利用させていただきました。 お部屋も広く、お風呂は清潔な印象です。 小学生までは添い寝無料も有り難かったです。 唯一、夜寝る時に部屋の電気を消す場所が分からなかったので、案内があると良いと思いました。 朝食のバイキングはパンやワッフル、子供向けのチョコフォンデュが良かったです。 また、機会があれば利用したいです！","","","みゅーつー"
"","FALSE","じゃらん","4","2026-03-08","スタッフの方の丁寧な接客と、各施設の清潔感がとても良かったです！！  部屋の広さやトイレお風呂の使いやすさも最高でした！","","","スタッフの方の丁寧な接客と、各施設の清潔感がとても良かったです！！  部屋の広さやトイレお風呂の使いやすさも最高でした！","","","てんまさん","","FALSE","じゃらん","4","2026-03-08","スタッフの方の丁寧な接客と、各施設の清潔感がとても良かったです！！  部屋の広さやトイレお風呂の使いやすさも最高でした！","","","スタッフの方の丁寧な接客と、各施設の清潔感がとても良かったです！！  部屋の広さやトイレお風呂の使いやすさも最高でした！","","","てんまさん"
"","FALSE","Google","5","2026-03-07","便利です。ホテルからシャトルバスの情報を入手できます。私の予約には朝食が含まれていなかったので、別途1人2000円で購入しました。","","","便利です。ホテルからシャトルバスの情報を入手できます。私の予約には朝食が含まれていなかったので、別途1人2000円で購入しました。","","","Vicni Cheng","","FALSE","Google","5","2026-03-07","便利です。ホテルからシャトルバスの情報を入手できます。私の予約には朝食が含まれていなかったので、別途1人2000円で購入しました。","","","便利です。ホテルからシャトルバスの情報を入手できます。私の予約には朝食が含まれていなかったので、別途1人2000円で購入しました。","","","Vicni Cheng"
"","FALSE","楽天トラベル","5","2026-03-07","シティホテルぐらいの設備だろうけど出来るだけ子ども向けのホテルを…と思い予約しましたが、清潔さとホスピタリティが素晴らしく、とても満足したホテルステイになりました😊お世話になりました。 ","","","シティホテルぐらいの設備だろうけど出来るだけ子ども向けのホテルを…と思い予約しましたが、清潔さとホスピタリティが素晴らしく、とても満足したホテルステイになりました😊お世話になりました。 ","","","ホリケイおかあ","","FALSE","楽天トラベル","5","2026-03-07","シティホテルぐらいの設備だろうけど出来るだけ子ども向けのホテルを…と思い予約しましたが、清潔さとホスピタリティが素晴らしく、とても満足したホテルステイになりました😊お世話になりました。 ","","","シティホテルぐらいの設備だろうけど出来るだけ子ども向けのホテルを…と思い予約しましたが、清潔さとホスピタリティが素晴らしく、とても満足したホテルステイになりました😊お世話になりました。 ","","","ホリケイおかあ"
"","FALSE","楽天トラベル","5","2026-03-07","5人で素泊まりです。 お部屋は、キレイで広く快適に使わせていただきました。また、使用させていただきます。","","","5人で素泊まりです。 お部屋は、キレイで広く快適に使わせていただきました。また、使用させていただきます。","","","ランドとシー","","FALSE","楽天トラベル","5","2026-03-07","5人で素泊まりです。 お部屋は、キレイで広く快適に使わせていただきました。また、使用させていただきます。","","","5人で素泊まりです。 お部屋は、キレイで広く快適に使わせていただきました。また、使用させていただきます。","","","ランドとシー"
"","FALSE","Google","5","2026-03-07","方便。可以跟飯店索取 接駁車資訊 訂的是沒有含早餐 要另外加購一個人是2000日圓","","","便利です。ホテルでシャトルバスの情報を入手できます。私の予約には朝食が含まれていませんでしたが、別途購入すると1人2000円かかります。","","","Vicni Cheng","","FALSE","Google","5","2026-03-07","方便。可以跟飯店索取 接駁車資訊 訂的是沒有含早餐 要另外加購一個人是2000日圓","","","便利です。ホテルでシャトルバスの情報を入手できます。私の予約には朝食が含まれていませんでしたが、別途購入すると1人2000円かかります。","","","Vicni Cheng"
"","FALSE","じゃらん","5","2026-03-07","子供が楽しめる工夫や、食べ物がありとても満足です！  また、部屋も広く子供がゆったりと過ごすことができました。  ベットも広く旅で疲れた体を癒すことができました。  また利用させていたたきたいです^_^","","","子供が楽しめる工夫や、食べ物がありとても満足です！  また、部屋も広く子供がゆったりと過ごすことができました。  ベットも広く旅で疲れた体を癒すことができました。  また利用させていたたきたいです^_^","","","ヨさん","","FALSE","じゃらん","5","2026-03-07","子供が楽しめる工夫や、食べ物がありとても満足です！  また、部屋も広く子供がゆったりと過ごすことができました。  ベットも広く旅で疲れた体を癒すことができました。  また利用させていたたきたいです^_^","","","子供が楽しめる工夫や、食べ物がありとても満足です！  また、部屋も広く子供がゆったりと過ごすことができました。  ベットも広く旅で疲れた体を癒すことができました。  また利用させていたたきたいです^_^","","","ヨさん"
"","FALSE","Google","3","2026-03-06","ほとんどがセルフサービス。コスパいいので家族で泊まるならオススメ。","","","ほとんどがセルフサービス。コスパいいので家族で泊まるならオススメ。","","","大山智之","","FALSE","Google","3","2026-03-06","ほとんどがセルフサービス。コスパいいので家族で泊まるならオススメ。","","","ほとんどがセルフサービス。コスパいいので家族で泊まるならオススメ。","","","大山智之"
"","FALSE","Trip.com","7","2026-03-06","お部屋からの眺めは良く無かったが、部屋の設備は良かった。","","","お部屋からの眺めは良く無かったが、部屋の設備は良かった。","","","ゲ‍ス‍ト","","FALSE","Trip.com","7","2026-03-06","お部屋からの眺めは良く無かったが、部屋の設備は良かった。","","","お部屋からの眺めは良く無かったが、部屋の設備は良かった。","","","ゲ‍ス‍ト"
"","FALSE","Google","5","2026-03-06","","","","","","","nee zoo","","FALSE","Google","5","2026-03-06","","","","","","","nee zoo"
"","FALSE","楽天トラベル","5","2026-03-06","ディズニー帰りだったのですが、ロビーで子供達の好きなディズニー本が置いてあってさらに子供達のテンションが上がってました。チェックイン時や朝ご飯の席待ちで並んでいる時も子供達がロビーのキッズコーナーで遊んでいたのでよかったです。 部屋も思ったより広く、トイレとお風呂が別々なのもよかったです。お風呂も普通の家庭ぐらい広く、子供達もゆったりと入れました。外の眺めもよく公園を見つけた子供達が「公園行きたい」と朝から叫んでいました😂","","","ディズニー帰りだったのですが、ロビーで子供達の好きなディズニー本が置いてあってさらに子供達のテンションが上がってました。チェックイン時や朝ご飯の席待ちで並んでいる時も子供達がロビーのキッズコーナーで遊んでいたのでよかったです。 部屋も思ったより広く、トイレとお風呂が別々なのもよかったです。お風呂も普通の家庭ぐらい広く、子供達もゆったりと入れました。外の眺めもよく公園を見つけた子供達が「公園行きたい」と朝から叫んでいました😂","","","とわれなママ","","FALSE","楽天トラベル","5","2026-03-06","ディズニー帰りだったのですが、ロビーで子供達の好きなディズニー本が置いてあってさらに子供達のテンションが上がってました。チェックイン時や朝ご飯の席待ちで並んでいる時も子供達がロビーのキッズコーナーで遊んでいたのでよかったです。 部屋も思ったより広く、トイレとお風呂が別々なのもよかったです。お風呂も普通の家庭ぐらい広く、子供達もゆったりと入れました。外の眺めもよく公園を見つけた子供達が「公園行きたい」と朝から叫んでいました😂","","","ディズニー帰りだったのですが、ロビーで子供達の好きなディズニー本が置いてあってさらに子供達のテンションが上がってました。チェックイン時や朝ご飯の席待ちで並んでいる時も子供達がロビーのキッズコーナーで遊んでいたのでよかったです。 部屋も思ったより広く、トイレとお風呂が別々なのもよかったです。お風呂も普通の家庭ぐらい広く、子供達もゆったりと入れました。外の眺めもよく公園を見つけた子供達が「公園行きたい」と朝から叫んでいました😂","","","とわれなママ"
"","FALSE","じゃらん","5","2026-03-06","ディズニーランドの帰りに宿泊しました。お部屋は広くて清潔でとても快適に過ごせました。お部屋のお風呂も独立していて足を伸ばせて入れるので、1日の疲れを癒すことができました。朝食も種類も多くて美味しかったです。また泊まりたいです。","","","ディズニーランドの帰りに宿泊しました。お部屋は広くて清潔でとても快適に過ごせました。お部屋のお風呂も独立していて足を伸ばせて入れるので、1日の疲れを癒すことができました。朝食も種類も多くて美味しかったです。また泊まりたいです。","","","くみさん","","FALSE","じゃらん","5","2026-03-06","ディズニーランドの帰りに宿泊しました。お部屋は広くて清潔でとても快適に過ごせました。お部屋のお風呂も独立していて足を伸ばせて入れるので、1日の疲れを癒すことができました。朝食も種類も多くて美味しかったです。また泊まりたいです。","","","ディズニーランドの帰りに宿泊しました。お部屋は広くて清潔でとても快適に過ごせました。お部屋のお風呂も独立していて足を伸ばせて入れるので、1日の疲れを癒すことができました。朝食も種類も多くて美味しかったです。また泊まりたいです。","","","くみさん"
"","FALSE","Agoda","10","2026-03-05","まず部屋がめちゃめちゃ綺麗で楽しめるものがあった！ 朝のビュッフェはぜんぶ美味しかった！ スタッフの方々もいい人ばかりだった！ 次もここ！！","","","まず部屋がめちゃめちゃ綺麗で楽しめるものがあった！ 朝のビュッフェはぜんぶ美味しかった！ スタッフの方々もいい人ばかりだった！ 次もここ！！","","","yuzu","","FALSE","Agoda","10","2026-03-05","まず部屋がめちゃめちゃ綺麗で楽しめるものがあった！ 朝のビュッフェはぜんぶ美味しかった！ スタッフの方々もいい人ばかりだった！ 次もここ！！","","","まず部屋がめちゃめちゃ綺麗で楽しめるものがあった！ 朝のビュッフェはぜんぶ美味しかった！ スタッフの方々もいい人ばかりだった！ 次もここ！！","","","yuzu"
"","FALSE","Agoda","10","2026-03-05","まず部屋がめちゃめちゃ綺麗で楽しめるものがあった！ 朝のビュッフェはぜんぶ美味しかった！ スタッフの方々もいい人ばかりだった！ 次もここ！！","","","まず部屋がめちゃめちゃ綺麗で楽しめるものがあった！ 朝のビュッフェはぜんぶ美味しかった！ スタッフの方々もいい人ばかりだった！ 次もここ！！","","","yuzu","","FALSE","Agoda","10","2026-03-05","まず部屋がめちゃめちゃ綺麗で楽しめるものがあった！ 朝のビュッフェはぜんぶ美味しかった！ スタッフの方々もいい人ばかりだった！ 次もここ！！","","","まず部屋がめちゃめちゃ綺麗で楽しめるものがあった！ 朝のビュッフェはぜんぶ美味しかった！ スタッフの方々もいい人ばかりだった！ 次もここ！！","","","yuzu"
"","FALSE","楽天トラベル","5","2026-03-05","部屋も綺麗で、朝食のワッフルとクロッフルがとてもおいしかったです！！","","","部屋も綺麗で、朝食のワッフルとクロッフルがとてもおいしかったです！！","","","mya10","","FALSE","楽天トラベル","5","2026-03-05","部屋も綺麗で、朝食のワッフルとクロッフルがとてもおいしかったです！！","","","部屋も綺麗で、朝食のワッフルとクロッフルがとてもおいしかったです！！","","","mya10"
"","FALSE","楽天トラベル","5","2026-03-05","ディズニーの帰りに利用させていただきました。 ベットも広くて綺麗だし、ホテル内にコンビニやジム、コインランドリーなどがあり便利。 ディズニーの後はまた利用したいです^ ^ ありがとうございました！","","","ディズニーの帰りに利用させていただきました。 ベットも広くて綺麗だし、ホテル内にコンビニやジム、コインランドリーなどがあり便利。 ディズニーの後はまた利用したいです^ ^ ありがとうございました！","","","サラmom","","FALSE","楽天トラベル","5","2026-03-05","ディズニーの帰りに利用させていただきました。 ベットも広くて綺麗だし、ホテル内にコンビニやジム、コインランドリーなどがあり便利。 ディズニーの後はまた利用したいです^ ^ ありがとうございました！","","","ディズニーの帰りに利用させていただきました。 ベットも広くて綺麗だし、ホテル内にコンビニやジム、コインランドリーなどがあり便利。 ディズニーの後はまた利用したいです^ ^ ありがとうございました！","","","サラmom"
"","FALSE","Booking.com","10","2026-03-05","","Convience, staff very helpful, everything seemed very organized","Breakfast options in the buffet were not the same quality as my last stay in this location","","便利で、スタッフもとても親切で、すべてがきちんと整理されているように見えました。","ビュッフェ形式の朝食は、前回宿泊した時ほど質が高くなかった。","Paul","","FALSE","Booking.com","10","2026-03-05","","Convience, staff very helpful, everything seemed very organized","Breakfast options in the buffet were not the same quality as my last stay in this location","","便利で、スタッフもとても親切で、すべてがきちんと整理されているように見えました。","ビュッフェ形式の朝食は、前回宿泊した時ほど質が高くなかった。","Paul"
"","FALSE","Agoda","10","2026-03-05","ディズニーシーに行くため二泊三日で利用させていただきました。 部屋の清掃も綺麗に行き届いててすばらしかったです。 また、ホテルからディズニーまでの無料送迎車もありとても良かったです。 またディズニー行く際には利用させて頂きたいと思います。","","","ディズニーシーに行くため二泊三日で利用させていただきました。 部屋の清掃も綺麗に行き届いててすばらしかったです。 また、ホテルからディズニーまでの無料送迎車もありとても良かったです。 またディズニー行く際には利用させて頂きたいと思います。","","","KAKERU","","FALSE","Agoda","10","2026-03-05","ディズニーシーに行くため二泊三日で利用させていただきました。 部屋の清掃も綺麗に行き届いててすばらしかったです。 また、ホテルからディズニーまでの無料送迎車もありとても良かったです。 またディズニー行く際には利用させて頂きたいと思います。","","","ディズニーシーに行くため二泊三日で利用させていただきました。 部屋の清掃も綺麗に行き届いててすばらしかったです。 また、ホテルからディズニーまでの無料送迎車もありとても良かったです。 またディズニー行く際には利用させて頂きたいと思います。","","","KAKERU"
"","FALSE","Booking.com","7","2026-03-04","","","","","","","Makabe","","FALSE","Booking.com","7","2026-03-04","","","","","","","Makabe"
"","FALSE","楽天トラベル","5","2026-03-04","朝食のバイキングの品数は少なく感じたが、子ども向けが多かった印象です。 部屋も綺麗で狭過ぎず、広すぎずで良かったです。 ロビーには小さいながらも子どもが遊べるスペースがあって、バス待ちにちょうど良かったです。 ただ、ディズニーへ行くシャトルバスの本数が少ないので、時間を確認しないと次まで長時間待つことに。","","","朝食のバイキングの品数は少なく感じたが、子ども向けが多かった印象です。 部屋も綺麗で狭過ぎず、広すぎずで良かったです。 ロビーには小さいながらも子どもが遊べるスペースがあって、バス待ちにちょうど良かったです。 ただ、ディズニーへ行くシャトルバスの本数が少ないので、時間を確認しないと次まで長時間待つことに。","","","SATOMI ","","FALSE","楽天トラベル","5","2026-03-04","朝食のバイキングの品数は少なく感じたが、子ども向けが多かった印象です。 部屋も綺麗で狭過ぎず、広すぎずで良かったです。 ロビーには小さいながらも子どもが遊べるスペースがあって、バス待ちにちょうど良かったです。 ただ、ディズニーへ行くシャトルバスの本数が少ないので、時間を確認しないと次まで長時間待つことに。","","","朝食のバイキングの品数は少なく感じたが、子ども向けが多かった印象です。 部屋も綺麗で狭過ぎず、広すぎずで良かったです。 ロビーには小さいながらも子どもが遊べるスペースがあって、バス待ちにちょうど良かったです。 ただ、ディズニーへ行くシャトルバスの本数が少ないので、時間を確認しないと次まで長時間待つことに。","","","SATOMI "
"","FALSE","Agoda","6","2026-03-04","ディズニー近くのホテルに憧れがあったため、部屋の広さ等には大満足でした。しかし、電車での移動がしずらく、シャトルバスでディズニーから帰宅してからのコンビニも大混雑で商品棚に商品がなくそこで疲れてしまいました。","","","ディズニー近くのホテルに憧れがあったため、部屋の広さ等には大満足でした。しかし、電車での移動がしずらく、シャトルバスでディズニーから帰宅してからのコンビニも大混雑で商品棚に商品がなくそこで疲れてしまいました。","","","miu","","FALSE","Agoda","6","2026-03-04","ディズニー近くのホテルに憧れがあったため、部屋の広さ等には大満足でした。しかし、電車での移動がしずらく、シャトルバスでディズニーから帰宅してからのコンビニも大混雑で商品棚に商品がなくそこで疲れてしまいました。","","","ディズニー近くのホテルに憧れがあったため、部屋の広さ等には大満足でした。しかし、電車での移動がしずらく、シャトルバスでディズニーから帰宅してからのコンビニも大混雑で商品棚に商品がなくそこで疲れてしまいました。","","","miu"
"","FALSE","Agoda","10","2026-03-04","スタッフの対応は素晴らしく全ての宿泊者にお薦めしますがAgoda経由の予約はお勧めしません  ","","","スタッフの対応は素晴らしく全ての宿泊者にお薦めしますがAgoda経由の予約はお勧めしません  ","","","WATANABE","","FALSE","Agoda","10","2026-03-04","スタッフの対応は素晴らしく全ての宿泊者にお薦めしますがAgoda経由の予約はお勧めしません  ","","","スタッフの対応は素晴らしく全ての宿泊者にお薦めしますがAgoda経由の予約はお勧めしません  ","","","WATANABE"
"","FALSE","Booking.com","7","2026-03-04","","","","","","","Makabe","","FALSE","Booking.com","7","2026-03-04","","","","","","","Makabe"
"","FALSE","楽天トラベル","5","2026-03-04","朝食のバイキングの品数は少なく感じたが、子ども向けが多かった印象です。 部屋も綺麗で狭過ぎず、広すぎずで良かったです。 ロビーには小さいながらも子どもが遊べるスペースがあって、バス待ちにちょうど良かったです。 ただ、ディズニーへ行くシャトルバスの本数が少ないので、時間を確認しないと次まで長時間待つことに。","","","朝食のバイキングの品数は少なく感じたが、子ども向けが多かった印象です。 部屋も綺麗で狭過ぎず、広すぎずで良かったです。 ロビーには小さいながらも子どもが遊べるスペースがあって、バス待ちにちょうど良かったです。 ただ、ディズニーへ行くシャトルバスの本数が少ないので、時間を確認しないと次まで長時間待つことに。","","","SATOMI ","","FALSE","楽天トラベル","5","2026-03-04","朝食のバイキングの品数は少なく感じたが、子ども向けが多かった印象です。 部屋も綺麗で狭過ぎず、広すぎずで良かったです。 ロビーには小さいながらも子どもが遊べるスペースがあって、バス待ちにちょうど良かったです。 ただ、ディズニーへ行くシャトルバスの本数が少ないので、時間を確認しないと次まで長時間待つことに。","","","朝食のバイキングの品数は少なく感じたが、子ども向けが多かった印象です。 部屋も綺麗で狭過ぎず、広すぎずで良かったです。 ロビーには小さいながらも子どもが遊べるスペースがあって、バス待ちにちょうど良かったです。 ただ、ディズニーへ行くシャトルバスの本数が少ないので、時間を確認しないと次まで長時間待つことに。","","","SATOMI "
"","FALSE","Agoda","6","2026-03-04","ディズニー近くのホテルに憧れがあったため、部屋の広さ等には大満足でした。しかし、電車での移動がしずらく、シャトルバスでディズニーから帰宅してからのコンビニも大混雑で商品棚に商品がなくそこで疲れてしまいました。","","","ディズニー近くのホテルに憧れがあったため、部屋の広さ等には大満足でした。しかし、電車での移動がしずらく、シャトルバスでディズニーから帰宅してからのコンビニも大混雑で商品棚に商品がなくそこで疲れてしまいました。","","","miu","","FALSE","Agoda","6","2026-03-04","ディズニー近くのホテルに憧れがあったため、部屋の広さ等には大満足でした。しかし、電車での移動がしずらく、シャトルバスでディズニーから帰宅してからのコンビニも大混雑で商品棚に商品がなくそこで疲れてしまいました。","","","ディズニー近くのホテルに憧れがあったため、部屋の広さ等には大満足でした。しかし、電車での移動がしずらく、シャトルバスでディズニーから帰宅してからのコンビニも大混雑で商品棚に商品がなくそこで疲れてしまいました。","","","miu"
"","FALSE","Agoda","10","2026-03-04","スタッフの対応は素晴らしく全ての宿泊者にお薦めしますがAgoda経由の予約はお勧めしません  ","","","スタッフの対応は素晴らしく全ての宿泊者にお薦めしますがAgoda経由の予約はお勧めしません  ","","","WATANABE","","FALSE","Agoda","10","2026-03-04","スタッフの対応は素晴らしく全ての宿泊者にお薦めしますがAgoda経由の予約はお勧めしません  ","","","スタッフの対応は素晴らしく全ての宿泊者にお薦めしますがAgoda経由の予約はお勧めしません  ","","","WATANABE"
"","FALSE","Google","3","2026-03-03","","","","","","","yoshiki suzuno","","FALSE","Google","3","2026-03-03","","","","","","","yoshiki suzuno"
"","FALSE","楽天トラベル","5","2026-03-03","家族で初めてのディズニー旅行に行った際に宿泊しました。子どもたち（12歳・9歳・5歳）にとっても思い出に残る大切な旅行だったので、ホテル選びはとても楽しみでもあり少し不安もありましたが、結果的にこちらに宿泊して大正解でした。  館内は隅々まで綺麗で清潔感があり、到着した瞬間から気持ちよく過ごすことができました。お部屋もとても広く、大人2人と子ども3人でもゆったり使える十分なスペースがありました。ベッドも広々としていて、家族全員がぐっすり眠ることができ、ディズニーでたくさん歩いた体をしっかり休めることができました。  トイレとお風呂が別なのも本当に助かりました。お風呂も広く、子どもと一緒に入っても窮屈さを感じず、ゆったりと湯船につかることができました。家族旅行ではこの点はとても大事だと実感しました。  また、ホテルからディズニーまでの無料シャトルバスがあるのも大きな魅力でした。移動がとても楽で、子ども連れでも安心してパークまで向かうことができました。疲れて帰ってきた後もバスがあることで本当に助かりました。  館内にコンビニがあるのも便利で、ちょっとした買い物がすぐにできるのはありがたかったです。さらに、お部屋の壁紙のパズルに仕掛けがあり、子どもたちが大喜び。遊び心のある工夫に家族みんなで楽しませてもらいました。  朝食バイキングもとても美味しく、種類が豊富で選ぶのが楽しい時間でした。特にスイーツの種類が多く、子どもたちも大満足。大人も大満足の朝食でした。  家族全員が「また泊まりたいね」と話すほど、思い出に残る素敵なホテルでした。","","","家族で初めてのディズニー旅行に行った際に宿泊しました。子どもたち（12歳・9歳・5歳）にとっても思い出に残る大切な旅行だったので、ホテル選びはとても楽しみでもあり少し不安もありましたが、結果的にこちらに宿泊して大正解でした。  館内は隅々まで綺麗で清潔感があり、到着した瞬間から気持ちよく過ごすことができました。お部屋もとても広く、大人2人と子ども3人でもゆったり使える十分なスペースがありました。ベッドも広々としていて、家族全員がぐっすり眠ることができ、ディズニーでたくさん歩いた体をしっかり休めることができました。  トイレとお風呂が別なのも本当に助かりました。お風呂も広く、子どもと一緒に入っても窮屈さを感じず、ゆったりと湯船につかることができました。家族旅行ではこの点はとても大事だと実感しました。  また、ホテルからディズニーまでの無料シャトルバスがあるのも大きな魅力でした。移動がとても楽で、子ども連れでも安心してパークまで向かうことができました。疲れて帰ってきた後もバスがあることで本当に助かりました。  館内にコンビニがあるのも便利で、ちょっとした買い物がすぐにできるのはありがたかったです。さらに、お部屋の壁紙のパズルに仕掛けがあり、子どもたちが大喜び。遊び心のある工夫に家族みんなで楽しませてもらいました。  朝食バイキングもとても美味しく、種類が豊富で選ぶのが楽しい時間でした。特にスイーツの種類が多く、子どもたちも大満足。大人も大満足の朝食でした。  家族全員が「また泊まりたいね」と話すほど、思い出に残る素敵なホテルでした。","","","イチゴタルト","","FALSE","楽天トラベル","5","2026-03-03","家族で初めてのディズニー旅行に行った際に宿泊しました。子どもたち（12歳・9歳・5歳）にとっても思い出に残る大切な旅行だったので、ホテル選びはとても楽しみでもあり少し不安もありましたが、結果的にこちらに宿泊して大正解でした。  館内は隅々まで綺麗で清潔感があり、到着した瞬間から気持ちよく過ごすことができました。お部屋もとても広く、大人2人と子ども3人でもゆったり使える十分なスペースがありました。ベッドも広々としていて、家族全員がぐっすり眠ることができ、ディズニーでたくさん歩いた体をしっかり休めることができました。  トイレとお風呂が別なのも本当に助かりました。お風呂も広く、子どもと一緒に入っても窮屈さを感じず、ゆったりと湯船につかることができました。家族旅行ではこの点はとても大事だと実感しました。  また、ホテルからディズニーまでの無料シャトルバスがあるのも大きな魅力でした。移動がとても楽で、子ども連れでも安心してパークまで向かうことができました。疲れて帰ってきた後もバスがあることで本当に助かりました。  館内にコンビニがあるのも便利で、ちょっとした買い物がすぐにできるのはありがたかったです。さらに、お部屋の壁紙のパズルに仕掛けがあり、子どもたちが大喜び。遊び心のある工夫に家族みんなで楽しませてもらいました。  朝食バイキングもとても美味しく、種類が豊富で選ぶのが楽しい時間でした。特にスイーツの種類が多く、子どもたちも大満足。大人も大満足の朝食でした。  家族全員が「また泊まりたいね」と話すほど、思い出に残る素敵なホテルでした。","","","家族で初めてのディズニー旅行に行った際に宿泊しました。子どもたち（12歳・9歳・5歳）にとっても思い出に残る大切な旅行だったので、ホテル選びはとても楽しみでもあり少し不安もありましたが、結果的にこちらに宿泊して大正解でした。  館内は隅々まで綺麗で清潔感があり、到着した瞬間から気持ちよく過ごすことができました。お部屋もとても広く、大人2人と子ども3人でもゆったり使える十分なスペースがありました。ベッドも広々としていて、家族全員がぐっすり眠ることができ、ディズニーでたくさん歩いた体をしっかり休めることができました。  トイレとお風呂が別なのも本当に助かりました。お風呂も広く、子どもと一緒に入っても窮屈さを感じず、ゆったりと湯船につかることができました。家族旅行ではこの点はとても大事だと実感しました。  また、ホテルからディズニーまでの無料シャトルバスがあるのも大きな魅力でした。移動がとても楽で、子ども連れでも安心してパークまで向かうことができました。疲れて帰ってきた後もバスがあることで本当に助かりました。  館内にコンビニがあるのも便利で、ちょっとした買い物がすぐにできるのはありがたかったです。さらに、お部屋の壁紙のパズルに仕掛けがあり、子どもたちが大喜び。遊び心のある工夫に家族みんなで楽しませてもらいました。  朝食バイキングもとても美味しく、種類が豊富で選ぶのが楽しい時間でした。特にスイーツの種類が多く、子どもたちも大満足。大人も大満足の朝食でした。  家族全員が「また泊まりたいね」と話すほど、思い出に残る素敵なホテルでした。","","","イチゴタルト"
"","FALSE","楽天トラベル","5","2026-03-03","ばいきんぐのチョコマウンテンに息子が興奮してました！開放的な場所でよかったです。","","","ばいきんぐのチョコマウンテンに息子が興奮してました！開放的な場所でよかったです。","","","福岡ラバー","","FALSE","楽天トラベル","5","2026-03-03","ばいきんぐのチョコマウンテンに息子が興奮してました！開放的な場所でよかったです。","","","ばいきんぐのチョコマウンテンに息子が興奮してました！開放的な場所でよかったです。","","","福岡ラバー"
"","FALSE","楽天トラベル","3","2026-03-03","ディズニーの後泊に利用。 チェックインは機械で行いました。 部屋のカードキーや朝食券も 機械が発行してくれます。 ウェルカムドリンクにコーヒーとレモン水がありました。  部屋の壁にはパズルのピースの仕掛けがあり、中に入っているカードをフロントへ持って行くとお菓子が貰えます。  ベットが広くて良かったです。 疲れ切った身体でもゆっくり寝る事が出来ました  朝食バイキングでは キッズコーナーがあって 子どもが好きに取れるので喜んでました チョコレートファンウテンやワッフルなどのトッピングも色々ありました。 子どもにはコインが貰えて チョコやラムネのガチャガチャをする事が出来ました。","","","ディズニーの後泊に利用。 チェックインは機械で行いました。 部屋のカードキーや朝食券も 機械が発行してくれます。 ウェルカムドリンクにコーヒーとレモン水がありました。  部屋の壁にはパズルのピースの仕掛けがあり、中に入っているカードをフロントへ持って行くとお菓子が貰えます。  ベットが広くて良かったです。 疲れ切った身体でもゆっくり寝る事が出来ました  朝食バイキングでは キッズコーナーがあって 子どもが好きに取れるので喜んでました チョコレートファンウテンやワッフルなどのトッピングも色々ありました。 子どもにはコインが貰えて チョコやラムネのガチャガチャをする事が出来ました。","","","hiomaro","","FALSE","楽天トラベル","3","2026-03-03","ディズニーの後泊に利用。 チェックインは機械で行いました。 部屋のカードキーや朝食券も 機械が発行してくれます。 ウェルカムドリンクにコーヒーとレモン水がありました。  部屋の壁にはパズルのピースの仕掛けがあり、中に入っているカードをフロントへ持って行くとお菓子が貰えます。  ベットが広くて良かったです。 疲れ切った身体でもゆっくり寝る事が出来ました  朝食バイキングでは キッズコーナーがあって 子どもが好きに取れるので喜んでました チョコレートファンウテンやワッフルなどのトッピングも色々ありました。 子どもにはコインが貰えて チョコやラムネのガチャガチャをする事が出来ました。","","","ディズニーの後泊に利用。 チェックインは機械で行いました。 部屋のカードキーや朝食券も 機械が発行してくれます。 ウェルカムドリンクにコーヒーとレモン水がありました。  部屋の壁にはパズルのピースの仕掛けがあり、中に入っているカードをフロントへ持って行くとお菓子が貰えます。  ベットが広くて良かったです。 疲れ切った身体でもゆっくり寝る事が出来ました  朝食バイキングでは キッズコーナーがあって 子どもが好きに取れるので喜んでました チョコレートファンウテンやワッフルなどのトッピングも色々ありました。 子どもにはコインが貰えて チョコやラムネのガチャガチャをする事が出来ました。","","","hiomaro"
"","FALSE","Agoda","9","2026-03-03","施設も綺麗で、アメニティもしっかりしており、心地よく過ごせました！","","","施設も綺麗で、アメニティもしっかりしており、心地よく過ごせました！","","","里央","","FALSE","Agoda","9","2026-03-03","施設も綺麗で、アメニティもしっかりしており、心地よく過ごせました！","","","施設も綺麗で、アメニティもしっかりしており、心地よく過ごせました！","","","里央"
"","FALSE","Agoda","9","2026-02-28","お風呂トイレが別々でベットも大きくて最高です！！ただテレビが何も繋がらないのがちょっと残念🫤","","","お風呂トイレが別々でベットも大きくて最高です！！ただテレビが何も繋がらないのがちょっと残念🫤","","","WAKANA","","","","","","","","","","","",""
"","FALSE","楽天トラベル","4","2026-02-28","ディズニーシーへ行く前泊として利用しました 部屋は広くてお風呂トイレも別々なので移動の疲れているならゆっくり出来ました。 またディズニー行く際は利用したと思います。","","","ディズニーシーへ行く前泊として利用しました 部屋は広くてお風呂トイレも別々なので移動の疲れているならゆっくり出来ました。 またディズニー行く際は利用したと思います。","","","ききゆずちゃん","","","","","","","","","","","",""
"","FALSE","じゃらん","5","2026-02-28","ランドの帰りに泊まらせていただきました。  ベッドも広いし、お風呂も洗い場付きでゆっくりできました。  朝食はメニューも豊富でおいしかったです。  11時にチェックアウトなのでバタバタせず休めました。  ホテルの方たちも好印象でした。  小学生まで無料も魅力的です。  また利用したいです。","","","ランドの帰りに泊まらせていただきました。  ベッドも広いし、お風呂も洗い場付きでゆっくりできました。  朝食はメニューも豊富でおいしかったです。  11時にチェックアウトなのでバタバタせず休めました。  ホテルの方たちも好印象でした。  小学生まで無料も魅力的です。  また利用したいです。","","","きくちゃんさん","","","","","","","","","","","",""
"","FALSE","Booking.com","9","2026-02-27","","","","","","","Anna","","","","","","","","","","","",""
"","FALSE","Trip.com","10","2026-02-27","One of the best hotel near in disney tokyo🤗their buffet is good with chocolate fountain for the kids as well. Plus free shuttle bus to disney. You must try here","","","東京ディズニーリゾート近くの最高のホテルのひとつです🤗ビュッフェも美味しく、子供向けのチョコレートファウンテンもあります。さらにディズニーへの無料シャトルバスもあります。ぜひ一度お試しください。","","","匿‍名‍ユ‍ー‍ザ‍ー","","","","","","","","","","","",""
"","FALSE","Booking.com","10","2026-02-27","","","","","","","Sara","","","","","","","","","","","",""
"","FALSE","Booking.com","8","2026-02-26","","","","","","","Nakabayashi","","","","","","","","","","","",""
"","FALSE","楽天トラベル","4","2026-02-26","部屋やアメニティなどはとても良かったです。子どもたちもパズルの仕掛けにとても喜んでいました。 朝食は美味しかったですが、同じようなメニューが多かったように思えます。","","","部屋やアメニティなどはとても良かったです。子どもたちもパズルの仕掛けにとても喜んでいました。 朝食は美味しかったですが、同じようなメニューが多かったように思えます。","","","雨降り小僧","","","","","","","","","","","",""
"","FALSE","Google","4","2026-02-26","ディズニーの後泊で宿泊しました。 洗面のお湯が熱湯なので気を付けてください。 朝食は、妻はジャムと納豆が欲しいと言っていましたが、私は納豆は食べないので要らないと思います。  ホテルに泊めるより、目の前の公園側の駐車場に停める方がお得です。","","","ディズニーの後泊で宿泊しました。 洗面のお湯が熱湯なので気を付けてください。 朝食は、妻はジャムと納豆が欲しいと言っていましたが、私は納豆は食べないので要らないと思います。  ホテルに泊めるより、目の前の公園側の駐車場に停める方がお得です。","","","宇野翔太郎","","","","","","","","","","","",""
"","FALSE","楽天トラベル","4","2026-02-25","3歳娘と三人で宿泊しましたが、ベッドも広く、お部屋も広くてとても過ごしやすかったです。 基本的にはどのホテルもお風呂のシャワーヘッドが強いけど、コンフォートスイーツは優しいシャワーヘッドでした。 朝食は子供がチョコフォンデュ後にアラザンやチョコスプレーなどをかけて遊び心擽られるようなものもありましたが、大人のお料理の種類が少しだけ少なく感じました。 部屋には、パズルを外してお菓子をもらえる仕掛けがあったりで楽しかったです。 全体的に満足で、また利用したいと思います。","","","3歳娘と三人で宿泊しましたが、ベッドも広く、お部屋も広くてとても過ごしやすかったです。 基本的にはどのホテルもお風呂のシャワーヘッドが強いけど、コンフォートスイーツは優しいシャワーヘッドでした。 朝食は子供がチョコフォンデュ後にアラザンやチョコスプレーなどをかけて遊び心擽られるようなものもありましたが、大人のお料理の種類が少しだけ少なく感じました。 部屋には、パズルを外してお菓子をもらえる仕掛けがあったりで楽しかったです。 全体的に満足で、また利用したいと思います。","","","ゆたんぽぽ0000","","","","","","","","","","","",""
"","FALSE","Booking.com","10","2026-02-25","","","","","","","シンパ","","","","","","","","","","","",""
"","FALSE","楽天トラベル","4","2026-02-25","ディズニーで遊んだ後にお世話になりました。予約ページのスイーツの写真にひかれてここのホテルに決めたのですが期待しすぎたのか種類が少なくちょっと残念でした。でもフロントの方の対応や立地やお掃除などには問題なく快適に過ごせたので良かったです。ありがとうございました！","","","ディズニーで遊んだ後にお世話になりました。予約ページのスイーツの写真にひかれてここのホテルに決めたのですが期待しすぎたのか種類が少なくちょっと残念でした。でもフロントの方の対応や立地やお掃除などには問題なく快適に過ごせたので良かったです。ありがとうございました！","","","びんび1230","","","","","","","","","","","",""
"","FALSE","じゃらん","5","2026-02-25","３連休だったので、ホテルも混んでいましたが、滞在中も問題なくゆっくり過ごせました。広い部屋にしたので荷物整理もゆっくり出来ました。ランドリーも台数が多く、待ち時間なく利用出来ました。  朝食会場も綺麗で広く、品数も多く子供達も喜んでいました。満足。","","","３連休だったので、ホテルも混んでいましたが、滞在中も問題なくゆっくり過ごせました。広い部屋にしたので荷物整理もゆっくり出来ました。ランドリーも台数が多く、待ち時間なく利用出来ました。  朝食会場も綺麗で広く、品数も多く子供達も喜んでいました。満足。","","","りつこさん","","","","","","","","","","","",""
"","FALSE","じゃらん","5","2026-02-25","ホテルが気に入ってリピさせて頂きました！！！  前泊で使わせていただいたんですけど、次の日朝イチのバスが結構いっぱいで次のバスにしてください。って言われたんです。運転手さんに確認してきてくれたみたいで2人ならいけます！って言ってくださってすごく助かりました！！その節は、ありがとうございます！そしてすみませんでした…。コンビニ併設なのもめっちゃありがたいです！！またディズニー行く時は、使わせてもらいます！！泊まりのホテル悩んでる人とかに進めたいくらいいいホテルです！！","","","ホテルが気に入ってリピさせて頂きました！！！  前泊で使わせていただいたんですけど、次の日朝イチのバスが結構いっぱいで次のバスにしてください。って言われたんです。運転手さんに確認してきてくれたみたいで2人ならいけます！って言ってくださってすごく助かりました！！その節は、ありがとうございます！そしてすみませんでした…。コンビニ併設なのもめっちゃありがたいです！！またディズニー行く時は、使わせてもらいます！！泊まりのホテル悩んでる人とかに進めたいくらいいいホテルです！！","","","海深さん","","","","","","","","","","","",""
"","FALSE","楽天トラベル","4","2026-02-24","ディズニーの後にいつもここに泊まります。ネット予約とホテルと行き違いがあり、小学生以下添い寝無料ではないと。。今回は追加はないですがと言われました。でもそんなこと私たちに言われても、そちらのミスなのに。。ソファベットで1人寝る予定が、そうすると1人分また追加でお金がかかると言われました？！ 5人でゆったり寝れないとわかれば選ばなかったのに、残念でした。","","","ディズニーの後にいつもここに泊まります。ネット予約とホテルと行き違いがあり、小学生以下添い寝無料ではないと。。今回は追加はないですがと言われました。でもそんなこと私たちに言われても、そちらのミスなのに。。ソファベットで1人寝る予定が、そうすると1人分また追加でお金がかかると言われました？！ 5人でゆったり寝れないとわかれば選ばなかったのに、残念でした。","","","くまじ2012","","","","","","","","","","","",""
"","FALSE","楽天トラベル","4","2026-02-24","洗面の水はけが遅いのが気になりました。部屋も2月なのに、廊下の暖房が効いてるせいかドライをつけました。 コンビニはあるのは大変楽でした！ただ閉園後に行ったので激混みでした。 ほかはきれいで文句なし！！  ","","","洗面の水はけが遅いのが気になりました。部屋も2月なのに、廊下の暖房が効いてるせいかドライをつけました。 コンビニはあるのは大変楽でした！ただ閉園後に行ったので激混みでした。 ほかはきれいで文句なし！！  ","","","ジーニー＊","","","","","","","","","","","",""
"","FALSE","じゃらん","5","2026-02-24","今回は小6と小4の女の子と夫と４人で、2泊利用しました。  お部屋は荷物を置いてもスペースも広く、ベッドも皆で寝ても、全然狭く感じなかったです。冷蔵庫冷凍庫があるのも、すごくいいですね。  今回は冬でしたが、夏だと保冷剤なども冷やすことができていいなと思いました。  ホントにすごく良かったんですが、強いて言うなら、洗面台にティッシュとフェイスタオルも子供分あれば便利かなと思いました。  またディズニー行くときは利用したいです。","","","今回は小6と小4の女の子と夫と４人で、2泊利用しました。  お部屋は荷物を置いてもスペースも広く、ベッドも皆で寝ても、全然狭く感じなかったです。冷蔵庫冷凍庫があるのも、すごくいいですね。  今回は冬でしたが、夏だと保冷剤なども冷やすことができていいなと思いました。  ホントにすごく良かったんですが、強いて言うなら、洗面台にティッシュとフェイスタオルも子供分あれば便利かなと思いました。  またディズニー行くときは利用したいです。","","","じろうさん","","","","","","","","","","","",""
"","FALSE","Trip.com","9","2026-02-23","リピ確定です","","","リピ確定です","","","ゲ‍ス‍ト","","","","","","","","","","","",""
"","FALSE","Agoda","9","2026-02-23","設備が整っていて、大変快適に過ごすことがでけました。朝食がとても美味しかったです！！","","","設備が整っていて、大変快適に過ごすことがでけました。朝食がとても美味しかったです！！","","","KUMI","","","","","","","","","","","",""
"","FALSE","Agoda","10","2026-02-23","友達3人で泊まりました。とても清潔でアメニティや貸し出し品などが充実しており、快適の過ごせました！","","","友達3人で泊まりました。とても清潔でアメニティや貸し出し品などが充実しており、快適の過ごせました！","","","Sayaka","","FALSE","Agoda","9","2026-02-28","お風呂トイレが別々でベットも大きくて最高です！！ただテレビが何も繋がらないのがちょっと残念🫤","","","お風呂トイレが別々でベットも大きくて最高です！！ただテレビが何も繋がらないのがちょっと残念🫤","","","WAKANA"
"","FALSE","Booking.com","8","2026-02-23","","","","","","","Riri","","FALSE","楽天トラベル","4","2026-02-28","ディズニーシーへ行く前泊として利用しました 部屋は広くてお風呂トイレも別々なので移動の疲れているならゆっくり出来ました。 またディズニー行く際は利用したと思います。","","","ディズニーシーへ行く前泊として利用しました 部屋は広くてお風呂トイレも別々なので移動の疲れているならゆっくり出来ました。 またディズニー行く際は利用したと思います。","","","ききゆずちゃん"
"","FALSE","Booking.com","8","2026-02-23","","子どもが居るので浴槽付きのお風呂だったのでよかった。 小さい子どもとの添い寝だったが、事前にベッドを壁側へ寄せて あり丁寧に対応してもらえた。ベッドガードも準備してくれるので助かった","","","子どもが居るので浴槽付きのお風呂だったのでよかった。 小さい子どもとの添い寝だったが、事前にベッドを壁側へ寄せて あり丁寧に対応してもらえた。ベッドガードも準備してくれるので助かった","","Goto","","FALSE","じゃらん","5","2026-02-28","ランドの帰りに泊まらせていただきました。  ベッドも広いし、お風呂も洗い場付きでゆっくりできました。  朝食はメニューも豊富でおいしかったです。  11時にチェックアウトなのでバタバタせず休めました。  ホテルの方たちも好印象でした。  小学生まで無料も魅力的です。  また利用したいです。","","","ランドの帰りに泊まらせていただきました。  ベッドも広いし、お風呂も洗い場付きでゆっくりできました。  朝食はメニューも豊富でおいしかったです。  11時にチェックアウトなのでバタバタせず休めました。  ホテルの方たちも好印象でした。  小学生まで無料も魅力的です。  また利用したいです。","","","きくちゃんさん"
"","FALSE","Google","5","2026-02-23","今回で4回目の利用でした、いつもディズニーに遊びに行く際に宿泊しています。コスパ、使い勝手、対応等も文句無しです。いつもありがとうございます。","","","今回で4回目の利用でした、いつもディズニーに遊びに行く際に宿泊しています。コスパ、使い勝手、対応等も文句無しです。いつもありがとうございます。","","","兇藍（mizuki）","","FALSE","Booking.com","9","2026-02-27","","","","","","","Anna"
"","FALSE","Agoda","9","2026-02-23","駅からは遠いですが、その他は本当に素敵なホテルでした！ ディズニーへのシャトルバスは朝早かったので、一本前のバスが出発したぐらいに並び始めましたが、余裕で座ることができました。 7:20発のバスでしたが意外と混んでいて、立ってる人もいらっしゃったので早めに並んで待っている方が良いかなと思います！","","","駅からは遠いですが、その他は本当に素敵なホテルでした！ ディズニーへのシャトルバスは朝早かったので、一本前のバスが出発したぐらいに並び始めましたが、余裕で座ることができました。 7:20発のバスでしたが意外と混んでいて、立ってる人もいらっしゃったので早めに並んで待っている方が良いかなと思います！","","","Hinata","","FALSE","Trip.com","10","2026-02-27","One of the best hotel near in disney tokyo🤗their buffet is good with chocolate fountain for the kids as well. Plus free shuttle bus to disney. You must try here","","","東京ディズニーリゾート近くの最高のホテルのひとつです🤗ビュッフェも美味しく、子供向けのチョコレートファウンテンもあります。さらにディズニーへの無料シャトルバスもあります。ぜひ一度お試しください。","","","匿‍名‍ユ‍ー‍ザ‍ー"
"","FALSE","じゃらん","5","2026-02-23","中学生と小学生がいる4人家族で泊まりました。  ホテルスタッフの対応がとても素晴らしかったです。  小さな子連れが多いホテルな印象でしたが廊下や隣の部屋から声や音が聞こえてくる事もなく快適に過ごすことができました。  部屋が広くて開放感があり、ベット3台だったので、中学生の子も1人で寝られる事ができて、子どもの年齢が高くても過ごしやすかったです。  パーク閉園後にLAWSONを利用しましたが、レジ前に長蛇の列でした。有人レジ３台フル回転で対応しており、思ったより時間がかからずお買い物できました。とてもありがたかったです。  ホテル周辺の景観も良く、ヤシの木があったりリゾート地に来た感じを楽しめました。  シャトルバスがあり便利なのでディズニーに来た時はまた利用したいです！","","","中学生と小学生がいる4人家族で泊まりました。  ホテルスタッフの対応がとても素晴らしかったです。  小さな子連れが多いホテルな印象でしたが廊下や隣の部屋から声や音が聞こえてくる事もなく快適に過ごすことができました。  部屋が広くて開放感があり、ベット3台だったので、中学生の子も1人で寝られる事ができて、子どもの年齢が高くても過ごしやすかったです。  パーク閉園後にLAWSONを利用しましたが、レジ前に長蛇の列でした。有人レジ３台フル回転で対応しており、思ったより時間がかからずお買い物できました。とてもありがたかったです。  ホテル周辺の景観も良く、ヤシの木があったりリゾート地に来た感じを楽しめました。  シャトルバスがあり便利なのでディズニーに来た時はまた利用したいです！","","","kさん","","FALSE","Booking.com","10","2026-02-27","","","","","","","Sara"
"","FALSE","じゃらん","4","2026-02-23","お部屋にちょっとした仕掛けがあったり、朝食ブッフェも子供達のテンションがあがるメニューがあり、とても良かったです。","","","お部屋にちょっとした仕掛けがあったり、朝食ブッフェも子供達のテンションがあがるメニューがあり、とても良かったです。","","","くみちゃんさん","","FALSE","Booking.com","8","2026-02-26","","","","","","","Nakabayashi"
"","FALSE","Agoda","8","2026-02-23","","子どもが居るので浴槽付きのお風呂だったのでよかった。 小さい子どもとの添い寝だったが、事前にベッドを壁側へ寄せて あり丁寧に対応してもらえた。ベッドガードも準備してくれるので助かった","","","子どもが居るので浴槽付きのお風呂だったのでよかった。 小さい子どもとの添い寝だったが、事前にベッドを壁側へ寄せて あり丁寧に対応してもらえた。ベッドガードも準備してくれるので助かった","","GOTO","","FALSE","楽天トラベル","4","2026-02-26","部屋やアメニティなどはとても良かったです。子どもたちもパズルの仕掛けにとても喜んでいました。 朝食は美味しかったですが、同じようなメニューが多かったように思えます。","","","部屋やアメニティなどはとても良かったです。子どもたちもパズルの仕掛けにとても喜んでいました。 朝食は美味しかったですが、同じようなメニューが多かったように思えます。","","","雨降り小僧"
"","FALSE","楽天トラベル","4","2026-02-22","部屋に電子レンジがあるのが本当に便利でした！部屋も十分な広さで荷物を広げても余裕でした。とても快適に過ごせました！","","","部屋に電子レンジがあるのが本当に便利でした！部屋も十分な広さで荷物を広げても余裕でした。とても快適に過ごせました！","","","みゆーせい","","FALSE","Google","4","2026-02-26","ディズニーの後泊で宿泊しました。 洗面のお湯が熱湯なので気を付けてください。 朝食は、妻はジャムと納豆が欲しいと言っていましたが、私は納豆は食べないので要らないと思います。  ホテルに泊めるより、目の前の公園側の駐車場に停める方がお得です。","","","ディズニーの後泊で宿泊しました。 洗面のお湯が熱湯なので気を付けてください。 朝食は、妻はジャムと納豆が欲しいと言っていましたが、私は納豆は食べないので要らないと思います。  ホテルに泊めるより、目の前の公園側の駐車場に停める方がお得です。","","","宇野翔太郎"
"","FALSE","楽天トラベル","5","2026-02-22","ディズニーランドからの帰りに宿泊利用させていただきました。1日歩いて疲れてたはずなのに、スタッフの方の素敵な笑顔に癒されました。お部屋もとても快適に過ごすことができましたし、ジムで子どもとトレーニングもできてとても楽しかったです。 また、朝食ととても美味しく、食べることが大好きな子どもは目をキラキラさせながら「楽しいね！楽しいね」と何度も言っていました。 また絶対に利用させていただきたいと思いますし、周りにも教えたいと思うホテルでした。 ありがとうございました！！！","","","ディズニーランドからの帰りに宿泊利用させていただきました。1日歩いて疲れてたはずなのに、スタッフの方の素敵な笑顔に癒されました。お部屋もとても快適に過ごすことができましたし、ジムで子どもとトレーニングもできてとても楽しかったです。 また、朝食ととても美味しく、食べることが大好きな子どもは目をキラキラさせながら「楽しいね！楽しいね」と何度も言っていました。 また絶対に利用させていただきたいと思いますし、周りにも教えたいと思うホテルでした。 ありがとうございました！！！","","","ルークナハワ","","FALSE","楽天トラベル","4","2026-02-25","3歳娘と三人で宿泊しましたが、ベッドも広く、お部屋も広くてとても過ごしやすかったです。 基本的にはどのホテルもお風呂のシャワーヘッドが強いけど、コンフォートスイーツは優しいシャワーヘッドでした。 朝食は子供がチョコフォンデュ後にアラザンやチョコスプレーなどをかけて遊び心擽られるようなものもありましたが、大人のお料理の種類が少しだけ少なく感じました。 部屋には、パズルを外してお菓子をもらえる仕掛けがあったりで楽しかったです。 全体的に満足で、また利用したいと思います。","","","3歳娘と三人で宿泊しましたが、ベッドも広く、お部屋も広くてとても過ごしやすかったです。 基本的にはどのホテルもお風呂のシャワーヘッドが強いけど、コンフォートスイーツは優しいシャワーヘッドでした。 朝食は子供がチョコフォンデュ後にアラザンやチョコスプレーなどをかけて遊び心擽られるようなものもありましたが、大人のお料理の種類が少しだけ少なく感じました。 部屋には、パズルを外してお菓子をもらえる仕掛けがあったりで楽しかったです。 全体的に満足で、また利用したいと思います。","","","ゆたんぽぽ0000"
"","FALSE","楽天トラベル","5","2026-02-22","朝食が最高！子供達も大満足な朝食でした！食べ過ぎ確定です！ ","","","朝食が最高！子供達も大満足な朝食でした！食べ過ぎ確定です！ ","","","コンフォート最高！","","FALSE","Booking.com","10","2026-02-25","","","","","","","シンパ"
"","FALSE","Booking.com","8","2026-02-22","","ディズニーに近くで良いです","特にありません","","ディズニーに近くで良いです","特にありません","Shouichi","","FALSE","楽天トラベル","4","2026-02-25","ディズニーで遊んだ後にお世話になりました。予約ページのスイーツの写真にひかれてここのホテルに決めたのですが期待しすぎたのか種類が少なくちょっと残念でした。でもフロントの方の対応や立地やお掃除などには問題なく快適に過ごせたので良かったです。ありがとうございました！","","","ディズニーで遊んだ後にお世話になりました。予約ページのスイーツの写真にひかれてここのホテルに決めたのですが期待しすぎたのか種類が少なくちょっと残念でした。でもフロントの方の対応や立地やお掃除などには問題なく快適に過ごせたので良かったです。ありがとうございました！","","","びんび1230"
"","FALSE","Booking.com","10","2026-02-22","","お風呂とトイレが別ですし、お部屋も綺麗です！スタッフの方も親切でした。","ないです。","","お風呂とトイレが別ですし、お部屋も綺麗です！スタッフの方も親切でした。","ないです。","Sara","","FALSE","じゃらん","5","2026-02-25","３連休だったので、ホテルも混んでいましたが、滞在中も問題なくゆっくり過ごせました。広い部屋にしたので荷物整理もゆっくり出来ました。ランドリーも台数が多く、待ち時間なく利用出来ました。  朝食会場も綺麗で広く、品数も多く子供達も喜んでいました。満足。","","","３連休だったので、ホテルも混んでいましたが、滞在中も問題なくゆっくり過ごせました。広い部屋にしたので荷物整理もゆっくり出来ました。ランドリーも台数が多く、待ち時間なく利用出来ました。  朝食会場も綺麗で広く、品数も多く子供達も喜んでいました。満足。","","","りつこさん"
"","FALSE","Booking.com","7","2026-02-22","","お風呂とトイレが別なところ","子供分のバスタオルがない（添い寝可能であれば、人数分お願いしたい）","","お風呂とトイレが別なところ","子供分のバスタオルがない（添い寝可能であれば、人数分お願いしたい）","Haruka","","FALSE","じゃらん","5","2026-02-25","ホテルが気に入ってリピさせて頂きました！！！  前泊で使わせていただいたんですけど、次の日朝イチのバスが結構いっぱいで次のバスにしてください。って言われたんです。運転手さんに確認してきてくれたみたいで2人ならいけます！って言ってくださってすごく助かりました！！その節は、ありがとうございます！そしてすみませんでした…。コンビニ併設なのもめっちゃありがたいです！！またディズニー行く時は、使わせてもらいます！！泊まりのホテル悩んでる人とかに進めたいくらいいいホテルです！！","","","ホテルが気に入ってリピさせて頂きました！！！  前泊で使わせていただいたんですけど、次の日朝イチのバスが結構いっぱいで次のバスにしてください。って言われたんです。運転手さんに確認してきてくれたみたいで2人ならいけます！って言ってくださってすごく助かりました！！その節は、ありがとうございます！そしてすみませんでした…。コンビニ併設なのもめっちゃありがたいです！！またディズニー行く時は、使わせてもらいます！！泊まりのホテル悩んでる人とかに進めたいくらいいいホテルです！！","","","海深さん"
"","FALSE","Booking.com","7","2026-02-22","","","","","","","Takahashi","","FALSE","楽天トラベル","4","2026-02-24","ディズニーの後にいつもここに泊まります。ネット予約とホテルと行き違いがあり、小学生以下添い寝無料ではないと。。今回は追加はないですがと言われました。でもそんなこと私たちに言われても、そちらのミスなのに。。ソファベットで1人寝る予定が、そうすると1人分また追加でお金がかかると言われました？！ 5人でゆったり寝れないとわかれば選ばなかったのに、残念でした。","","","ディズニーの後にいつもここに泊まります。ネット予約とホテルと行き違いがあり、小学生以下添い寝無料ではないと。。今回は追加はないですがと言われました。でもそんなこと私たちに言われても、そちらのミスなのに。。ソファベットで1人寝る予定が、そうすると1人分また追加でお金がかかると言われました？！ 5人でゆったり寝れないとわかれば選ばなかったのに、残念でした。","","","くまじ2012"
"","FALSE","じゃらん","5","2026-02-22","ディズニーシー後に利用しました。  1階のローソンの品揃えも申し分なく、接客も丁寧でした。  清掃が行き届いておりとても綺麗でした。  お部屋のアメニティが少なかったのは少し残念ですが、小学生添い寝無料なのと、朝食付きの場合は小学生以下は無料になる点などを踏まえてこの価格なら大満足です！  シャンプー、ボディソープなどは洗浄力が強い為肌の弱い方やお子様分は自前のを持ち込むと良いと思います。","","","ディズニーシー後に利用しました。  1階のローソンの品揃えも申し分なく、接客も丁寧でした。  清掃が行き届いておりとても綺麗でした。  お部屋のアメニティが少なかったのは少し残念ですが、小学生添い寝無料なのと、朝食付きの場合は小学生以下は無料になる点などを踏まえてこの価格なら大満足です！  シャンプー、ボディソープなどは洗浄力が強い為肌の弱い方やお子様分は自前のを持ち込むと良いと思います。","","","みつさん","","FALSE","楽天トラベル","4","2026-02-24","洗面の水はけが遅いのが気になりました。部屋も2月なのに、廊下の暖房が効いてるせいかドライをつけました。 コンビニはあるのは大変楽でした！ただ閉園後に行ったので激混みでした。 ほかはきれいで文句なし！！  ","","","洗面の水はけが遅いのが気になりました。部屋も2月なのに、廊下の暖房が効いてるせいかドライをつけました。 コンビニはあるのは大変楽でした！ただ閉園後に行ったので激混みでした。 ほかはきれいで文句なし！！  ","","","ジーニー＊"
"","FALSE","Trip.com","9","2026-02-21","가족들과 디즈니 방문을 위한 목적이라면 최고입니다.","","","家族とディズニー訪問のための目的なら最高です。","","","ゲ‍ス‍ト","","FALSE","じゃらん","5","2026-02-24","今回は小6と小4の女の子と夫と４人で、2泊利用しました。  お部屋は荷物を置いてもスペースも広く、ベッドも皆で寝ても、全然狭く感じなかったです。冷蔵庫冷凍庫があるのも、すごくいいですね。  今回は冬でしたが、夏だと保冷剤なども冷やすことができていいなと思いました。  ホントにすごく良かったんですが、強いて言うなら、洗面台にティッシュとフェイスタオルも子供分あれば便利かなと思いました。  またディズニー行くときは利用したいです。","","","今回は小6と小4の女の子と夫と４人で、2泊利用しました。  お部屋は荷物を置いてもスペースも広く、ベッドも皆で寝ても、全然狭く感じなかったです。冷蔵庫冷凍庫があるのも、すごくいいですね。  今回は冬でしたが、夏だと保冷剤なども冷やすことができていいなと思いました。  ホントにすごく良かったんですが、強いて言うなら、洗面台にティッシュとフェイスタオルも子供分あれば便利かなと思いました。  またディズニー行くときは利用したいです。","","","じろうさん"
"","FALSE","楽天トラベル","5","2026-02-21","ディズニーに行く時は必ずこのホテルを利用しています。入り口の鍵の絵のドアから楽しいし、フリードリンクの時間も長くてありがたい！エレベーターホールにある各階の表示も可愛く、子ども大喜び！何より部屋のお風呂に洗い場があるのが最高です！子ども連れは絶対利用した方が良い！！","","","ディズニーに行く時は必ずこのホテルを利用しています。入り口の鍵の絵のドアから楽しいし、フリードリンクの時間も長くてありがたい！エレベーターホールにある各階の表示も可愛く、子ども大喜び！何より部屋のお風呂に洗い場があるのが最高です！子ども連れは絶対利用した方が良い！！","","","Kmitu","","FALSE","Trip.com","9","2026-02-23","リピ確定です","","","リピ確定です","","","ゲ‍ス‍ト"
"","FALSE","楽天トラベル","5","2026-02-21","リーズナブルな料金設定で家族でのディズニー旅行にいつも利用させてもらっています。フロントでは昨年末利用したことに触れ感謝の言葉をいただきました。また今回空きがあったとのことで部屋をアップグレードもしていただきました。その心遣いに感謝しております。今後もまた利用したいと思えるホテルです。","","","リーズナブルな料金設定で家族でのディズニー旅行にいつも利用させてもらっています。フロントでは昨年末利用したことに触れ感謝の言葉をいただきました。また今回空きがあったとのことで部屋をアップグレードもしていただきました。その心遣いに感謝しております。今後もまた利用したいと思えるホテルです。","","","しゅうぽくん","","FALSE","Agoda","9","2026-02-23","設備が整っていて、大変快適に過ごすことがでけました。朝食がとても美味しかったです！！","","","設備が整っていて、大変快適に過ごすことがでけました。朝食がとても美味しかったです！！","","","KUMI"
"","FALSE","じゃらん","5","2026-02-21","とても清潔感溢れるホテルでした！  子供がワクワクするようなしかけも(笑)  とても良かったです！  また、利用させていただきます！  ありがとうございました。","","","とても清潔感溢れるホテルでした！  子供がワクワクするようなしかけも(笑)  とても良かったです！  また、利用させていただきます！  ありがとうございました。","","","ミカちゃんさん","","FALSE","Agoda","10","2026-02-23","友達3人で泊まりました。とても清潔でアメニティや貸し出し品などが充実しており、快適の過ごせました！","","","友達3人で泊まりました。とても清潔でアメニティや貸し出し品などが充実しており、快適の過ごせました！","","","Sayaka"
"","FALSE","楽天トラベル","5","2026-02-20","朝食バイキングが楽しかったです。 またスタッフさんが皆さん優しかったです。","","","朝食バイキングが楽しかったです。 またスタッフさんが皆さん優しかったです。","","","kinako.m74","","FALSE","Booking.com","8","2026-02-23","","","","","","","Riri"
"","FALSE","Booking.com","10","2026-02-20","","","","","","","川岸","","FALSE","Booking.com","8","2026-02-23","","子どもが居るので浴槽付きのお風呂だったのでよかった。 小さい子どもとの添い寝だったが、事前にベッドを壁側へ寄せて あり丁寧に対応してもらえた。ベッドガードも準備してくれるので助かった","","","子どもが居るので浴槽付きのお風呂だったのでよかった。 小さい子どもとの添い寝だったが、事前にベッドを壁側へ寄せて あり丁寧に対応してもらえた。ベッドガードも準備してくれるので助かった","","Goto"
"","FALSE","Agoda","10","2026-02-20","ディズニーいきのバスが出てるので凄く便利 ホテル内にコンビニもありとても良かった ","","","ディズニーいきのバスが出てるので凄く便利 ホテル内にコンビニもありとても良かった ","","","KAZUYA","","FALSE","Google","5","2026-02-23","今回で4回目の利用でした、いつもディズニーに遊びに行く際に宿泊しています。コスパ、使い勝手、対応等も文句無しです。いつもありがとうございます。","","","今回で4回目の利用でした、いつもディズニーに遊びに行く際に宿泊しています。コスパ、使い勝手、対応等も文句無しです。いつもありがとうございます。","","","兇藍（mizuki）"
"","FALSE","じゃらん","5","2026-02-20","スタッフの方の対応がとてもよかったです！  チェックインや朝のバイキングの受付の人がとてもても丁寧でした。  楽しみにしていた朝のバイキングも最高でした！","","","スタッフの方の対応がとてもよかったです！  チェックインや朝のバイキングの受付の人がとてもても丁寧でした。  楽しみにしていた朝のバイキングも最高でした！","","","jun0765さん","","FALSE","Agoda","9","2026-02-23","駅からは遠いですが、その他は本当に素敵なホテルでした！ ディズニーへのシャトルバスは朝早かったので、一本前のバスが出発したぐらいに並び始めましたが、余裕で座ることができました。 7:20発のバスでしたが意外と混んでいて、立ってる人もいらっしゃったので早めに並んで待っている方が良いかなと思います！","","","駅からは遠いですが、その他は本当に素敵なホテルでした！ ディズニーへのシャトルバスは朝早かったので、一本前のバスが出発したぐらいに並び始めましたが、余裕で座ることができました。 7:20発のバスでしたが意外と混んでいて、立ってる人もいらっしゃったので早めに並んで待っている方が良いかなと思います！","","","Hinata"
"","FALSE","じゃらん","5","2026-02-20","ディズニーから近く、割安、かつ快適に宿泊できました！  子連れ旅行におすすめです。  必ずまた行きます。","","","ディズニーから近く、割安、かつ快適に宿泊できました！  子連れ旅行におすすめです。  必ずまた行きます。","","","めろんさん","","FALSE","じゃらん","5","2026-02-23","中学生と小学生がいる4人家族で泊まりました。  ホテルスタッフの対応がとても素晴らしかったです。  小さな子連れが多いホテルな印象でしたが廊下や隣の部屋から声や音が聞こえてくる事もなく快適に過ごすことができました。  部屋が広くて開放感があり、ベット3台だったので、中学生の子も1人で寝られる事ができて、子どもの年齢が高くても過ごしやすかったです。  パーク閉園後にLAWSONを利用しましたが、レジ前に長蛇の列でした。有人レジ３台フル回転で対応しており、思ったより時間がかからずお買い物できました。とてもありがたかったです。  ホテル周辺の景観も良く、ヤシの木があったりリゾート地に来た感じを楽しめました。  シャトルバスがあり便利なのでディズニーに来た時はまた利用したいです！","","","中学生と小学生がいる4人家族で泊まりました。  ホテルスタッフの対応がとても素晴らしかったです。  小さな子連れが多いホテルな印象でしたが廊下や隣の部屋から声や音が聞こえてくる事もなく快適に過ごすことができました。  部屋が広くて開放感があり、ベット3台だったので、中学生の子も1人で寝られる事ができて、子どもの年齢が高くても過ごしやすかったです。  パーク閉園後にLAWSONを利用しましたが、レジ前に長蛇の列でした。有人レジ３台フル回転で対応しており、思ったより時間がかからずお買い物できました。とてもありがたかったです。  ホテル周辺の景観も良く、ヤシの木があったりリゾート地に来た感じを楽しめました。  シャトルバスがあり便利なのでディズニーに来た時はまた利用したいです！","","","kさん"
"","FALSE","Agoda","10","2026-02-19","お部屋はとても広くてディズニーへのバスも出ていて大満足でした。","","","お部屋はとても広くてディズニーへのバスも出ていて大満足でした。","","","MOEKA","","FALSE","じゃらん","4","2026-02-23","お部屋にちょっとした仕掛けがあったり、朝食ブッフェも子供達のテンションがあがるメニューがあり、とても良かったです。","","","お部屋にちょっとした仕掛けがあったり、朝食ブッフェも子供達のテンションがあがるメニューがあり、とても良かったです。","","","くみちゃんさん"
"","FALSE","楽天トラベル","5","2026-02-19","このホテルは今回で2回目の利用になります。 小学生と2歳の子供がいるため、小学生の添い寝ができることはとてもありがたいです！ またスタッフの対応もとても良くて、お部屋もとてもキレイで、また利用したいと思っています！ 朝食はいつも美味しくいただいていますが、ケーキなどもあるといいなぁという個人的な意見もあり、星4つにさせていただきました。","","","このホテルは今回で2回目の利用になります。 小学生と2歳の子供がいるため、小学生の添い寝ができることはとてもありがたいです！ またスタッフの対応もとても良くて、お部屋もとてもキレイで、また利用したいと思っています！ 朝食はいつも美味しくいただいていますが、ケーキなどもあるといいなぁという個人的な意見もあり、星4つにさせていただきました。","","","なんちゃんママ","","FALSE","Agoda","8","2026-02-23","","子どもが居るので浴槽付きのお風呂だったのでよかった。 小さい子どもとの添い寝だったが、事前にベッドを壁側へ寄せて あり丁寧に対応してもらえた。ベッドガードも準備してくれるので助かった","","","子どもが居るので浴槽付きのお風呂だったのでよかった。 小さい子どもとの添い寝だったが、事前にベッドを壁側へ寄せて あり丁寧に対応してもらえた。ベッドガードも準備してくれるので助かった","","GOTO"
"","FALSE","Booking.com","10","2026-02-19","","客室をグレードアップしてくれていた事","なし","","客室をグレードアップしてくれていた事","なし","Kenya","","FALSE","楽天トラベル","4","2026-02-22","部屋に電子レンジがあるのが本当に便利でした！部屋も十分な広さで荷物を広げても余裕でした。とても快適に過ごせました！","","","部屋に電子レンジがあるのが本当に便利でした！部屋も十分な広さで荷物を広げても余裕でした。とても快適に過ごせました！","","","みゆーせい"
"","FALSE","Booking.com","9","2026-02-19","","清潔で部屋も朝食もよくコスパ最高でした。","ディズニーに預けるスーツケースについて尋ねたのですが、 ディズニーのロッカー空きがなければ園内に持参して歩くしかないと言われました。 男性のスタッフの方でしたが、正確ではない情報で困惑しました。","","清潔で部屋も朝食もよくコスパ最高でした。","ディズニーに預けるスーツケースについて尋ねたのですが、 ディズニーのロッカー空きがなければ園内に持参して歩くしかないと言われました。 男性のスタッフの方でしたが、正確ではない情報で困惑しました。","杉崎","","FALSE","楽天トラベル","5","2026-02-22","ディズニーランドからの帰りに宿泊利用させていただきました。1日歩いて疲れてたはずなのに、スタッフの方の素敵な笑顔に癒されました。お部屋もとても快適に過ごすことができましたし、ジムで子どもとトレーニングもできてとても楽しかったです。 また、朝食ととても美味しく、食べることが大好きな子どもは目をキラキラさせながら「楽しいね！楽しいね」と何度も言っていました。 また絶対に利用させていただきたいと思いますし、周りにも教えたいと思うホテルでした。 ありがとうございました！！！","","","ディズニーランドからの帰りに宿泊利用させていただきました。1日歩いて疲れてたはずなのに、スタッフの方の素敵な笑顔に癒されました。お部屋もとても快適に過ごすことができましたし、ジムで子どもとトレーニングもできてとても楽しかったです。 また、朝食ととても美味しく、食べることが大好きな子どもは目をキラキラさせながら「楽しいね！楽しいね」と何度も言っていました。 また絶対に利用させていただきたいと思いますし、周りにも教えたいと思うホテルでした。 ありがとうございました！！！","","","ルークナハワ"
"","FALSE","楽天トラベル","4","2026-02-19","早割でお手頃な価格で泊まらせて頂きました ありがとうございました","","","早割でお手頃な価格で泊まらせて頂きました ありがとうございました","","","b2i0s1b0","","FALSE","楽天トラベル","5","2026-02-22","朝食が最高！子供達も大満足な朝食でした！食べ過ぎ確定です！ ","","","朝食が最高！子供達も大満足な朝食でした！食べ過ぎ確定です！ ","","","コンフォート最高！"
"","FALSE","Agoda","10","2026-02-19","とても綺麗でした。バストイレ別なところが特におすすめです！ディズニーへの無料送迎バスもでていて子連れにも最適です！","","","とても綺麗でした。バストイレ別なところが特におすすめです！ディズニーへの無料送迎バスもでていて子連れにも最適です！","","","Noa","","FALSE","Booking.com","8","2026-02-22","","ディズニーに近くで良いです","特にありません","","ディズニーに近くで良いです","特にありません","Shouichi"
"","FALSE","Booking.com","8","2026-02-18","","","","","","","Takumi","","FALSE","Booking.com","10","2026-02-22","","お風呂とトイレが別ですし、お部屋も綺麗です！スタッフの方も親切でした。","ないです。","","お風呂とトイレが別ですし、お部屋も綺麗です！スタッフの方も親切でした。","ないです。","Sara"
"","FALSE","Trip.com","9","2026-02-18","新浦安駅から徒歩では遠いが、結構な頻度で新浦安駅からホテル前までバスが通っているため、気にならない。部屋も清潔でとてもよかった","","","新浦安駅から徒歩では遠いが、結構な頻度で新浦安駅からホテル前までバスが通っているため、気にならない。部屋も清潔でとてもよかった","","","ゲ‍ス‍ト","","FALSE","Booking.com","7","2026-02-22","","お風呂とトイレが別なところ","子供分のバスタオルがない（添い寝可能であれば、人数分お願いしたい）","","お風呂とトイレが別なところ","子供分のバスタオルがない（添い寝可能であれば、人数分お願いしたい）","Haruka"
"","FALSE","楽天トラベル","5","2026-02-18","ディズニーランドで1日遊んだ後に利用させていただきました。お部屋もホコリ1つ落ちておらずとっても綺麗です。受付の方もとても親切で子供達も次回もここに泊まりたい！と大喜びでした。遊び疲れた身体をゆっくり休める事が出来ました。ありがとうございました。","","","ディズニーランドで1日遊んだ後に利用させていただきました。お部屋もホコリ1つ落ちておらずとっても綺麗です。受付の方もとても親切で子供達も次回もここに泊まりたい！と大喜びでした。遊び疲れた身体をゆっくり休める事が出来ました。ありがとうございました。","","","ウサギのマル","","FALSE","Booking.com","7","2026-02-22","","","","","","","Takahashi"
"","FALSE","楽天トラベル","5","2026-02-18","大変良かったです！ ただ、ディズニーランドからのホテル直行便 バス乗り場がわかりずらく沢山探しました！ 乗り場に大きな看板で、 ホテルの名前が書いてあれば安心できたかなと思います！！！ ただホテルの内容は、大変良かったです♡ ありがとうございました！","","","大変良かったです！ ただ、ディズニーランドからのホテル直行便 バス乗り場がわかりずらく沢山探しました！ 乗り場に大きな看板で、 ホテルの名前が書いてあれば安心できたかなと思います！！！ ただホテルの内容は、大変良かったです♡ ありがとうございました！","","","にゃんちぃー⭐︎⭐︎","","FALSE","じゃらん","5","2026-02-22","ディズニーシー後に利用しました。  1階のローソンの品揃えも申し分なく、接客も丁寧でした。  清掃が行き届いておりとても綺麗でした。  お部屋のアメニティが少なかったのは少し残念ですが、小学生添い寝無料なのと、朝食付きの場合は小学生以下は無料になる点などを踏まえてこの価格なら大満足です！  シャンプー、ボディソープなどは洗浄力が強い為肌の弱い方やお子様分は自前のを持ち込むと良いと思います。","","","ディズニーシー後に利用しました。  1階のローソンの品揃えも申し分なく、接客も丁寧でした。  清掃が行き届いておりとても綺麗でした。  お部屋のアメニティが少なかったのは少し残念ですが、小学生添い寝無料なのと、朝食付きの場合は小学生以下は無料になる点などを踏まえてこの価格なら大満足です！  シャンプー、ボディソープなどは洗浄力が強い為肌の弱い方やお子様分は自前のを持ち込むと良いと思います。","","","みつさん"
"","FALSE","Booking.com","8","2026-02-18","","とても清潔だった。","","","とても清潔だった。","","遠藤","","FALSE","Trip.com","9","2026-02-21","가족들과 디즈니 방문을 위한 목적이라면 최고입니다.","","","家族とディズニー訪問のための目的なら最高です。","","","ゲ‍ス‍ト"
"","FALSE","Booking.com","8","2026-02-18","","清潔さとスタッフの対応","布団が固定されていて自由に動かせなかったこと","","清潔さとスタッフの対応","布団が固定されていて自由に動かせなかったこと","Nanami","","FALSE","楽天トラベル","5","2026-02-21","ディズニーに行く時は必ずこのホテルを利用しています。入り口の鍵の絵のドアから楽しいし、フリードリンクの時間も長くてありがたい！エレベーターホールにある各階の表示も可愛く、子ども大喜び！何より部屋のお風呂に洗い場があるのが最高です！子ども連れは絶対利用した方が良い！！","","","ディズニーに行く時は必ずこのホテルを利用しています。入り口の鍵の絵のドアから楽しいし、フリードリンクの時間も長くてありがたい！エレベーターホールにある各階の表示も可愛く、子ども大喜び！何より部屋のお風呂に洗い場があるのが最高です！子ども連れは絶対利用した方が良い！！","","","Kmitu"
"","FALSE","Booking.com","10","2026-02-18","","","","","","","Iwamoto","","FALSE","楽天トラベル","5","2026-02-21","リーズナブルな料金設定で家族でのディズニー旅行にいつも利用させてもらっています。フロントでは昨年末利用したことに触れ感謝の言葉をいただきました。また今回空きがあったとのことで部屋をアップグレードもしていただきました。その心遣いに感謝しております。今後もまた利用したいと思えるホテルです。","","","リーズナブルな料金設定で家族でのディズニー旅行にいつも利用させてもらっています。フロントでは昨年末利用したことに触れ感謝の言葉をいただきました。また今回空きがあったとのことで部屋をアップグレードもしていただきました。その心遣いに感謝しております。今後もまた利用したいと思えるホテルです。","","","しゅうぽくん"
"","FALSE","楽天トラベル","4","2026-02-18","朝食バイキングでフルーツの種類が少なかったのと、喫煙所が外にあるのが残念でした。 東京ディズニーランド目的だったのでシャトルバスがとても助かりました。 １階にローソンがあり、軽食や飲み物を買いやすいです。","","","朝食バイキングでフルーツの種類が少なかったのと、喫煙所が外にあるのが残念でした。 東京ディズニーランド目的だったのでシャトルバスがとても助かりました。 １階にローソンがあり、軽食や飲み物を買いやすいです。","","","ケニーちゃむ","","FALSE","じゃらん","5","2026-02-21","とても清潔感溢れるホテルでした！  子供がワクワクするようなしかけも(笑)  とても良かったです！  また、利用させていただきます！  ありがとうございました。","","","とても清潔感溢れるホテルでした！  子供がワクワクするようなしかけも(笑)  とても良かったです！  また、利用させていただきます！  ありがとうございました。","","","ミカちゃんさん"
"","FALSE","Agoda","10","2026-02-18","フロントのスタッフもいい人で バイキングも子どもたちが喜んでいました！","","","フロントのスタッフもいい人で バイキングも子どもたちが喜んでいました！","","","MAYUMI","","FALSE","楽天トラベル","5","2026-02-20","朝食バイキングが楽しかったです。 またスタッフさんが皆さん優しかったです。","","","朝食バイキングが楽しかったです。 またスタッフさんが皆さん優しかったです。","","","kinako.m74"
"","FALSE","Trip.com","10","2026-02-17","部屋も綺麗でスタッフさんたちの対応も丁寧で、快適に過ごすことができました。 ディズニーまでのシャトルバスは本数も多くとても便利でした。","","","部屋も綺麗でスタッフさんたちの対応も丁寧で、快適に過ごすことができました。 ディズニーまでのシャトルバスは本数も多くとても便利でした。","","","ゲ‍ス‍ト","","FALSE","Booking.com","10","2026-02-20","","","","","","","川岸"
"","FALSE","Agoda","10","2026-02-17","2度目の利用でした。 ロビーや廊下、お部屋まで大変きれいに清掃されており、快適に過ごすことができました。 バス・トイレ別なのもありがたく、連泊中のお部屋の清掃も丁寧にしていただき感謝しています。 ディズニーへ行く際は、またぜひ利用させていただきたいと思います。","","","2度目の利用でした。 ロビーや廊下、お部屋まで大変きれいに清掃されており、快適に過ごすことができました。 バス・トイレ別なのもありがたく、連泊中のお部屋の清掃も丁寧にしていただき感謝しています。 ディズニーへ行く際は、またぜひ利用させていただきたいと思います。","","","HARU","","FALSE","Agoda","10","2026-02-20","ディズニーいきのバスが出てるので凄く便利 ホテル内にコンビニもありとても良かった ","","","ディズニーいきのバスが出てるので凄く便利 ホテル内にコンビニもありとても良かった ","","","KAZUYA"
"","FALSE","楽天トラベル","5","2026-02-17","子どもが喜ぶ仕掛けと、美味しい朝ごはんで、とても楽しく快適に宿泊できました。","","","子どもが喜ぶ仕掛けと、美味しい朝ごはんで、とても楽しく快適に宿泊できました。","","","mst-8412","","FALSE","じゃらん","5","2026-02-20","スタッフの方の対応がとてもよかったです！  チェックインや朝のバイキングの受付の人がとてもても丁寧でした。  楽しみにしていた朝のバイキングも最高でした！","","","スタッフの方の対応がとてもよかったです！  チェックインや朝のバイキングの受付の人がとてもても丁寧でした。  楽しみにしていた朝のバイキングも最高でした！","","","jun0765さん"
"","FALSE","Booking.com","7","2026-02-17","","","","","","","Mana","","FALSE","じゃらん","5","2026-02-20","ディズニーから近く、割安、かつ快適に宿泊できました！  子連れ旅行におすすめです。  必ずまた行きます。","","","ディズニーから近く、割安、かつ快適に宿泊できました！  子連れ旅行におすすめです。  必ずまた行きます。","","","めろんさん"
"","FALSE","Booking.com","8","2026-02-17","","ベットが広く、冷蔵庫やレンジなどの設備も整っており、遅くに入室しても食事など困らなかった。 バストイレ別もありがたかった。","特にありません。","","ベットが広く、冷蔵庫やレンジなどの設備も整っており、遅くに入室しても食事など困らなかった。 バストイレ別もありがたかった。","特にありません。","Hisae","","FALSE","Agoda","10","2026-02-19","お部屋はとても広くてディズニーへのバスも出ていて大満足でした。","","","お部屋はとても広くてディズニーへのバスも出ていて大満足でした。","","","MOEKA"
"","FALSE","Google","5","2026-02-16","小学生の添い寝＆朝食が無料で素晴らしいです！朝食はしっかり種類があり充実してました。お部屋も水回りもきれいで、とても良かったです！ 一階にローソンが入っているのも便利で、子連れファミリーに優しいホテルです。 パークとホテル間のシャトルバスの運転手さんが笑顔で接客してくれました☺️","","","小学生の添い寝＆朝食が無料で素晴らしいです！朝食はしっかり種類があり充実してました。お部屋も水回りもきれいで、とても良かったです！ 一階にローソンが入っているのも便利で、子連れファミリーに優しいホテルです。 パークとホテル間のシャトルバスの運転手さんが笑顔で接客してくれました☺️","","","e s","","FALSE","楽天トラベル","5","2026-02-19","このホテルは今回で2回目の利用になります。 小学生と2歳の子供がいるため、小学生の添い寝ができることはとてもありがたいです！ またスタッフの対応もとても良くて、お部屋もとてもキレイで、また利用したいと思っています！ 朝食はいつも美味しくいただいていますが、ケーキなどもあるといいなぁという個人的な意見もあり、星4つにさせていただきました。","","","このホテルは今回で2回目の利用になります。 小学生と2歳の子供がいるため、小学生の添い寝ができることはとてもありがたいです！ またスタッフの対応もとても良くて、お部屋もとてもキレイで、また利用したいと思っています！ 朝食はいつも美味しくいただいていますが、ケーキなどもあるといいなぁという個人的な意見もあり、星4つにさせていただきました。","","","なんちゃんママ"
"","FALSE","楽天トラベル","5","2026-02-16","値段がリーズナブルで、ベッドが広くてありがたかったです。セミダブルくらいのベッドがくっついて設置されているので、寝返りが激しい子供が2人いても安心でした。 また機会があったら泊まらせていただきます★","","","値段がリーズナブルで、ベッドが広くてありがたかったです。セミダブルくらいのベッドがくっついて設置されているので、寝返りが激しい子供が2人いても安心でした。 また機会があったら泊まらせていただきます★","","","シュークリーム。","","FALSE","Booking.com","10","2026-02-19","","客室をグレードアップしてくれていた事","なし","","客室をグレードアップしてくれていた事","なし","Kenya"
"","FALSE","楽天トラベル","5","2026-02-16","子どもが2人が朝食付きで料金がかからずお値打ちでした。 また、急なキャンセルが出たためか部屋が無料のアップグレードされ、嬉しかったです ","","","子どもが2人が朝食付きで料金がかからずお値打ちでした。 また、急なキャンセルが出たためか部屋が無料のアップグレードされ、嬉しかったです ","","","ぴぴひひぴ","","FALSE","Booking.com","9","2026-02-19","","清潔で部屋も朝食もよくコスパ最高でした。","ディズニーに預けるスーツケースについて尋ねたのですが、 ディズニーのロッカー空きがなければ園内に持参して歩くしかないと言われました。 男性のスタッフの方でしたが、正確ではない情報で困惑しました。","","清潔で部屋も朝食もよくコスパ最高でした。","ディズニーに預けるスーツケースについて尋ねたのですが、 ディズニーのロッカー空きがなければ園内に持参して歩くしかないと言われました。 男性のスタッフの方でしたが、正確ではない情報で困惑しました。","杉崎"
"","FALSE","Trip.com","10","2026-02-16","在日本住到最好的酒店，房間大，對孩子非常友好！","","","日本で最高のホテルに宿泊しました。部屋は広く、子供連れにもとても快適でした！","","","ゲ‍ス‍ト","","FALSE","楽天トラベル","4","2026-02-19","早割でお手頃な価格で泊まらせて頂きました ありがとうございました","","","早割でお手頃な価格で泊まらせて頂きました ありがとうございました","","","b2i0s1b0"
"","FALSE","Booking.com","10","2026-02-16","","遅い時間のチェックインでしだが、丁寧に教えて頂き分かりやすかった。部屋も綺麗で凄く過ごしやすかった！","とくになし。","","遅い時間のチェックインでしだが、丁寧に教えて頂き分かりやすかった。部屋も綺麗で凄く過ごしやすかった！","とくになし。","らんとるるの","","FALSE","Agoda","10","2026-02-19","とても綺麗でした。バストイレ別なところが特におすすめです！ディズニーへの無料送迎バスもでていて子連れにも最適です！","","","とても綺麗でした。バストイレ別なところが特におすすめです！ディズニーへの無料送迎バスもでていて子連れにも最適です！","","","Noa"
"","FALSE","楽天トラベル","5","2026-02-16","朝食バイキングのチョコファウンテンに大人も子どももテンションが上がりました！自分で色々とトッピングできるのも楽しかったです！","","","朝食バイキングのチョコファウンテンに大人も子どももテンションが上がりました！自分で色々とトッピングできるのも楽しかったです！","","","**ニモ**","","FALSE","Booking.com","8","2026-02-18","","","","","","","Takumi"
"","FALSE","じゃらん","5","2026-02-16","ディズニーランドシーで前乗り3泊4日お世話になりました。  レビュー通り、朝食のクオリティーが子供も大満足、至れり尽くせりの宿泊でした。子供たちも次も絶対このホテルで過ごしたいとのことでほんと大満足です。  また宿泊したいと思います。ありがとうございました。","","","ディズニーランドシーで前乗り3泊4日お世話になりました。  レビュー通り、朝食のクオリティーが子供も大満足、至れり尽くせりの宿泊でした。子供たちも次も絶対このホテルで過ごしたいとのことでほんと大満足です。  また宿泊したいと思います。ありがとうございました。","","","ゆきひろさん","","FALSE","Trip.com","9","2026-02-18","新浦安駅から徒歩では遠いが、結構な頻度で新浦安駅からホテル前までバスが通っているため、気にならない。部屋も清潔でとてもよかった","","","新浦安駅から徒歩では遠いが、結構な頻度で新浦安駅からホテル前までバスが通っているため、気にならない。部屋も清潔でとてもよかった","","","ゲ‍ス‍ト"
"","FALSE","じゃらん","3","2026-02-15","子連れで朝食バイキングに期待して泊まってみたいとおもい今回泊まりましたが、期待ハズレでした。  ホテル内のローソンもレジが長蛇の列だしお酒の品揃えがいまいちでした。","","","子連れで朝食バイキングに期待して泊まってみたいとおもい今回泊まりましたが、期待ハズレでした。  ホテル内のローソンもレジが長蛇の列だしお酒の品揃えがいまいちでした。","","","こたさん","","FALSE","楽天トラベル","5","2026-02-18","ディズニーランドで1日遊んだ後に利用させていただきました。お部屋もホコリ1つ落ちておらずとっても綺麗です。受付の方もとても親切で子供達も次回もここに泊まりたい！と大喜びでした。遊び疲れた身体をゆっくり休める事が出来ました。ありがとうございました。","","","ディズニーランドで1日遊んだ後に利用させていただきました。お部屋もホコリ1つ落ちておらずとっても綺麗です。受付の方もとても親切で子供達も次回もここに泊まりたい！と大喜びでした。遊び疲れた身体をゆっくり休める事が出来ました。ありがとうございました。","","","ウサギのマル"
"","FALSE","楽天トラベル","4","2026-02-15","車をホテルに置き、駅に向かう際も停留所など教えて頂きました。 朝ごはんは案内もスムーズで分かりやすかったです。品揃えは可もなく不可もなくですがフルーツがもう少しあると嬉しかったです。小学生無料はありがたかったです。 こども達はキッズエリアを楽しんでました。","","","車をホテルに置き、駅に向かう際も停留所など教えて頂きました。 朝ごはんは案内もスムーズで分かりやすかったです。品揃えは可もなく不可もなくですがフルーツがもう少しあると嬉しかったです。小学生無料はありがたかったです。 こども達はキッズエリアを楽しんでました。","","","なちっこさん","","FALSE","楽天トラベル","5","2026-02-18","大変良かったです！ ただ、ディズニーランドからのホテル直行便 バス乗り場がわかりずらく沢山探しました！ 乗り場に大きな看板で、 ホテルの名前が書いてあれば安心できたかなと思います！！！ ただホテルの内容は、大変良かったです♡ ありがとうございました！","","","大変良かったです！ ただ、ディズニーランドからのホテル直行便 バス乗り場がわかりずらく沢山探しました！ 乗り場に大きな看板で、 ホテルの名前が書いてあれば安心できたかなと思います！！！ ただホテルの内容は、大変良かったです♡ ありがとうございました！","","","にゃんちぃー⭐︎⭐︎"
"","FALSE","楽天トラベル","5","2026-02-15","お部屋も素敵な配慮をいただき子連れだったのもありとても快適に過ごすことができました。 何よりベットが広く、ふかふかだったためパークでの疲れた体には最高でした！  お風呂も独立していてバスタブもあったのでゆっくり体の疲れを癒すことができてよかったです^ ^  荷物を運ぶカートを使用しましたが、チェックアウト時ロビーにとりにいかなければいけなかったので宿泊階にも用意してもらえると良いなと思いました。  また泊まりに行かせてもらいたいと思います。","","","お部屋も素敵な配慮をいただき子連れだったのもありとても快適に過ごすことができました。 何よりベットが広く、ふかふかだったためパークでの疲れた体には最高でした！  お風呂も独立していてバスタブもあったのでゆっくり体の疲れを癒すことができてよかったです^ ^  荷物を運ぶカートを使用しましたが、チェックアウト時ロビーにとりにいかなければいけなかったので宿泊階にも用意してもらえると良いなと思いました。  また泊まりに行かせてもらいたいと思います。","","","きりゅう0727","","FALSE","Booking.com","8","2026-02-18","","とても清潔だった。","","","とても清潔だった。","","遠藤"
"","","","","","","","","","","","","","FALSE","Booking.com","8","2026-02-18","","清潔さとスタッフの対応","布団が固定されていて自由に動かせなかったこと","","清潔さとスタッフの対応","布団が固定されていて自由に動かせなかったこと","Nanami"
"","","","","","","","","","","","","","FALSE","Booking.com","10","2026-02-18","","","","","","","Iwamoto"
"","","","","","","","","","","","","","FALSE","楽天トラベル","4","2026-02-18","朝食バイキングでフルーツの種類が少なかったのと、喫煙所が外にあるのが残念でした。 東京ディズニーランド目的だったのでシャトルバスがとても助かりました。 １階にローソンがあり、軽食や飲み物を買いやすいです。","","","朝食バイキングでフルーツの種類が少なかったのと、喫煙所が外にあるのが残念でした。 東京ディズニーランド目的だったのでシャトルバスがとても助かりました。 １階にローソンがあり、軽食や飲み物を買いやすいです。","","","ケニーちゃむ"
"","","","","","","","","","","","","","FALSE","Agoda","10","2026-02-18","フロントのスタッフもいい人で バイキングも子どもたちが喜んでいました！","","","フロントのスタッフもいい人で バイキングも子どもたちが喜んでいました！","","","MAYUMI"
"","","","","","","","","","","","","","FALSE","Trip.com","10","2026-02-17","部屋も綺麗でスタッフさんたちの対応も丁寧で、快適に過ごすことができました。 ディズニーまでのシャトルバスは本数も多くとても便利でした。","","","部屋も綺麗でスタッフさんたちの対応も丁寧で、快適に過ごすことができました。 ディズニーまでのシャトルバスは本数も多くとても便利でした。","","","ゲ‍ス‍ト"
"","","","","","","","","","","","","","FALSE","Agoda","10","2026-02-17","2度目の利用でした。 ロビーや廊下、お部屋まで大変きれいに清掃されており、快適に過ごすことができました。 バス・トイレ別なのもありがたく、連泊中のお部屋の清掃も丁寧にしていただき感謝しています。 ディズニーへ行く際は、またぜひ利用させていただきたいと思います。","","","2度目の利用でした。 ロビーや廊下、お部屋まで大変きれいに清掃されており、快適に過ごすことができました。 バス・トイレ別なのもありがたく、連泊中のお部屋の清掃も丁寧にしていただき感謝しています。 ディズニーへ行く際は、またぜひ利用させていただきたいと思います。","","","HARU"
"","","","","","","","","","","","","","FALSE","楽天トラベル","5","2026-02-17","子どもが喜ぶ仕掛けと、美味しい朝ごはんで、とても楽しく快適に宿泊できました。","","","子どもが喜ぶ仕掛けと、美味しい朝ごはんで、とても楽しく快適に宿泊できました。","","","mst-8412"
"","","","","","","","","","","","","","FALSE","Booking.com","7","2026-02-17","","","","","","","Mana"
"","","","","","","","","","","","","","FALSE","Booking.com","8","2026-02-17","","ベットが広く、冷蔵庫やレンジなどの設備も整っており、遅くに入室しても食事など困らなかった。 バストイレ別もありがたかった。","特にありません。","","ベットが広く、冷蔵庫やレンジなどの設備も整っており、遅くに入室しても食事など困らなかった。 バストイレ別もありがたかった。","特にありません。","Hisae"
"","","","","","","","","","","","","","FALSE","Google","5","2026-02-16","小学生の添い寝＆朝食が無料で素晴らしいです！朝食はしっかり種類があり充実してました。お部屋も水回りもきれいで、とても良かったです！ 一階にローソンが入っているのも便利で、子連れファミリーに優しいホテルです。 パークとホテル間のシャトルバスの運転手さんが笑顔で接客してくれました☺️","","","小学生の添い寝＆朝食が無料で素晴らしいです！朝食はしっかり種類があり充実してました。お部屋も水回りもきれいで、とても良かったです！ 一階にローソンが入っているのも便利で、子連れファミリーに優しいホテルです。 パークとホテル間のシャトルバスの運転手さんが笑顔で接客してくれました☺️","","","e s"
"","","","","","","","","","","","","","FALSE","楽天トラベル","5","2026-02-16","値段がリーズナブルで、ベッドが広くてありがたかったです。セミダブルくらいのベッドがくっついて設置されているので、寝返りが激しい子供が2人いても安心でした。 また機会があったら泊まらせていただきます★","","","値段がリーズナブルで、ベッドが広くてありがたかったです。セミダブルくらいのベッドがくっついて設置されているので、寝返りが激しい子供が2人いても安心でした。 また機会があったら泊まらせていただきます★","","","シュークリーム。"
"","","","","","","","","","","","","","FALSE","楽天トラベル","5","2026-02-16","子どもが2人が朝食付きで料金がかからずお値打ちでした。 また、急なキャンセルが出たためか部屋が無料のアップグレードされ、嬉しかったです ","","","子どもが2人が朝食付きで料金がかからずお値打ちでした。 また、急なキャンセルが出たためか部屋が無料のアップグレードされ、嬉しかったです ","","","ぴぴひひぴ"
"","","","","","","","","","","","","","FALSE","Trip.com","10","2026-02-16","在日本住到最好的酒店，房間大，對孩子非常友好！","","","日本で最高のホテルに宿泊しました。部屋は広く、子供連れにもとても快適でした！","","","ゲ‍ス‍ト"
"","","","","","","","","","","","","","FALSE","Booking.com","10","2026-02-16","","遅い時間のチェックインでしだが、丁寧に教えて頂き分かりやすかった。部屋も綺麗で凄く過ごしやすかった！","とくになし。","","遅い時間のチェックインでしだが、丁寧に教えて頂き分かりやすかった。部屋も綺麗で凄く過ごしやすかった！","とくになし。","らんとるるの"
"","","","","","","","","","","","","","FALSE","楽天トラベル","5","2026-02-16","朝食バイキングのチョコファウンテンに大人も子どももテンションが上がりました！自分で色々とトッピングできるのも楽しかったです！","","","朝食バイキングのチョコファウンテンに大人も子どももテンションが上がりました！自分で色々とトッピングできるのも楽しかったです！","","","**ニモ**"
"","","","","","","","","","","","","","FALSE","じゃらん","5","2026-02-16","ディズニーランドシーで前乗り3泊4日お世話になりました。  レビュー通り、朝食のクオリティーが子供も大満足、至れり尽くせりの宿泊でした。子供たちも次も絶対このホテルで過ごしたいとのことでほんと大満足です。  また宿泊したいと思います。ありがとうございました。","","","ディズニーランドシーで前乗り3泊4日お世話になりました。  レビュー通り、朝食のクオリティーが子供も大満足、至れり尽くせりの宿泊でした。子供たちも次も絶対このホテルで過ごしたいとのことでほんと大満足です。  また宿泊したいと思います。ありがとうございました。","","","ゆきひろさん"
"","","","","","","","","","","","","","FALSE","じゃらん","3","2026-02-15","子連れで朝食バイキングに期待して泊まってみたいとおもい今回泊まりましたが、期待ハズレでした。  ホテル内のローソンもレジが長蛇の列だしお酒の品揃えがいまいちでした。","","","子連れで朝食バイキングに期待して泊まってみたいとおもい今回泊まりましたが、期待ハズレでした。  ホテル内のローソンもレジが長蛇の列だしお酒の品揃えがいまいちでした。","","","こたさん"
"","","","","","","","","","","","","","FALSE","楽天トラベル","4","2026-02-15","車をホテルに置き、駅に向かう際も停留所など教えて頂きました。 朝ごはんは案内もスムーズで分かりやすかったです。品揃えは可もなく不可もなくですがフルーツがもう少しあると嬉しかったです。小学生無料はありがたかったです。 こども達はキッズエリアを楽しんでました。","","","車をホテルに置き、駅に向かう際も停留所など教えて頂きました。 朝ごはんは案内もスムーズで分かりやすかったです。品揃えは可もなく不可もなくですがフルーツがもう少しあると嬉しかったです。小学生無料はありがたかったです。 こども達はキッズエリアを楽しんでました。","","","なちっこさん"
"","","","","","","","","","","","","","FALSE","楽天トラベル","5","2026-02-15","お部屋も素敵な配慮をいただき子連れだったのもありとても快適に過ごすことができました。 何よりベットが広く、ふかふかだったためパークでの疲れた体には最高でした！  お風呂も独立していてバスタブもあったのでゆっくり体の疲れを癒すことができてよかったです^ ^  荷物を運ぶカートを使用しましたが、チェックアウト時ロビーにとりにいかなければいけなかったので宿泊階にも用意してもらえると良いなと思いました。  また泊まりに行かせてもらいたいと思います。","","","お部屋も素敵な配慮をいただき子連れだったのもありとても快適に過ごすことができました。 何よりベットが広く、ふかふかだったためパークでの疲れた体には最高でした！  お風呂も独立していてバスタブもあったのでゆっくり体の疲れを癒すことができてよかったです^ ^  荷物を運ぶカートを使用しましたが、チェックアウト時ロビーにとりにいかなければいけなかったので宿泊階にも用意してもらえると良いなと思いました。  また泊まりに行かせてもらいたいと思います。","","","きりゅう0727"