"","検索文字 URL： サイト名","コンフォートホテル博多 評価","検索年月： 投稿日","2026年 コメント(全体)","04月 コメント(良い点)","範囲： コメント(改善点)","!A1:K コメント（翻訳:全体)","コメント（翻訳:良い)","コメント（翻訳:改善点)","投稿者","レビューID","","","","","関数用 2026年 2026年 ","03月 04月 ","","!A2:K75 ","","","","","",""
"","FALSE","Booking.com","8","2026-04-26","","Large twin room to open luggage.","Breakfast was not stocked well within 30 mins of closing.  On morning of Apr 22, there was no rice for 20 minutes, refilled just 10 minutes before closing. Dozens of esters waited snd then gave up and ate without rice. Miso was too low to scoop for bowl.  3 choices for meat, one was empty and never refilled.","","荷物を広げられる広いツインルーム。","閉店30分前までに朝食の補充が不十分だった。4月22日の朝は、ご飯が20分間なく、閉店10分前にようやく補充された。何十人もの従業員が待ったが諦め、ご飯なしで食事をした。味噌汁も少なすぎて椀に盛れなかった。肉料理は3種類あったが、1種類は空で補充されることもなかった。","Michael","","FALSE","Booking.com","8","2026-04-26","","Large twin room to open luggage.","Breakfast was not stocked well within 30 mins of closing.  On morning of Apr 22, there was no rice for 20 minutes, refilled just 10 minutes before closing. Dozens of esters waited snd then gave up and ate without rice. Miso was too low to scoop for bowl.  3 choices for meat, one was empty and never refilled.","","荷物を広げられる広いツインルーム。","閉店30分前までに朝食の補充が不十分だった。4月22日の朝は、ご飯が20分間なく、閉店10分前にようやく補充された。何十人もの従業員が待ったが諦め、ご飯なしで食事をした。味噌汁も少なすぎて椀に盛れなかった。肉料理は3種類あったが、1種類は空で補充されることもなかった。","Michael","",""
"","FALSE","Trip.com","9","2026-04-26","嵐のライブ参戦のため利用させて頂きました😊 従業員さん達の挨拶や優しいお声かけを頂き、最高な福岡旅行となりました😊またチェックアウト後もスーツケースを無料で置かせて頂けて本当に有難かったです。 朝食も美味しかったです😊 また福岡に来る時には利用させていただきたいです🤗","","","嵐のライブ参戦のため利用させて頂きました😊 従業員さん達の挨拶や優しいお声かけを頂き、最高な福岡旅行となりました😊またチェックアウト後もスーツケースを無料で置かせて頂けて本当に有難かったです。 朝食も美味しかったです😊 また福岡に来る時には利用させていただきたいです🤗","","","ゲ‍ス‍ト","","FALSE","Trip.com","9","2026-04-26","嵐のライブ参戦のため利用させて頂きました😊 従業員さん達の挨拶や優しいお声かけを頂き、最高な福岡旅行となりました😊またチェックアウト後もスーツケースを無料で置かせて頂けて本当に有難かったです。 朝食も美味しかったです😊 また福岡に来る時には利用させていただきたいです🤗","","","嵐のライブ参戦のため利用させて頂きました😊 従業員さん達の挨拶や優しいお声かけを頂き、最高な福岡旅行となりました😊またチェックアウト後もスーツケースを無料で置かせて頂けて本当に有難かったです。 朝食も美味しかったです😊 また福岡に来る時には利用させていただきたいです🤗","","","ゲ‍ス‍ト","",""
"","FALSE","Trip.com","10","2026-04-26","Location is great","","","立地は最高です","","","ゲ‍ス‍ト","","FALSE","Trip.com","10","2026-04-26","Location is great","","","立地は最高です","","","ゲ‍ス‍ト","",""
"","FALSE","Google","1","2026-04-26","ホテルは客室のエアコンをつけてくれず、暑さを訴えたら扇風機を持ってきてくれました。非常に不快な滞在でした。部屋は古く、換気も悪く、トイレは90年代の古い日本式のバスタブでした。  立地は便利でスタッフの対応も丁寧でしたが、それ以外に良い点は何もありません。全くお勧めできません。","","","ホテルは客室のエアコンをつけてくれず、暑さを訴えたら扇風機を持ってきてくれました。非常に不快な滞在でした。部屋は古く、換気も悪く、トイレは90年代の古い日本式のバスタブでした。  立地は便利でスタッフの対応も丁寧でしたが、それ以外に良い点は何もありません。全くお勧めできません。","","","Jonathan Chua","","FALSE","Google","1","2026-04-26","ホテルは客室のエアコンをつけてくれず、暑さを訴えたら扇風機を持ってきてくれました。非常に不快な滞在でした。部屋は古く、換気も悪く、トイレは90年代の古い日本式のバスタブでした。  立地は便利でスタッフの対応も丁寧でしたが、それ以外に良い点は何もありません。全くお勧めできません。","","","ホテルは客室のエアコンをつけてくれず、暑さを訴えたら扇風機を持ってきてくれました。非常に不快な滞在でした。部屋は古く、換気も悪く、トイレは90年代の古い日本式のバスタブでした。  立地は便利でスタッフの対応も丁寧でしたが、それ以外に良い点は何もありません。全くお勧めできません。","","","Jonathan Chua","",""
"","FALSE","Trip.com","8","2026-04-26","希望早餐可以豐富啲","","","朝食がもっと充実することを願っています","","","S‍a‍m‍0‍1‍0‍7","","FALSE","Trip.com","8","2026-04-26","希望早餐可以豐富啲","","","朝食がもっと充実することを願っています","","","S‍a‍m‍0‍1‍0‍7","",""
"","FALSE","Trip.com","8","2026-04-26","設備は古いですが清掃は行き届いており快適に過ごせました。TVのリモコンが埃だらけだったのだけショックでした。無料朝食もありがたいです。","","","設備は古いですが清掃は行き届いており快適に過ごせました。TVのリモコンが埃だらけだったのだけショックでした。無料朝食もありがたいです。","","","ゲ‍ス‍ト","","FALSE","Trip.com","8","2026-04-26","設備は古いですが清掃は行き届いており快適に過ごせました。TVのリモコンが埃だらけだったのだけショックでした。無料朝食もありがたいです。","","","設備は古いですが清掃は行き届いており快適に過ごせました。TVのリモコンが埃だらけだったのだけショックでした。無料朝食もありがたいです。","","","ゲ‍ス‍ト","",""
"","FALSE","Trip.com","9","2026-04-24","Good Location & Spacious but then the air-conditioning was centrally controlled at night for the past 6 nights, so the room felt a bit warm.","","","立地も良く広々としているのですが、ここ6日間は夜間のエアコンが集中制御されていたため、部屋が少し暑く感じました。","","","A‍m‍a‍n‍d‍a‍ ‍O‍n‍g‍s‍t","","FALSE","Trip.com","9","2026-04-24","Good Location & Spacious but then the air-conditioning was centrally controlled at night for the past 6 nights, so the room felt a bit warm.","","","立地も良く広々としているのですが、ここ6日間は夜間のエアコンが集中制御されていたため、部屋が少し暑く感じました。","","","A‍m‍a‍n‍d‍a‍ ‍O‍n‍g‍s‍t","",""
"","FALSE","Booking.com","8","2026-04-23","","","","","","","Tachimoto","","FALSE","Booking.com","8","2026-04-23","","","","","","","Tachimoto","",""
"","FALSE","Trip.com","8","2026-04-23","感覺還良好，舒服的床褥整潔的，早餐十分之多人，還豐富…","","","全体的に快適でした。ベッドは快適で清潔でしたし、朝食もボリューム満点でした。","","","P‍i‍a‍n‍H‍o","","FALSE","Trip.com","8","2026-04-23","感覺還良好，舒服的床褥整潔的，早餐十分之多人，還豐富…","","","全体的に快適でした。ベッドは快適で清潔でしたし、朝食もボリューム満点でした。","","","P‍i‍a‍n‍H‍o","",""
"","FALSE","Booking.com","6","2026-04-23","","","非宿泊者が、容易に宿泊階に入ってくる可能性あり。","","","非宿泊者が、容易に宿泊階に入ってくる可能性あり。","Akihiko","","FALSE","Booking.com","6","2026-04-23","","","非宿泊者が、容易に宿泊階に入ってくる可能性あり。","","","非宿泊者が、容易に宿泊階に入ってくる可能性あり。","Akihiko","",""
"","FALSE","Booking.com","9","2026-04-23","","","","","","","Hsiang-chen","","FALSE","Booking.com","9","2026-04-23","","","","","","","Hsiang-chen","",""
"","FALSE","Booking.com","5","2026-04-23","","早餐尚可,不算豐盛,但一定能吃飽.  酒店就在博多火車站對面,房間光線充足.  酒店出面就有的士站,方便坐的士去機埸.  有自助洗衣房洗衫,算是方便.  我們是3個人,而房間有3張椅子,一人可坐一張,這點很好,因為好多酒店,就算是2人房,也只有一張椅子.","厠所有洗頭水,護髮素同沖涼液在浴缸上,但沒有洗手液在洗手盤旁邊,每次想洗手也要伸手入浴缸取,很不方便. 而周圍真的好像其他人所說有些黑邊在浴缸和洗手盤等旁邊,感覺不太好.  我住過其他日本酒店,通常會有化妝棉,洗面奶,面霜放在大堂,可以隨便取用,但此間完全沒有.  冷氣機只是裝飾,因為無論調教到20度還是24度,室溫顯示一樣是26度.","","朝食は豪華ではありませんでしたが、お腹いっぱいになるには十分でした。ホテルは博多駅の真向かいにあり、部屋は明るく風通しが良いです。ホテルのすぐ外にタクシー乗り場があるので、空港までタクシーで行くのに便利です。セルフサービスのランドリールームもあり、とても便利でした。私たちは3人で宿泊しましたが、部屋には3人分の椅子があり、一人につき1脚ずつ置くことができました。多くのホテル、特にダブルルームには椅子が1脚しかないことが多いので、これはとてもありがたかったです。","バスルームにはバスタブにシャンプー、コンディショナー、シャワージェルは置いてありましたが、洗面台の横にハンドソープがありませんでした。手を洗うたびにバスタブの中に手を伸ばして取らなければならず、とても不便でした。また、他の方も指摘しているように、バスタブと洗面台の横に黒い縁取りがあり、違和感がありました。これまで泊まった他の日本のホテルでは、ロビーにコットンパッド、洗顔料、フェイスクリームが備え付けられていて自由に使えるのですが、このホテルにはそれらは一切ありませんでした。エアコンは飾りで、20度に設定しても24度に設定しても、室温表示は常に26度でした。","Yau","","FALSE","Booking.com","5","2026-04-23","","早餐尚可,不算豐盛,但一定能吃飽.  酒店就在博多火車站對面,房間光線充足.  酒店出面就有的士站,方便坐的士去機埸.  有自助洗衣房洗衫,算是方便.  我們是3個人,而房間有3張椅子,一人可坐一張,這點很好,因為好多酒店,就算是2人房,也只有一張椅子.","厠所有洗頭水,護髮素同沖涼液在浴缸上,但沒有洗手液在洗手盤旁邊,每次想洗手也要伸手入浴缸取,很不方便. 而周圍真的好像其他人所說有些黑邊在浴缸和洗手盤等旁邊,感覺不太好.  我住過其他日本酒店,通常會有化妝棉,洗面奶,面霜放在大堂,可以隨便取用,但此間完全沒有.  冷氣機只是裝飾,因為無論調教到20度還是24度,室溫顯示一樣是26度.","","朝食は豪華ではありませんでしたが、お腹いっぱいになるには十分でした。ホテルは博多駅の真向かいにあり、部屋は明るく風通しが良いです。ホテルのすぐ外にタクシー乗り場があるので、空港までタクシーで行くのに便利です。セルフサービスのランドリールームもあり、とても便利でした。私たちは3人で宿泊しましたが、部屋には3人分の椅子があり、一人につき1脚ずつ置くことができました。多くのホテル、特にダブルルームには椅子が1脚しかないことが多いので、これはとてもありがたかったです。","バスルームにはバスタブにシャンプー、コンディショナー、シャワージェルは置いてありましたが、洗面台の横にハンドソープがありませんでした。手を洗うたびにバスタブの中に手を伸ばして取らなければならず、とても不便でした。また、他の方も指摘しているように、バスタブと洗面台の横に黒い縁取りがあり、違和感がありました。これまで泊まった他の日本のホテルでは、ロビーにコットンパッド、洗顔料、フェイスクリームが備え付けられていて自由に使えるのですが、このホテルにはそれらは一切ありませんでした。エアコンは飾りで、20度に設定しても24度に設定しても、室温表示は常に26度でした。","Yau","",""
"","FALSE","Google","5","2026-04-22","結論から言えば、私にはとても良いだけでした。 宿の写真は撮れませんでしたが！  ⭐️⭐️⭐️チェックイン前後で無料で荷物預けられます!!!!!!  場所は博多駅から徒歩2～3分ほどに位置するとても良い場所で、 日本で公共交通機関のみを使用しているので、場所はとても重要でした。 地下鉄駅とバス停全部近くに位置しています  なんだか福岡有名地はバスでも全部可能なほど博多駅に近いので、移動の難しさや徒歩でも移動が難しくありませんでした。  下にはすぐにスターバックスとセブンイレブン（セブンの中でも多様性がより大きいです。 このため、必要なものはすべて入手できました！  ホテルの衛生状態はレビューを見て心配していました。 私が泊まった部屋は状態がとても良かったです！ 入ってエアコンと除湿機？二つのパンパンにねじれなければ湿った感じがなくなることもありますㅠㅠ雨が来たのでもっとそうでした それ以外は体調が良かったです。 防音も上手です！!!!!  フロントにいたスタッフの方もとても親切で、一人が韓国語を少し話してくれて可愛くて親切でした。  ⭐️朝食はとてもおいしいです。 8時半前に行くことをお勧めします!!!!より多様なときにたくさんお召し上がりください。  あまりにも良いだけだったコンフォートの後にもぜひ利用します。","","","結論から言えば、私にはとても良いだけでした。 宿の写真は撮れませんでしたが！  ⭐️⭐️⭐️チェックイン前後で無料で荷物預けられます!!!!!!  場所は博多駅から徒歩2～3分ほどに位置するとても良い場所で、 日本で公共交通機関のみを使用しているので、場所はとても重要でした。 地下鉄駅とバス停全部近くに位置しています  なんだか福岡有名地はバスでも全部可能なほど博多駅に近いので、移動の難しさや徒歩でも移動が難しくありませんでした。  下にはすぐにスターバックスとセブンイレブン（セブンの中でも多様性がより大きいです。 このため、必要なものはすべて入手できました！  ホテルの衛生状態はレビューを見て心配していました。 私が泊まった部屋は状態がとても良かったです！ 入ってエアコンと除湿機？二つのパンパンにねじれなければ湿った感じがなくなることもありますㅠㅠ雨が来たのでもっとそうでした それ以外は体調が良かったです。 防音も上手です！!!!!  フロントにいたスタッフの方もとても親切で、一人が韓国語を少し話してくれて可愛くて親切でした。  ⭐️朝食はとてもおいしいです。 8時半前に行くことをお勧めします!!!!より多様なときにたくさんお召し上がりください。  あまりにも良いだけだったコンフォートの後にもぜひ利用します。","","","시골똥개","","FALSE","Google","5","2026-04-22","結論から言えば、私にはとても良いだけでした。 宿の写真は撮れませんでしたが！  ⭐️⭐️⭐️チェックイン前後で無料で荷物預けられます!!!!!!  場所は博多駅から徒歩2～3分ほどに位置するとても良い場所で、 日本で公共交通機関のみを使用しているので、場所はとても重要でした。 地下鉄駅とバス停全部近くに位置しています  なんだか福岡有名地はバスでも全部可能なほど博多駅に近いので、移動の難しさや徒歩でも移動が難しくありませんでした。  下にはすぐにスターバックスとセブンイレブン（セブンの中でも多様性がより大きいです。 このため、必要なものはすべて入手できました！  ホテルの衛生状態はレビューを見て心配していました。 私が泊まった部屋は状態がとても良かったです！ 入ってエアコンと除湿機？二つのパンパンにねじれなければ湿った感じがなくなることもありますㅠㅠ雨が来たのでもっとそうでした それ以外は体調が良かったです。 防音も上手です！!!!!  フロントにいたスタッフの方もとても親切で、一人が韓国語を少し話してくれて可愛くて親切でした。  ⭐️朝食はとてもおいしいです。 8時半前に行くことをお勧めします!!!!より多様なときにたくさんお召し上がりください。  あまりにも良いだけだったコンフォートの後にもぜひ利用します。","","","結論から言えば、私にはとても良いだけでした。 宿の写真は撮れませんでしたが！  ⭐️⭐️⭐️チェックイン前後で無料で荷物預けられます!!!!!!  場所は博多駅から徒歩2～3分ほどに位置するとても良い場所で、 日本で公共交通機関のみを使用しているので、場所はとても重要でした。 地下鉄駅とバス停全部近くに位置しています  なんだか福岡有名地はバスでも全部可能なほど博多駅に近いので、移動の難しさや徒歩でも移動が難しくありませんでした。  下にはすぐにスターバックスとセブンイレブン（セブンの中でも多様性がより大きいです。 このため、必要なものはすべて入手できました！  ホテルの衛生状態はレビューを見て心配していました。 私が泊まった部屋は状態がとても良かったです！ 入ってエアコンと除湿機？二つのパンパンにねじれなければ湿った感じがなくなることもありますㅠㅠ雨が来たのでもっとそうでした それ以外は体調が良かったです。 防音も上手です！!!!!  フロントにいたスタッフの方もとても親切で、一人が韓国語を少し話してくれて可愛くて親切でした。  ⭐️朝食はとてもおいしいです。 8時半前に行くことをお勧めします!!!!より多様なときにたくさんお召し上がりください。  あまりにも良いだけだったコンフォートの後にもぜひ利用します。","","","시골똥개","",""
"","FALSE","Google","5","2026-04-22","결론부터 얘기하자면 저한테는 참 좋기만 했던 숙소예요 숙소 사진은 찍지 못했지만!  ⭐️⭐️⭐️체크인 전후로 무료로 짐 맡길 수 있습니다!!!!!!  위치는 하카타역에서 걸어서 2-3분 정도에 위치해 있는 아주 좋은 곳이고 일본에서 대중교통만 이용하다 보니 위치가 아주 중요했는데 지하철 역과 버스 정류장 전부 가까이 위치해 있습니다  왠만한 후쿠오카 유명지는 버스로도 다 가능할 정도로 하카타 역과 가까이 있어서 이동의 어려움이나 도보로도 이동이 어려울 게 없었습니다.  아래에는 바로 스타벅스와 세븐일레븐 (세븐 중에서도 다양함이 더 커요 주변에 호텔과 회사가 많아서 그런 거 같습니다) 이 있어서 필요한 건 전부 구할 수 있었어요!!  호텔 위생 상태는 리뷰를 보고 걱정을 많이 했는데 제가 묵었던 방은 상태가 너무 좋았습니다! 들어가서 에어컨이랑 제습기? 두 개 빵빵하게 틀어야 습한 느낌이 없어지는 것도 있어요ㅠㅠ 비가 왔어서 더욱 그랬습니다 그거 말고는 컨디션이 너무 좋았어요 방음도 잘 돼요!!!!!  프런트에 계시던 직원 분들도 너무 친절하시고 한 분이 한국어를 조금 할 줄 아셔서 귀엽고 친절하셨습니다ㅠㅠ  ⭐️조식 매우 맛있습니다. 8시 반 전에 가시는 거 추천 드려요!!!! 더 다양할 때 많이 드시는 걸 추천 드립니다  너무 좋기만 했둔 컴포트 다음에도 꼭 이용할게요","","","結論から話すと私にはとても良いだけだった宿ですよ宿の写真は撮れませんでしたが！  ⭐️⭐️⭐️チェックイン前後で無料で荷物預けられます!!!!!!  場所は博多駅から歩いて2-3分ほどに位置しているとても良いところで、日本で公共交通機関のみ利用しているので、場所がとても重要でしたが、地下鉄駅とバス停全部近くに位置しています。なかった。  下にはすぐにスターバックスとセブンイレブン（セブンの中でも多様性がより大きいです。 周辺にホテルや会社が多くてそんなことのようです）があって必要なもの全部手に入れられました！  ホテルの衛生状態はレビューを見て心配をたくさんしましたが、私が泊まった部屋は状態がとても良かったです！入ってエアコンと除湿機？二つのパンパンにねじれなければ湿った感じがなくなることもありますㅠㅠ 雨が来たのでさらにそうしました それだけでは体調がとても良かったです 防音も上手になります！  フロントにいたスタッフの方々もとても親切で、一人が韓国語を少しすることをご存知で可愛くて親切でしたㅠㅠ⭐️朝食はとてもおいしいです。 8時半前に行くのがおすすめですよ!!!!もっと多様な時にたくさんお召し上がりいただくことをおすすめいたします。","","","시골똥개","","FALSE","Google","5","2026-04-22","결론부터 얘기하자면 저한테는 참 좋기만 했던 숙소예요 숙소 사진은 찍지 못했지만!  ⭐️⭐️⭐️체크인 전후로 무료로 짐 맡길 수 있습니다!!!!!!  위치는 하카타역에서 걸어서 2-3분 정도에 위치해 있는 아주 좋은 곳이고 일본에서 대중교통만 이용하다 보니 위치가 아주 중요했는데 지하철 역과 버스 정류장 전부 가까이 위치해 있습니다  왠만한 후쿠오카 유명지는 버스로도 다 가능할 정도로 하카타 역과 가까이 있어서 이동의 어려움이나 도보로도 이동이 어려울 게 없었습니다.  아래에는 바로 스타벅스와 세븐일레븐 (세븐 중에서도 다양함이 더 커요 주변에 호텔과 회사가 많아서 그런 거 같습니다) 이 있어서 필요한 건 전부 구할 수 있었어요!!  호텔 위생 상태는 리뷰를 보고 걱정을 많이 했는데 제가 묵었던 방은 상태가 너무 좋았습니다! 들어가서 에어컨이랑 제습기? 두 개 빵빵하게 틀어야 습한 느낌이 없어지는 것도 있어요ㅠㅠ 비가 왔어서 더욱 그랬습니다 그거 말고는 컨디션이 너무 좋았어요 방음도 잘 돼요!!!!!  프런트에 계시던 직원 분들도 너무 친절하시고 한 분이 한국어를 조금 할 줄 아셔서 귀엽고 친절하셨습니다ㅠㅠ  ⭐️조식 매우 맛있습니다. 8시 반 전에 가시는 거 추천 드려요!!!! 더 다양할 때 많이 드시는 걸 추천 드립니다  너무 좋기만 했둔 컴포트 다음에도 꼭 이용할게요","","","結論から話すと私にはとても良いだけだった宿ですよ宿の写真は撮れませんでしたが！  ⭐️⭐️⭐️チェックイン前後で無料で荷物預けられます!!!!!!  場所は博多駅から歩いて2-3分ほどに位置しているとても良いところで、日本で公共交通機関のみ利用しているので、場所がとても重要でしたが、地下鉄駅とバス停全部近くに位置しています。なかった。  下にはすぐにスターバックスとセブンイレブン（セブンの中でも多様性がより大きいです。 周辺にホテルや会社が多くてそんなことのようです）があって必要なもの全部手に入れられました！  ホテルの衛生状態はレビューを見て心配をたくさんしましたが、私が泊まった部屋は状態がとても良かったです！入ってエアコンと除湿機？二つのパンパンにねじれなければ湿った感じがなくなることもありますㅠㅠ 雨が来たのでさらにそうしました それだけでは体調がとても良かったです 防音も上手になります！  フロントにいたスタッフの方々もとても親切で、一人が韓国語を少しすることをご存知で可愛くて親切でしたㅠㅠ⭐️朝食はとてもおいしいです。 8時半前に行くのがおすすめですよ!!!!もっと多様な時にたくさんお召し上がりいただくことをおすすめいたします。","","","시골똥개","",""
"","FALSE","Google","1","2026-04-21","除了地點的優勢之外，我想不出任何優點！  房內昏暗，異常潮濕、悶熱。 屢次向櫃台反映，但櫃台人員的外語能力不足，態度差勁，我發誓這輩子再也不會再來住這間飯店！","","","立地が良いという点以外に、良い点は何も思いつきません！部屋は暗くて、ひどく湿気がこもっていて、息苦しかったです。フロントに何度も苦情を言いましたが、スタッフの外国語能力は不十分で、態度も最悪でした。二度とこのホテルには泊まりません！","","","Orli Catman","","FALSE","Google","1","2026-04-21","除了地點的優勢之外，我想不出任何優點！  房內昏暗，異常潮濕、悶熱。 屢次向櫃台反映，但櫃台人員的外語能力不足，態度差勁，我發誓這輩子再也不會再來住這間飯店！","","","立地が良いという点以外に、良い点は何も思いつきません！部屋は暗くて、ひどく湿気がこもっていて、息苦しかったです。フロントに何度も苦情を言いましたが、スタッフの外国語能力は不十分で、態度も最悪でした。二度とこのホテルには泊まりません！","","","Orli Catman","",""
"","FALSE","Trip.com","10","2026-04-21","雖然是老飯店，但維持的很好，我選了榻榻米和式房，晚上很好睡，而且飯店就在博多站旁邊，周邊很方便。飯店的早餐很日式，我很喜歡","","","築年数は経っていますが、とてもよく手入れされています。私は畳敷きの和室を選びましたが、夜はぐっすり眠ることができました。ホテルは博多駅のすぐそばという便利な立地です。朝食は本格的な和食で、とても美味しくいただきました。","","","ゲ‍ス‍ト","","FALSE","Trip.com","10","2026-04-21","雖然是老飯店，但維持的很好，我選了榻榻米和式房，晚上很好睡，而且飯店就在博多站旁邊，周邊很方便。飯店的早餐很日式，我很喜歡","","","築年数は経っていますが、とてもよく手入れされています。私は畳敷きの和室を選びましたが、夜はぐっすり眠ることができました。ホテルは博多駅のすぐそばという便利な立地です。朝食は本格的な和食で、とても美味しくいただきました。","","","ゲ‍ス‍ト","",""
"","FALSE","Google","1","2026-04-21","立地が良いこと以外に、良い点が全く思いつきません！  部屋は暗く、異常に湿気が多く、蒸し暑かったです。  フロントに何度も苦情を言いましたが、スタッフの外国語能力は不十分で、態度も最悪でした。二度とこのホテルには泊まりません！","","","立地が良いこと以外に、良い点が全く思いつきません！  部屋は暗く、異常に湿気が多く、蒸し暑かったです。  フロントに何度も苦情を言いましたが、スタッフの外国語能力は不十分で、態度も最悪でした。二度とこのホテルには泊まりません！","","","Orli Catman","","FALSE","Google","1","2026-04-21","立地が良いこと以外に、良い点が全く思いつきません！  部屋は暗く、異常に湿気が多く、蒸し暑かったです。  フロントに何度も苦情を言いましたが、スタッフの外国語能力は不十分で、態度も最悪でした。二度とこのホテルには泊まりません！","","","立地が良いこと以外に、良い点が全く思いつきません！  部屋は暗く、異常に湿気が多く、蒸し暑かったです。  フロントに何度も苦情を言いましたが、スタッフの外国語能力は不十分で、態度も最悪でした。二度とこのホテルには泊まりません！","","","Orli Catman","",""
"","FALSE","Booking.com","2","2026-04-20","","","","","","","Shinjiy","","FALSE","Booking.com","2","2026-04-20","","","","","","","Shinjiy","",""
"","FALSE","Booking.com","10","2026-04-20","","","","","","","薏慈","","FALSE","Booking.com","10","2026-04-20","","","","","","","薏慈","",""
"","FALSE","Trip.com","5","2026-04-20","1. 4월말~5월초여도 특정시간대에는 날씨가 매우 덥고 방안은 더 덥습니다. 게다가 창문도 없어서 더 덥습니다. 그래서 에어컨을 틀어달라 요청을 했으나 아직 에어컨을 가동시킬 시기가 아니라며 안된다고 합니다. 그냥 냉기없이 바람만 나오며 에어컨을 안틀어준다고 합니다. 저 뿐만아니라 옆에 다른 호텔 이용객도 너무 더워서 에어컨을 틀어달라고 했으나 안틀어준다고 합니다,  가족여행으로 부모님을 모시고 왔고 내 돈을 지불하고 호텔을 이용하는데 에어컨도 내마음대로 못트는게 잘못되었다고 생각합니다. 무작정 비판하는것이 아닌 정중하게 요청을 했음에도 이용객이 마음대로 에어컨도 못틀게 하는것이 정상적인 운영이 맞나 싶습니다,   2. 시설이 노후된 부분은 당연히 세월이 지나며 어쩔 수 없다고 생각합니다. 다만 환풍구 같은곳이 청소가 안되어서 먼지가 상당히 많이 쌓여있습니다. 그리고 가구나 옷장에 먼지가 많이 있어서 그 부분은 조금 아쉽습니다. 노후된 부분을 지적하는게 아닙니다. 말그대로 청소상태에 대한 부분입니다,   3. 조식은 훌륭합니다. 단백질과 탄수화물, 채소류가 적절하게 잘 나와서 하루의 시작을 힘이나게 잘 준비해주십니다. 이부분은 매우 좋습니다  4. 직원분들의 친절도 또한 매우 좋습니다,  인사도 종종 해주시고 고객응대시 친절하게 해주십니다 .(다만 에어컨을 안틀어주는 시스템과 운영방침이 이해가 안가고 내돈을 내고 숙박을 하는데 에어컨조차 못틀게 하는게 당황스럽고 다시는 이용하고 싶지 않은 이유입니다)  5.비가올때 우산대여 서비스는 칭찬해주고 싶습니다.","","","1. 4月末～5月初めでも、特定の時間帯には天気が非常に暑く、案はより暑いです。しかも窓もなくて暑いです。だからエアコンを入れて要請したが、まだエアコンを稼働させる時期ではないといえないという。ちょうど冷気なしで風だけ出てエアコンを漂わせてくれるそうです。私だけでなく、隣に他のホテルの利用者も暑すぎてエアコンを入れてほしいと言っていたのですが、安らかにしてくれるそうです。無作為に批判するのではなく丁寧に要請をしたにもかかわらず、利用者が勝手にエアコンも苦手にするのが正常な運営が合いたいと思います。ただし、換気口のような場所は清掃できず、ほこりがかなりたくさん積み上げられています。そして家具やワードローブにほこりがたくさんあり、その部分は少し残念です。老朽化した部分を指摘するわけではありません。文字通り清掃状態の一部です、3.朝食は素晴らしいです。たんぱく質や炭水化物、野菜類が適切に出てきて、一日の始まりを力強く準備してくれます。この部分は非常に良いです。したいです。","","","ゲ‍ス‍ト","","FALSE","Trip.com","5","2026-04-20","1. 4월말~5월초여도 특정시간대에는 날씨가 매우 덥고 방안은 더 덥습니다. 게다가 창문도 없어서 더 덥습니다. 그래서 에어컨을 틀어달라 요청을 했으나 아직 에어컨을 가동시킬 시기가 아니라며 안된다고 합니다. 그냥 냉기없이 바람만 나오며 에어컨을 안틀어준다고 합니다. 저 뿐만아니라 옆에 다른 호텔 이용객도 너무 더워서 에어컨을 틀어달라고 했으나 안틀어준다고 합니다,  가족여행으로 부모님을 모시고 왔고 내 돈을 지불하고 호텔을 이용하는데 에어컨도 내마음대로 못트는게 잘못되었다고 생각합니다. 무작정 비판하는것이 아닌 정중하게 요청을 했음에도 이용객이 마음대로 에어컨도 못틀게 하는것이 정상적인 운영이 맞나 싶습니다,   2. 시설이 노후된 부분은 당연히 세월이 지나며 어쩔 수 없다고 생각합니다. 다만 환풍구 같은곳이 청소가 안되어서 먼지가 상당히 많이 쌓여있습니다. 그리고 가구나 옷장에 먼지가 많이 있어서 그 부분은 조금 아쉽습니다. 노후된 부분을 지적하는게 아닙니다. 말그대로 청소상태에 대한 부분입니다,   3. 조식은 훌륭합니다. 단백질과 탄수화물, 채소류가 적절하게 잘 나와서 하루의 시작을 힘이나게 잘 준비해주십니다. 이부분은 매우 좋습니다  4. 직원분들의 친절도 또한 매우 좋습니다,  인사도 종종 해주시고 고객응대시 친절하게 해주십니다 .(다만 에어컨을 안틀어주는 시스템과 운영방침이 이해가 안가고 내돈을 내고 숙박을 하는데 에어컨조차 못틀게 하는게 당황스럽고 다시는 이용하고 싶지 않은 이유입니다)  5.비가올때 우산대여 서비스는 칭찬해주고 싶습니다.","","","1. 4月末～5月初めでも、特定の時間帯には天気が非常に暑く、案はより暑いです。しかも窓もなくて暑いです。だからエアコンを入れて要請したが、まだエアコンを稼働させる時期ではないといえないという。ちょうど冷気なしで風だけ出てエアコンを漂わせてくれるそうです。私だけでなく、隣に他のホテルの利用者も暑すぎてエアコンを入れてほしいと言っていたのですが、安らかにしてくれるそうです。無作為に批判するのではなく丁寧に要請をしたにもかかわらず、利用者が勝手にエアコンも苦手にするのが正常な運営が合いたいと思います。ただし、換気口のような場所は清掃できず、ほこりがかなりたくさん積み上げられています。そして家具やワードローブにほこりがたくさんあり、その部分は少し残念です。老朽化した部分を指摘するわけではありません。文字通り清掃状態の一部です、3.朝食は素晴らしいです。たんぱく質や炭水化物、野菜類が適切に出てきて、一日の始まりを力強く準備してくれます。この部分は非常に良いです。したいです。","","","ゲ‍ス‍ト","",""
"","FALSE","Trip.com","8","2026-04-20","위치는 바로 하카타역 건너라서 정말 좋았어요 도착하자 마자 가방 맡기고 나와서 일정 보고 중간 중간 하카타역에서 쇼핑하고 가방 안에다가 쇼핑한거 넣으니까 좋더라구요 체크인은 3시라 늦은편인데 일단 체크인하고 좀 쉬다 나와서 또 주변이 하카타역이라 돌아다니기 넘 좋더라구요  그리고 나오는 날도 짐 맡기는 곳에 락커에 캐리어 걸어두고 왔다 갔다 쇼핑하고 짐 넣고 바로 앞에서 택시타고 공항 오니까 넘 좋았어요  그동안 후쿠오카 여러번 가고 주변 호텔들도 여러개 썼었는데 가격대비 괜찮은것 같습니다  바로 밑에 편의점도 있어서 간식 같은것도 사다 먹기에 좋구요","","","場所はすぐ博多駅を渡ったので本当によかったです。日も荷物預かるところにロッカーにキャリアをかけて来て行った 買い物して荷物入れてすぐ前からタクシー乗り空港に来たので以上良かったです その間福岡何度も行って周辺のホテルもいくつも使ったが価格に比べて大丈夫そうです すぐ下にコンビニもありました","","","C‍h‍o‍i‍8‍0","","FALSE","Trip.com","8","2026-04-20","위치는 바로 하카타역 건너라서 정말 좋았어요 도착하자 마자 가방 맡기고 나와서 일정 보고 중간 중간 하카타역에서 쇼핑하고 가방 안에다가 쇼핑한거 넣으니까 좋더라구요 체크인은 3시라 늦은편인데 일단 체크인하고 좀 쉬다 나와서 또 주변이 하카타역이라 돌아다니기 넘 좋더라구요  그리고 나오는 날도 짐 맡기는 곳에 락커에 캐리어 걸어두고 왔다 갔다 쇼핑하고 짐 넣고 바로 앞에서 택시타고 공항 오니까 넘 좋았어요  그동안 후쿠오카 여러번 가고 주변 호텔들도 여러개 썼었는데 가격대비 괜찮은것 같습니다  바로 밑에 편의점도 있어서 간식 같은것도 사다 먹기에 좋구요","","","場所はすぐ博多駅を渡ったので本当によかったです。日も荷物預かるところにロッカーにキャリアをかけて来て行った 買い物して荷物入れてすぐ前からタクシー乗り空港に来たので以上良かったです その間福岡何度も行って周辺のホテルもいくつも使ったが価格に比べて大丈夫そうです すぐ下にコンビニもありました","","","C‍h‍o‍i‍8‍0","",""
"","FALSE","Trip.com","10","2026-04-20","我覺得空間算蠻大的，除了地毯黑黑看起來舊舊的，其它我覺得都ok，櫃檯接待很客氣、早餐種類不多但味道是好吃的","","","部屋はかなり広いと思います。暗くて少し古びたカーペットを除けば、他はすべて問題ありませんでした。受付の人はとても丁寧で、朝食の種類は多くはありませんでしたが、料理は美味しかったです。","","","ゲ‍ス‍ト","","FALSE","Trip.com","10","2026-04-20","我覺得空間算蠻大的，除了地毯黑黑看起來舊舊的，其它我覺得都ok，櫃檯接待很客氣、早餐種類不多但味道是好吃的","","","部屋はかなり広いと思います。暗くて少し古びたカーペットを除けば、他はすべて問題ありませんでした。受付の人はとても丁寧で、朝食の種類は多くはありませんでしたが、料理は美味しかったです。","","","ゲ‍ス‍ト","",""
"","FALSE","Trip.com","10","2026-04-20","Great time there","","","そこで素晴らしい時間を過ごしました。","","","S‍u‍p‍e‍r‍1‍1","","FALSE","Trip.com","10","2026-04-20","Great time there","","","そこで素晴らしい時間を過ごしました。","","","S‍u‍p‍e‍r‍1‍1","",""
"","FALSE","Booking.com","6","2026-04-19","","Location close to station","Breakfast but then again you cannot expect to have full English breakfast in Japan just enough basic stuff to keep you going","","駅に近い立地","朝食はありますが、日本で本格的なイングリッシュブレックファーストを期待することはできません。最低限の基本的な朝食で十分です。","Steven","","FALSE","Booking.com","6","2026-04-19","","Location close to station","Breakfast but then again you cannot expect to have full English breakfast in Japan just enough basic stuff to keep you going","","駅に近い立地","朝食はありますが、日本で本格的なイングリッシュブレックファーストを期待することはできません。最低限の基本的な朝食で十分です。","Steven","",""
"","FALSE","Trip.com","8","2026-04-19","Excellent location for travel around North Kyushu area","","","北九州地方への旅行に最適な立地です。","","","ゲ‍ス‍ト","","FALSE","Trip.com","8","2026-04-19","Excellent location for travel around North Kyushu area","","","北九州地方への旅行に最適な立地です。","","","ゲ‍ス‍ト","",""
"","FALSE","Google","3","2026-04-19","","","","","","","Naoto Kitajima","","FALSE","Google","3","2026-04-19","","","","","","","Naoto Kitajima","",""
"","FALSE","Booking.com","7","2026-04-16","","","","","","","Weipyng","","FALSE","Booking.com","7","2026-04-16","","","","","","","Weipyng","",""
"","FALSE","楽天トラベル","3","2026-04-16","ホテル自体が少し古めで、部屋も少し暗かったです。朝食バイキングは普通に美味しく、パンも次々と色んな種類が出ていました。 駅の目の前にあるので立地はとても便利です！","","","ホテル自体が少し古めで、部屋も少し暗かったです。朝食バイキングは普通に美味しく、パンも次々と色んな種類が出ていました。 駅の目の前にあるので立地はとても便利です！","","","ちゃっぴー1026","","FALSE","楽天トラベル","3","2026-04-16","ホテル自体が少し古めで、部屋も少し暗かったです。朝食バイキングは普通に美味しく、パンも次々と色んな種類が出ていました。 駅の目の前にあるので立地はとても便利です！","","","ホテル自体が少し古めで、部屋も少し暗かったです。朝食バイキングは普通に美味しく、パンも次々と色んな種類が出ていました。 駅の目の前にあるので立地はとても便利です！","","","ちゃっぴー1026","",""
"","FALSE","Trip.com","7","2026-04-16","位置很不錯","","","立地はとても良いです。","","","ゲ‍ス‍ト","","FALSE","Trip.com","7","2026-04-16","位置很不錯","","","立地はとても良いです。","","","ゲ‍ス‍ト","",""
"","FALSE","Trip.com","10","2026-04-16","博多駅から徒歩5分の好立地で、地下には衣食住の有名店が並ぶ場所があり、とても便利です。リーズナブルの割には部屋も綺麗だし、同じ価格のホテルと比べても水回りも整備されています。","","","博多駅から徒歩5分の好立地で、地下には衣食住の有名店が並ぶ場所があり、とても便利です。リーズナブルの割には部屋も綺麗だし、同じ価格のホテルと比べても水回りも整備されています。","","","ラ‍ミ‍ー","","FALSE","Trip.com","10","2026-04-16","博多駅から徒歩5分の好立地で、地下には衣食住の有名店が並ぶ場所があり、とても便利です。リーズナブルの割には部屋も綺麗だし、同じ価格のホテルと比べても水回りも整備されています。","","","博多駅から徒歩5分の好立地で、地下には衣食住の有名店が並ぶ場所があり、とても便利です。リーズナブルの割には部屋も綺麗だし、同じ価格のホテルと比べても水回りも整備されています。","","","ラ‍ミ‍ー","",""
"","FALSE","Trip.com","10","2026-04-16","일단 위치가 너무 좋아서 짐이 많아도 잠깐 두고가기도 편하고 뷰가 너무 이뻐요 진짜,,,,!!! 직원들도 다 너무 친절하고 초밥 사와놓고 젓가락 안가져와서 프론트에 혹시 있나 문의했더니 친절히 다 챙겨주실정도에요!!","","","とりあえず位置が良くて荷物が多くてもしばらく置いていくのも楽でビューがとてもきれいです 本物、、、、！スタッフもみんなとても親切で寿司を沢山置いてお箸を持ってきてフロントにもしているかお問い合わせいただきましたら親切に全部手に入れてくださるくらいです！","","","ゲ‍ス‍ト","","FALSE","Trip.com","10","2026-04-16","일단 위치가 너무 좋아서 짐이 많아도 잠깐 두고가기도 편하고 뷰가 너무 이뻐요 진짜,,,,!!! 직원들도 다 너무 친절하고 초밥 사와놓고 젓가락 안가져와서 프론트에 혹시 있나 문의했더니 친절히 다 챙겨주실정도에요!!","","","とりあえず位置が良くて荷物が多くてもしばらく置いていくのも楽でビューがとてもきれいです 本物、、、、！スタッフもみんなとても親切で寿司を沢山置いてお箸を持ってきてフロントにもしているかお問い合わせいただきましたら親切に全部手に入れてくださるくらいです！","","","ゲ‍ス‍ト","",""
"","FALSE","Trip.com","9","2026-04-15","Check in時￼，有遇到會講中文的服務人員，飯店地點走出博多車站過個紅綠燈就到達，距離非常近，是讓人下次還會想再預訂。￼","","","チェックインの際、中国語を話せるスタッフに出会いました。ホテルは博多駅から信号を渡ったすぐの場所にあり、非常に便利なので、またぜひ利用したいと思います。","","","ゲ‍ス‍ト","","FALSE","Trip.com","9","2026-04-15","Check in時￼，有遇到會講中文的服務人員，飯店地點走出博多車站過個紅綠燈就到達，距離非常近，是讓人下次還會想再預訂。￼","","","チェックインの際、中国語を話せるスタッフに出会いました。ホテルは博多駅から信号を渡ったすぐの場所にあり、非常に便利なので、またぜひ利用したいと思います。","","","ゲ‍ス‍ト","",""
"","FALSE","Trip.com","9","2026-04-15","飯店人員很親切，會盡力協助解決問題 地點非常方便，對面就是博多車站 房間算寬敞舒適，29+27吋行李同時全開也沒問題 雖然裝潢不是很時髦嶄新，但是滿乾淨的，只是冰箱真的太舊了XD 唯一的問題真的是隔音較差，救護車、警察的聲音很大聲 早餐是免費的，味道也算不錯，其他時間也可以在餐廳的區域，享用免費的飲料","","","ホテルスタッフはとても親切で、問題解決のために最善を尽くしてくれました。立地は博多駅の真向かいと非常に便利です。部屋は広々として快適で、29インチと27インチのスーツケースをフルに伸ばしても問題ありませんでした。内装は特に流行の最先端というわけではありませんでしたが、清潔感はありました。ただ、冷蔵庫はかなり古かったです（笑）。唯一の難点は防音性の悪さで、救急車やパトカーの音がかなり大きく聞こえました。朝食は無料で、味もなかなか美味しかったです。レストランエリアでは、それ以外の時間帯にも無料のドリンクが提供されていました。","","","ゲ‍ス‍ト","","FALSE","Trip.com","9","2026-04-15","飯店人員很親切，會盡力協助解決問題 地點非常方便，對面就是博多車站 房間算寬敞舒適，29+27吋行李同時全開也沒問題 雖然裝潢不是很時髦嶄新，但是滿乾淨的，只是冰箱真的太舊了XD 唯一的問題真的是隔音較差，救護車、警察的聲音很大聲 早餐是免費的，味道也算不錯，其他時間也可以在餐廳的區域，享用免費的飲料","","","ホテルスタッフはとても親切で、問題解決のために最善を尽くしてくれました。立地は博多駅の真向かいと非常に便利です。部屋は広々として快適で、29インチと27インチのスーツケースをフルに伸ばしても問題ありませんでした。内装は特に流行の最先端というわけではありませんでしたが、清潔感はありました。ただ、冷蔵庫はかなり古かったです（笑）。唯一の難点は防音性の悪さで、救急車やパトカーの音がかなり大きく聞こえました。朝食は無料で、味もなかなか美味しかったです。レストランエリアでは、それ以外の時間帯にも無料のドリンクが提供されていました。","","","ゲ‍ス‍ト","",""
"","FALSE","Trip.com","10","2026-04-15","I had a wonderful stay at this hotel. The room was spacious and very comfortable, which made it easy to relax after a long day. The location is also very convenient, with easy access to transportation and nearby attractions.","","","このホテルでの滞在は素晴らしかったです。部屋は広々としていてとても快適だったので、長い一日の後、ゆっくりとくつろぐことができました。立地も非常に便利で、交通機関や近隣の観光スポットへのアクセスも容易でした。","","","M‍i‍s‍h‍o‍_‍O","","FALSE","Trip.com","10","2026-04-15","I had a wonderful stay at this hotel. The room was spacious and very comfortable, which made it easy to relax after a long day. The location is also very convenient, with easy access to transportation and nearby attractions.","","","このホテルでの滞在は素晴らしかったです。部屋は広々としていてとても快適だったので、長い一日の後、ゆっくりとくつろぐことができました。立地も非常に便利で、交通機関や近隣の観光スポットへのアクセスも容易でした。","","","M‍i‍s‍h‍o‍_‍O","",""
"","FALSE","Trip.com","9","2026-04-15","房間空間不大，設施有點老舊，飯店位置極佳，對面就是博多車站跟巴士總站，到哪都非常方便，生活機能良好，附近百貨商場林立，吃喝選擇性多，因為飯店早餐是免費的，口味與選擇上還算可以接受，比較不滿意的是飯店提供的Wifi不太穩定，有時正常有時不正常，不如使用自己的網路，另外就是浴室的蓮蓬頭水壓不錯，但水溫不太穩定，雖然不至於忽冷忽熱，但溫度確實會上上下下的。","","","部屋は狭く、設備もやや古かった。ホテルの立地は素晴らしく、博多駅とバスターミナルの真向かいに位置していたため、移動には非常に便利だった。周辺にはデパートが多く、飲食店も豊富で、生活に必要な施設が揃っていた。朝食は無料で、味も種類もまずまずだった。唯一の難点はWi-Fiの接続が不安定だったことで、繋がったり繋がらなかったりしたため、自分のインターネットを使った方が良かった。また、シャワーの水圧は良かったが、水温が一定せず、熱すぎたり冷たすぎたりはしなかったものの、温度が変動した。","","","洪‍俞‍任","","FALSE","Trip.com","9","2026-04-15","房間空間不大，設施有點老舊，飯店位置極佳，對面就是博多車站跟巴士總站，到哪都非常方便，生活機能良好，附近百貨商場林立，吃喝選擇性多，因為飯店早餐是免費的，口味與選擇上還算可以接受，比較不滿意的是飯店提供的Wifi不太穩定，有時正常有時不正常，不如使用自己的網路，另外就是浴室的蓮蓬頭水壓不錯，但水溫不太穩定，雖然不至於忽冷忽熱，但溫度確實會上上下下的。","","","部屋は狭く、設備もやや古かった。ホテルの立地は素晴らしく、博多駅とバスターミナルの真向かいに位置していたため、移動には非常に便利だった。周辺にはデパートが多く、飲食店も豊富で、生活に必要な施設が揃っていた。朝食は無料で、味も種類もまずまずだった。唯一の難点はWi-Fiの接続が不安定だったことで、繋がったり繋がらなかったりしたため、自分のインターネットを使った方が良かった。また、シャワーの水圧は良かったが、水温が一定せず、熱すぎたり冷たすぎたりはしなかったものの、温度が変動した。","","","洪‍俞‍任","",""
"","FALSE","楽天トラベル","4","2026-04-13","コスパ最強！","","","コスパ最強！","","","はなよさくよ","","FALSE","楽天トラベル","4","2026-04-13","コスパ最強！","","","コスパ最強！","","","はなよさくよ","",""
"","FALSE","Trip.com","7","2026-04-13","ทำเลดี อาหารเช้าไม่ดี ห้แงแคบ แอร์ไม่เย็น","","","立地は良かったが、朝食はまずく、部屋は狭く、エアコンも故障していた。","","","R‍o‍n‍g‍n‍a‍j‍a","","FALSE","Trip.com","7","2026-04-13","ทำเลดี อาหารเช้าไม่ดี ห้แงแคบ แอร์ไม่เย็น","","","立地は良かったが、朝食はまずく、部屋は狭く、エアコンも故障していた。","","","R‍o‍n‍g‍n‍a‍j‍a","",""
"","FALSE","Trip.com","8","2026-04-13","직원분들 모두 친절하시고 위치가 굉장히 좋네요 조식도 나름 괜찮았습니다","","","スタッフ全員親切で場所がとても良いですね朝食もそれなり大丈夫でした","","","ゲ‍ス‍ト","","FALSE","Trip.com","8","2026-04-13","직원분들 모두 친절하시고 위치가 굉장히 좋네요 조식도 나름 괜찮았습니다","","","スタッフ全員親切で場所がとても良いですね朝食もそれなり大丈夫でした","","","ゲ‍ス‍ト","",""
"","FALSE","Trip.com","9","2026-04-13","가성비 최고","","","コスパ最高","","","ゲ‍ス‍ト","","FALSE","Trip.com","9","2026-04-13","가성비 최고","","","コスパ最高","","","ゲ‍ス‍ト","",""
"","FALSE","Trip.com","10","2026-04-13","位置就在博多車站對面 周邊很多餐廳 火車站大樓就是購物中心 酒店房間乾淨 工作人員友好 早餐簡單但是很有營養 下次去博多一定還會入住這家","","","ホテルは博多駅の真向かいに位置し、周辺には多くの飲食店が立ち並んでいます。駅舎はショッピングセンターとしても利用されています。客室は清潔で、スタッフは親切、朝食はシンプルながら栄養満点でした。次回博多を訪れる際は、必ずまたここに泊まりたいと思います。","","","ゲ‍ス‍ト","","FALSE","Trip.com","10","2026-04-13","位置就在博多車站對面 周邊很多餐廳 火車站大樓就是購物中心 酒店房間乾淨 工作人員友好 早餐簡單但是很有營養 下次去博多一定還會入住這家","","","ホテルは博多駅の真向かいに位置し、周辺には多くの飲食店が立ち並んでいます。駅舎はショッピングセンターとしても利用されています。客室は清潔で、スタッフは親切、朝食はシンプルながら栄養満点でした。次回博多を訪れる際は、必ずまたここに泊まりたいと思います。","","","ゲ‍ス‍ト","",""
"","FALSE","Booking.com","4","2026-04-13","","","","","","","Ping","","FALSE","Booking.com","4","2026-04-13","","","","","","","Ping","",""
"","FALSE","Trip.com","10","2026-04-13","Ottimo soggiorno!","","","素晴らしい滞在でした！","","","ゲ‍ス‍ト","","FALSE","Trip.com","10","2026-04-13","Ottimo soggiorno!","","","素晴らしい滞在でした！","","","ゲ‍ス‍ト","",""
"","FALSE","Trip.com","9","2026-04-12","여긴 위치가 다한 곳이예요 위치깡패입니다 나름 조식도 갓이예요 하카타역 맞은편이고 1층에는 스벅과 편의점이 가깝고 지하에는 이치란 라멘도 있어요","","","これは場所が尽きたところです。","","","닭‍발‍이","","FALSE","Trip.com","9","2026-04-12","여긴 위치가 다한 곳이예요 위치깡패입니다 나름 조식도 갓이예요 하카타역 맞은편이고 1층에는 스벅과 편의점이 가깝고 지하에는 이치란 라멘도 있어요","","","これは場所が尽きたところです。","","","닭‍발‍이","",""
"","FALSE","Trip.com","10","2026-04-12","어디든 편히 다녕옷ㄴ 수 있어서 넘 좋아요","","","どこでも快適にこんにちは服ができてとても良いです。","","","쿤‍타","","FALSE","Trip.com","10","2026-04-12","어디든 편히 다녕옷ㄴ 수 있어서 넘 좋아요","","","どこでも快適にこんにちは服ができてとても良いです。","","","쿤‍타","",""
"","FALSE","Trip.com","9","2026-04-12","在車站對面，方面第二天一朝早乘坐火車出行。送早餐，雖選擇不多，但足夠。有日式及西式食飯供選擇","","","駅の向かいに位置し、翌朝の電車利用に便利です。朝食付きで、種類は限られていますが十分です。和食と洋食が選べます。","","","ゲ‍ス‍ト","","FALSE","Trip.com","9","2026-04-12","在車站對面，方面第二天一朝早乘坐火車出行。送早餐，雖選擇不多，但足夠。有日式及西式食飯供選擇","","","駅の向かいに位置し、翌朝の電車利用に便利です。朝食付きで、種類は限られていますが十分です。和食と洋食が選べます。","","","ゲ‍ス‍ト","",""
"","FALSE","Booking.com","5","2026-04-12","","駅から近かった。","部屋の壁にシールが貼ってあった。 掃除の時に気づかなかったみたい。壁と似た色だから分からなかったのかな。","","駅から近かった。","部屋の壁にシールが貼ってあった。 掃除の時に気づかなかったみたい。壁と似た色だから分からなかったのかな。","いし","","FALSE","Booking.com","5","2026-04-12","","駅から近かった。","部屋の壁にシールが貼ってあった。 掃除の時に気づかなかったみたい。壁と似た色だから分からなかったのかな。","","駅から近かった。","部屋の壁にシールが貼ってあった。 掃除の時に気づかなかったみたい。壁と似た色だから分からなかったのかな。","いし","",""
"","FALSE","Booking.com","5","2026-04-12","","","","","","","Norie","","FALSE","Booking.com","5","2026-04-12","","","","","","","Norie","",""
"","FALSE","Trip.com","10","2026-04-12","Close to Hakata Station, lots of restaurants nearby, 7-11 and Starbucks are located right next to the hotel. It is a bit old but for the price is alright. Breakfast was ok, 3 main dishes and salad and soups with sausages and scrambled eggs, free lemon water and tea of the day and coffee between 2pm to midnight. Free night gowns from lobby. Would recommend if you want a hotel close to the station and not too picky about the food choices for breakfast","","","博多駅に近く、周辺にはたくさんのレストランがあり、セブンイレブンとスターバックスはホテルのすぐ隣にあります。少し古いですが、値段を考えれば妥当です。朝食はまあまあで、メイン料理3品とサラダ、ソーセージとスクランブルエッグのスープ、無料のレモンウォーター、日替わり紅茶、午後2時から深夜0時までのコーヒーがありました。ロビーで無料のナイトガウンを借りられます。駅に近いホテルを探していて、朝食の選択肢にあまりこだわりがないならおすすめです。","","","W‍i‍n‍c‍e‍e","","FALSE","Trip.com","10","2026-04-12","Close to Hakata Station, lots of restaurants nearby, 7-11 and Starbucks are located right next to the hotel. It is a bit old but for the price is alright. Breakfast was ok, 3 main dishes and salad and soups with sausages and scrambled eggs, free lemon water and tea of the day and coffee between 2pm to midnight. Free night gowns from lobby. Would recommend if you want a hotel close to the station and not too picky about the food choices for breakfast","","","博多駅に近く、周辺にはたくさんのレストランがあり、セブンイレブンとスターバックスはホテルのすぐ隣にあります。少し古いですが、値段を考えれば妥当です。朝食はまあまあで、メイン料理3品とサラダ、ソーセージとスクランブルエッグのスープ、無料のレモンウォーター、日替わり紅茶、午後2時から深夜0時までのコーヒーがありました。ロビーで無料のナイトガウンを借りられます。駅に近いホテルを探していて、朝食の選択肢にあまりこだわりがないならおすすめです。","","","W‍i‍n‍c‍e‍e","",""
"","FALSE","Booking.com","7","2026-04-11","","位置，近車站","房間床頭櫃頂完全冇清潔，滿佈灰塵，需要自己清潔","","駅近くの立地","部屋のベッドサイドテーブルの天板は全く掃除されておらず、埃まみれだったので、自分で掃除する必要があった。","Wai","","FALSE","Booking.com","7","2026-04-11","","位置，近車站","房間床頭櫃頂完全冇清潔，滿佈灰塵，需要自己清潔","","駅近くの立地","部屋のベッドサイドテーブルの天板は全く掃除されておらず、埃まみれだったので、自分で掃除する必要があった。","Wai","",""
"","FALSE","Booking.com","5","2026-04-11","","駅近","老朽化と枕の匂い","","駅近","老朽化と枕の匂い","Takafumi","","FALSE","Booking.com","5","2026-04-11","","駅近","老朽化と枕の匂い","","駅近","老朽化と枕の匂い","Takafumi","",""
"","FALSE","Booking.com","8","2026-04-11","","","","","","","Dorit","","FALSE","Booking.com","8","2026-04-11","","","","","","","Dorit","",""
"","FALSE","Google","3","2026-04-11","","","","","","","小池雅之","","FALSE","Google","3","2026-04-11","","","","","","","小池雅之","",""
"","FALSE","じゃらん","4","2026-04-11","ホテル自体は古さを感じます、部屋は綺麗にリニューアルされていましたが、ユニットバスは古いままでドアを開けた瞬間少し嫌な臭いがしました。チェックイン前と後にも荷物を預かってもらえて助かりました。本当に駅前の信号を渡るとすぐなので、大変便利です。  無料の朝食も付いていて、食べ過ぎることない適度な種類なので良かったです。  また博多に行く際は、利用したいと思います。","","","ホテル自体は古さを感じます、部屋は綺麗にリニューアルされていましたが、ユニットバスは古いままでドアを開けた瞬間少し嫌な臭いがしました。チェックイン前と後にも荷物を預かってもらえて助かりました。本当に駅前の信号を渡るとすぐなので、大変便利です。  無料の朝食も付いていて、食べ過ぎることない適度な種類なので良かったです。  また博多に行く際は、利用したいと思います。","","","みっちゃんさん","","FALSE","じゃらん","4","2026-04-11","ホテル自体は古さを感じます、部屋は綺麗にリニューアルされていましたが、ユニットバスは古いままでドアを開けた瞬間少し嫌な臭いがしました。チェックイン前と後にも荷物を預かってもらえて助かりました。本当に駅前の信号を渡るとすぐなので、大変便利です。  無料の朝食も付いていて、食べ過ぎることない適度な種類なので良かったです。  また博多に行く際は、利用したいと思います。","","","ホテル自体は古さを感じます、部屋は綺麗にリニューアルされていましたが、ユニットバスは古いままでドアを開けた瞬間少し嫌な臭いがしました。チェックイン前と後にも荷物を預かってもらえて助かりました。本当に駅前の信号を渡るとすぐなので、大変便利です。  無料の朝食も付いていて、食べ過ぎることない適度な種類なので良かったです。  また博多に行く際は、利用したいと思います。","","","みっちゃんさん","",""
"","FALSE","Trip.com","9","2026-04-10","Fue bastante cómoda, a pesar de solo estar 2 noches, la habitación era perfecta aunque el desayuno dejaba un poco que desear. Por lo general todo bien.","","","たった2泊の滞在でしたが、とても快適でした。部屋は完璧でしたが、朝食は少し物足りなさを感じました。全体的には満足です。","","","匿‍名‍ユ‍ー‍ザ‍ー","","FALSE","Trip.com","9","2026-04-10","Fue bastante cómoda, a pesar de solo estar 2 noches, la habitación era perfecta aunque el desayuno dejaba un poco que desear. Por lo general todo bien.","","","たった2泊の滞在でしたが、とても快適でした。部屋は完璧でしたが、朝食は少し物足りなさを感じました。全体的には満足です。","","","匿‍名‍ユ‍ー‍ザ‍ー","",""
"","FALSE","Trip.com","10","2026-04-10","I love this hotel with their sincere hospitality, the location is perfect with just 3 mins walk, right opposite the Hakata Station which makes it easy to travel around. It includes complimentary breakfast although my booking opted out breakfast. Staffs are superb and friendly. Would certainly stay here for my next trip to Fukuoka.","","","このホテルの温かいおもてなしが大好きです。立地も最高で、博多駅の真向かい、徒歩わずか3分なので、移動も楽々です。予約時に朝食はオプションで選びましたが、無料の朝食も付いていました。スタッフの方々は素晴らしく、とても親切でした。福岡にまた来る時は、必ずここに泊まりたいと思います。","","","ゲ‍ス‍ト","","FALSE","Trip.com","10","2026-04-10","I love this hotel with their sincere hospitality, the location is perfect with just 3 mins walk, right opposite the Hakata Station which makes it easy to travel around. It includes complimentary breakfast although my booking opted out breakfast. Staffs are superb and friendly. Would certainly stay here for my next trip to Fukuoka.","","","このホテルの温かいおもてなしが大好きです。立地も最高で、博多駅の真向かい、徒歩わずか3分なので、移動も楽々です。予約時に朝食はオプションで選びましたが、無料の朝食も付いていました。スタッフの方々は素晴らしく、とても親切でした。福岡にまた来る時は、必ずここに泊まりたいと思います。","","","ゲ‍ス‍ト","",""
"","FALSE","Trip.com","9","2026-04-10","Location good  Breakfast good  Room very clean Beds are comfortable and relax","","","立地が良い、朝食が良い、部屋がとても清潔、ベッドが快適でリラックスできる","","","ゲ‍ス‍ト","","FALSE","Trip.com","9","2026-04-10","Location good  Breakfast good  Room very clean Beds are comfortable and relax","","","立地が良い、朝食が良い、部屋がとても清潔、ベッドが快適でリラックスできる","","","ゲ‍ス‍ト","",""
"","FALSE","Google","5","2026-04-10","客室はすっきりしており、朝食も十分でした。","","","客室はすっきりしており、朝食も十分でした。","","","강종태","","FALSE","Google","5","2026-04-10","客室はすっきりしており、朝食も十分でした。","","","客室はすっきりしており、朝食も十分でした。","","","강종태","",""
"","FALSE","Google","5","2026-04-10","객실 깔끔하고, 조식도 충분 했습니다.","","","客室はきれいで、朝食も十分でした。","","","강종태","","FALSE","Google","5","2026-04-10","객실 깔끔하고, 조식도 충분 했습니다.","","","客室はきれいで、朝食も十分でした。","","","강종태","",""
"","FALSE","Trip.com","9","2026-04-09","Ideal location! The hotel is situated just across Hakata Station. Breakfast was good.","","","最高のロケーション！ホテルは博多駅のすぐ向かいに位置しています。朝食も美味しかったです。","","","ゲ‍ス‍ト","","FALSE","Trip.com","9","2026-04-09","Ideal location! The hotel is situated just across Hakata Station. Breakfast was good.","","","最高のロケーション！ホテルは博多駅のすぐ向かいに位置しています。朝食も美味しかったです。","","","ゲ‍ス‍ト","",""
"","FALSE","Trip.com","9","2026-04-09","Excellent location, just across Hakata Station.  The breakfast was good!","","","博多駅のすぐ向かいという最高のロケーション。朝食も美味しかったです！","","","ゲ‍ス‍ト","","FALSE","Trip.com","9","2026-04-09","Excellent location, just across Hakata Station.  The breakfast was good!","","","博多駅のすぐ向かいという最高のロケーション。朝食も美味しかったです！","","","ゲ‍ス‍ト","",""
"","FALSE","Booking.com","10","2026-04-09","","Clean, near Hakata Station, free breakfast and adequate room space. No issues with check-in and check-out. Staff was absolutely lovely, helpful, and accommodating.","None, absolutely enjoyed our stay","","清潔で博多駅に近く、無料の朝食付きで部屋も十分な広さでした。チェックインとチェックアウトもスムーズでした。スタッフの方々はとても親切で、親身になって対応してくれました。","いいえ、滞在を心から楽しみました","Caryl","","FALSE","Booking.com","10","2026-04-09","","Clean, near Hakata Station, free breakfast and adequate room space. No issues with check-in and check-out. Staff was absolutely lovely, helpful, and accommodating.","None, absolutely enjoyed our stay","","清潔で博多駅に近く、無料の朝食付きで部屋も十分な広さでした。チェックインとチェックアウトもスムーズでした。スタッフの方々はとても親切で、親身になって対応してくれました。","いいえ、滞在を心から楽しみました","Caryl","",""
"","FALSE","Trip.com","10","2026-04-09","位置冇得彈，雖然設施有啲年代感，但乾淨企理，應有嘅服務都齊備，係旅行落腳嘅好地方","","","立地は最高で、設備はやや古めですが、清潔で整頓されており、サービスも充実しているので、旅行には良い場所です。","","","h‍i‍n‍a‍9‍4","","FALSE","Trip.com","10","2026-04-09","位置冇得彈，雖然設施有啲年代感，但乾淨企理，應有嘅服務都齊備，係旅行落腳嘅好地方","","","立地は最高で、設備はやや古めですが、清潔で整頓されており、サービスも充実しているので、旅行には良い場所です。","","","h‍i‍n‍a‍9‍4","",""
"","FALSE","Booking.com","10","2026-04-08","","Very clean room and bathroom. The laundry facilities (3x washers & 3x dryers) were also very good.","The breakfast staff were a little eager to close up the breakfast area.","","部屋もバスルームもとても清潔でした。洗濯設備（洗濯機3台、乾燥機3台）も非常に良かったです。","朝食スタッフは、朝食エリアを早く閉めたい様子だった。","Allister","","FALSE","Booking.com","10","2026-04-08","","Very clean room and bathroom. The laundry facilities (3x washers & 3x dryers) were also very good.","The breakfast staff were a little eager to close up the breakfast area.","","部屋もバスルームもとても清潔でした。洗濯設備（洗濯機3台、乾燥機3台）も非常に良かったです。","朝食スタッフは、朝食エリアを早く閉めたい様子だった。","Allister","",""
"","FALSE","Booking.com","6","2026-04-08","","Proximité de la gare.","Lit petit pour deux personnes. Lit mal posotionné pour personnes âgées.","","駅に近い。","2人用の小さなベッド。高齢者にはベッドの位置が良くない。","Gerard","","FALSE","Booking.com","6","2026-04-08","","Proximité de la gare.","Lit petit pour deux personnes. Lit mal posotionné pour personnes âgées.","","駅に近い。","2人用の小さなベッド。高齢者にはベッドの位置が良くない。","Gerard","",""
"","FALSE","Google","5","2026-04-08","設備は確かに古いですが、全体的に清潔で非常にリーズナブルです。英語が堪能なフレンドリーなスタッフもいます。博多駅のすぐ向かいにあり、周辺にはたくさんの食料品店があります。朝食は無料で、驚くほど美味しく、福岡の他のホテルの有料朝食よりも美味しいです。","","","設備は確かに古いですが、全体的に清潔で非常にリーズナブルです。英語が堪能なフレンドリーなスタッフもいます。博多駅のすぐ向かいにあり、周辺にはたくさんの食料品店があります。朝食は無料で、驚くほど美味しく、福岡の他のホテルの有料朝食よりも美味しいです。","","","茶ん","","FALSE","Google","5","2026-04-08","設備は確かに古いですが、全体的に清潔で非常にリーズナブルです。英語が堪能なフレンドリーなスタッフもいます。博多駅のすぐ向かいにあり、周辺にはたくさんの食料品店があります。朝食は無料で、驚くほど美味しく、福岡の他のホテルの有料朝食よりも美味しいです。","","","設備は確かに古いですが、全体的に清潔で非常にリーズナブルです。英語が堪能なフレンドリーなスタッフもいます。博多駅のすぐ向かいにあり、周辺にはたくさんの食料品店があります。朝食は無料で、驚くほど美味しく、福岡の他のホテルの有料朝食よりも美味しいです。","","","茶ん","",""
"","FALSE","Google","5","2026-04-08","The facilities are on the older side yes, but it is broadly clean and hugely affordable. Friendly staff that speaks good english. Just across the road from Hakata station with a huge range of food stores to choose from. The breakfast is free and surprisingly good, better than some of the paid ones in other hotels in Fukuoka","","","設備は確かに古いですが、全体的に清潔で非常にリーズナブルです。英語が堪能なフレンドリーなスタッフもいます。博多駅のすぐ向かいにあり、周辺にはたくさんの食料品店があります。朝食は無料で、驚くほど美味しく、福岡の他のホテルの有料朝食よりも美味しいです。","","","茶ん","","FALSE","Google","5","2026-04-08","The facilities are on the older side yes, but it is broadly clean and hugely affordable. Friendly staff that speaks good english. Just across the road from Hakata station with a huge range of food stores to choose from. The breakfast is free and surprisingly good, better than some of the paid ones in other hotels in Fukuoka","","","設備は確かに古いですが、全体的に清潔で非常にリーズナブルです。英語が堪能なフレンドリーなスタッフもいます。博多駅のすぐ向かいにあり、周辺にはたくさんの食料品店があります。朝食は無料で、驚くほど美味しく、福岡の他のホテルの有料朝食よりも美味しいです。","","","茶ん","",""
"","FALSE","Trip.com","9","2026-04-08","Old hotel but good location","","","古いホテルだが立地は良い","","","ゲ‍ス‍ト","","FALSE","Trip.com","9","2026-04-08","Old hotel but good location","","","古いホテルだが立地は良い","","","ゲ‍ス‍ト","",""
"","FALSE","Trip.com","8","2026-04-08","車站步行不足五分鐘就到、酒店位置方便 , 時間比較長， 房間舒適 , 食野行街方便 , 性價比高，深受商務客歡迎。","","","このホテルは駅から徒歩5分以内という便利な場所に位置し、快適な客室、レストランやショッピング街へのアクセスの良さ、そして優れたコストパフォーマンスを提供しているため、ビジネス旅行者に人気の選択肢となっています。","","","p‍k‍k‍ ‍p‍k‍k","","FALSE","Trip.com","8","2026-04-08","車站步行不足五分鐘就到、酒店位置方便 , 時間比較長， 房間舒適 , 食野行街方便 , 性價比高，深受商務客歡迎。","","","このホテルは駅から徒歩5分以内という便利な場所に位置し、快適な客室、レストランやショッピング街へのアクセスの良さ、そして優れたコストパフォーマンスを提供しているため、ビジネス旅行者に人気の選択肢となっています。","","","p‍k‍k‍ ‍p‍k‍k","",""
"","FALSE","Trip.com","10","2026-04-08","ทำเลที่ตั้งโรงแรมดีมากๆ ตั้งอยู่ใกล้รถไฟใต้ดิน และตัวสถานี jr  สามารถเดินไปได้เพียง 1-2 นาที ห้องกว้างมาก มีอาหารเช้าฟรีให้บริการ อีกทั้งยังฝากกระเป๋าเดินทางได้ ห้องพักเป็นสไตล์เก่าๆแต่อุปกรณ์เพียบพร้อม","","","ホテルの立地は抜群で、地下鉄駅とJR駅から徒歩わずか1～2分です。客室は非常に広々としており、無料の朝食が付いています。荷物預かりサービスも利用可能です。客室はやや古風な造りですが、設備は充実しています。","","","匿‍名‍ユ‍ー‍ザ‍ー","","FALSE","Trip.com","10","2026-04-08","ทำเลที่ตั้งโรงแรมดีมากๆ ตั้งอยู่ใกล้รถไฟใต้ดิน และตัวสถานี jr  สามารถเดินไปได้เพียง 1-2 นาที ห้องกว้างมาก มีอาหารเช้าฟรีให้บริการ อีกทั้งยังฝากกระเป๋าเดินทางได้ ห้องพักเป็นสไตล์เก่าๆแต่อุปกรณ์เพียบพร้อม","","","ホテルの立地は抜群で、地下鉄駅とJR駅から徒歩わずか1～2分です。客室は非常に広々としており、無料の朝食が付いています。荷物預かりサービスも利用可能です。客室はやや古風な造りですが、設備は充実しています。","","","匿‍名‍ユ‍ー‍ザ‍ー","",""
"","FALSE","Trip.com","10","2026-04-08","The facilities are on the older side yes, but it is broadly clean and hugely affordable. Friendly staff that speaks good english. Just across the road from Hakata station with a huge range of food stores to choose from. The breakfast is free and surprisingly good, better than some of the paid ones in other hotels in Fukuoka","","","設備は確かに古いですが、全体的に清潔で非常にリーズナブルです。英語が堪能なフレンドリーなスタッフもいます。博多駅のすぐ向かいにあり、周辺にはたくさんの食料品店があります。朝食は無料で、驚くほど美味しく、福岡の他のホテルの有料朝食よりも美味しいです。","","","ゲ‍ス‍ト","","FALSE","Trip.com","10","2026-04-08","The facilities are on the older side yes, but it is broadly clean and hugely affordable. Friendly staff that speaks good english. Just across the road from Hakata station with a huge range of food stores to choose from. The breakfast is free and surprisingly good, better than some of the paid ones in other hotels in Fukuoka","","","設備は確かに古いですが、全体的に清潔で非常にリーズナブルです。英語が堪能なフレンドリーなスタッフもいます。博多駅のすぐ向かいにあり、周辺にはたくさんの食料品店があります。朝食は無料で、驚くほど美味しく、福岡の他のホテルの有料朝食よりも美味しいです。","","","ゲ‍ス‍ト","",""
"","FALSE","Trip.com","8","2026-04-08","Good location with large rooms, friendly staff though decor is dated and breakfast selection is limited. Laundry try and dryer on 14 floor is a plus.","","","立地が良く、部屋も広く、スタッフも親切ですが、内装はやや古く、朝食の種類も限られています。14階に洗濯乾燥機があるのは良い点です。","","","ゲ‍ス‍ト","","FALSE","Trip.com","8","2026-04-08","Good location with large rooms, friendly staff though decor is dated and breakfast selection is limited. Laundry try and dryer on 14 floor is a plus.","","","立地が良く、部屋も広く、スタッフも親切ですが、内装はやや古く、朝食の種類も限られています。14階に洗濯乾燥機があるのは良い点です。","","","ゲ‍ス‍ト","",""
"","FALSE","Booking.com","5","2026-04-07","","スタッフの対応は良かった。  朝食の時のスタッフがてきぱきと客をゆうどうし、見事です。  スタッフに道を訪ねてもみ皆さん親切に丁寧でした。🙏","朝食の時のスタッフがキレイにテーブルを拭いていなかった。外国の文化と違うのかな？  日本で働いてくれているので有難いのですが、キレイでなく残念でした。  四角テーブルを丸く拭く。  前の方の飲んだコーヒーの後が残っていたなど、残念です。","","スタッフの対応は良かった。  朝食の時のスタッフがてきぱきと客をゆうどうし、見事です。  スタッフに道を訪ねてもみ皆さん親切に丁寧でした。🙏","朝食の時のスタッフがキレイにテーブルを拭いていなかった。外国の文化と違うのかな？  日本で働いてくれているので有難いのですが、キレイでなく残念でした。  四角テーブルを丸く拭く。  前の方の飲んだコーヒーの後が残っていたなど、残念です。","Sueko","","FALSE","Booking.com","5","2026-04-07","","スタッフの対応は良かった。  朝食の時のスタッフがてきぱきと客をゆうどうし、見事です。  スタッフに道を訪ねてもみ皆さん親切に丁寧でした。🙏","朝食の時のスタッフがキレイにテーブルを拭いていなかった。外国の文化と違うのかな？  日本で働いてくれているので有難いのですが、キレイでなく残念でした。  四角テーブルを丸く拭く。  前の方の飲んだコーヒーの後が残っていたなど、残念です。","","スタッフの対応は良かった。  朝食の時のスタッフがてきぱきと客をゆうどうし、見事です。  スタッフに道を訪ねてもみ皆さん親切に丁寧でした。🙏","朝食の時のスタッフがキレイにテーブルを拭いていなかった。外国の文化と違うのかな？  日本で働いてくれているので有難いのですが、キレイでなく残念でした。  四角テーブルを丸く拭く。  前の方の飲んだコーヒーの後が残っていたなど、残念です。","Sueko","",""
"","FALSE","Booking.com","8","2026-04-07","","位置極佳","裝飾過舊，Wi-Fi 一直斷線","","絶好のロケーション","内装は時代遅れだし、Wi-Fiも頻繁に切断される。","Che","","FALSE","Booking.com","8","2026-04-07","","位置極佳","裝飾過舊，Wi-Fi 一直斷線","","絶好のロケーション","内装は時代遅れだし、Wi-Fiも頻繁に切断される。","Che","",""
"","FALSE","Booking.com","8","2026-04-07","","","","","","","Tobias","","FALSE","Booking.com","8","2026-04-07","","","","","","","Tobias","",""
"","FALSE","Booking.com","7","2026-03-31","","早餐普通，地點極佳。","房間隔音效果較差，隔壁房間吵死了。","","朝食は普通だったが、立地は最高だった。","部屋の防音性が低く、隣の部屋がものすごくうるさい。","簡","","","","","","","","","","","","","",""
"","FALSE","Trip.com","9","2026-03-31","位置很好，房間很舊，早餐有啲難食","","","立地は最高だが、部屋は古く、朝食は少し残念だった。","","","C‍l‍a‍r‍a‍1‍2","","","","","","","","","","","","","",""
"","FALSE","Booking.com","6","2026-03-31","","","","","","","Kenji","","","","","","","","","","","","","",""
"","FALSE","Booking.com","5","2026-03-31","","朝食のスタッフの方が案内などの対応がてきぱきされており良かった","バスルームが古く、清潔感が低い　カビもみられる","","朝食のスタッフの方が案内などの対応がてきぱきされており良かった","バスルームが古く、清潔感が低い　カビもみられる","Sachiyo","","","","","","","","","","","","","",""
"","FALSE","Google","2","2026-03-31","立地は超がつくほど良好。駅近かつバスターミナルの目の前でここを拠点に周辺を巡れる。スタッフさんの対応も良かった。 だけど……フロントから廊下、部屋が全体的に薄暗くてあまり気分が良くない。節電と思えばいいのかもしれないけど、一昔前の照明を使ってる？ようなどんよりした明かりです。 それから設備の古さが目につく。壁紙が剥がれていたり、エアコンの吐き出し口がズレていたり、水まわりも年季が入っています。 単に年季が入っているだけならいいのですが……。水まわりが、正直汚い……。清掃、手入れの甘さを感じさせました。 一押しらしいフロントのカフェスペースも上に書いたように照明が暗くて洗練されてない印象。本のラインナップもあまりぱっとしない。 朝食に力が入ってるのはいいのですが宿泊施設としては立地の良さを差し引いてもおすすめできません。","","","立地は超がつくほど良好。駅近かつバスターミナルの目の前でここを拠点に周辺を巡れる。スタッフさんの対応も良かった。 だけど……フロントから廊下、部屋が全体的に薄暗くてあまり気分が良くない。節電と思えばいいのかもしれないけど、一昔前の照明を使ってる？ようなどんよりした明かりです。 それから設備の古さが目につく。壁紙が剥がれていたり、エアコンの吐き出し口がズレていたり、水まわりも年季が入っています。 単に年季が入っているだけならいいのですが……。水まわりが、正直汚い……。清掃、手入れの甘さを感じさせました。 一押しらしいフロントのカフェスペースも上に書いたように照明が暗くて洗練されてない印象。本のラインナップもあまりぱっとしない。 朝食に力が入ってるのはいいのですが宿泊施設としては立地の良さを差し引いてもおすすめできません。","","","remory “Remory”","","","","","","","","","","","","","",""
"","FALSE","Google","1","2026-03-31","部屋は信じられないほど不快でした。間取り、照明、環境、デザインすべてが最悪でした。暗すぎて落ち着かず、コンセントは今にも火事になりそうなほどで、隅々まで汚れていて、防音もひどく、外の音が全て聞こえました。まるで幽霊屋敷に泊まっているようでした。  こんなに低い評価になったのには理由があります。立地以外にも宿泊施設に特別な条件があるなら、ここを選ぶ前に絶対に考え直すべきです。","","","部屋は信じられないほど不快でした。間取り、照明、環境、デザインすべてが最悪でした。暗すぎて落ち着かず、コンセントは今にも火事になりそうなほどで、隅々まで汚れていて、防音もひどく、外の音が全て聞こえました。まるで幽霊屋敷に泊まっているようでした。  こんなに低い評価になったのには理由があります。立地以外にも宿泊施設に特別な条件があるなら、ここを選ぶ前に絶対に考え直すべきです。","","","俞博元","","","","","","","","","","","","","",""
"","FALSE","Trip.com","10","2026-03-31","地點不錯 離地鐵JR 新幹線都很近 附近有多家百貨公司 商場 自助check in  很方便 價錢適中 房間乾淨 可以考慮下次還來住","","","立地は最高で、地下鉄、JR線、新幹線にとても近いです。近くにはデパートやショッピングモールもいくつかあります。セルフチェックインはとても便利です。料金も手頃で、部屋も清潔です。次回もまたここに泊まりたいと思います。","","","無‍聊‍住‍飯‍店","","","","","","","","","","","","","",""
"","FALSE","Trip.com","5","2026-03-31","在燈光之下牆身見到有塵埃。床褥和枕頭極不舒適，沒有樽裝飲用水提供。花灑水力不足。梳妝凳有污跡。梳妝台沒有鏡子，鏡子在側面的牆上，坐下時鏡子高低不對稱。","","","照明を当てると壁に埃が目立った。マットレスと枕は非常に寝心地が悪く、ボトル入りの飲料水も用意されていなかった。シャワーヘッドの水圧は弱かった。化粧台の椅子にはシミがついていた。化粧台には鏡がなく、鏡は側壁に取り付けられていたが、座ると左右非対称に見えた。","","","ゲ‍ス‍ト","","","","","","","","","","","","","",""
"","FALSE","Google","1","2026-03-31","Comfortable住起來根本uncomfortable 房間的佈局、燈光、環境、設計爛的要命。房間暗到很不舒服，電線插座感覺隨時要火災，角落灰塵也不擦乾淨，然後隔音又差，外面的聲音聽得一清二楚，跟住在鬼屋沒什麼差別。 評價那麼低不是沒原因，強烈建議除了地點以外如果對於住宿有要求請一定慎選。","","","部屋は信じられないほど不快でした。間取り、照明、環境、デザインすべてが最悪でした。暗すぎて落ち着かず、コンセントは今にも火事になりそうで、隅々まで汚れていて、防音もひどく、外の音が全て聞こえました。まるで幽霊屋敷に泊まっているようでした。低評価の理由は明白です。立地以外にも宿泊施設に特別な条件があるなら、この場所は絶対に慎重に選ぶべきです。","","","俞博元","","","","","","","","","","","","","",""
"","FALSE","Trip.com","9","2026-03-30","酒店對面就係搏多車站，留下就係博多地下街，位置一流去哪都放便。早餐款式很少不多味道可以。每天都有更換床單。下次來福岡也會入住。","","","ホテルの向かいには博多地下街を後にするべど駅があります。立地は抜群で、どこへ行くにも便利です。朝食の種類は少ないですが、どれも美味しいです。シーツは毎日交換されます。次回福岡に来る際も、また利用したいと思います。","","","m‍o‍n‍i‍c‍a‍0‍3‍2‍7","","","","","","","","","","","","","",""
"","FALSE","Trip.com","8","2026-03-30","역시 나 사전 정보처럼 호텔이 위치가 갑입니다. 웬만한 것은 전부 호텔 주변에서 해결이 가능할 정도로 번화하고 주변이 복잡하긴 하지만 이틀 정도 되니 길이 어느 정도 파악되어 익숙해지네요. 호텔도 위치가 갑이지만 후쿠오카 도심이 공항에서 놀라울 정도로 가깝습니다. 전체적으로 올드한 시설이긴 하지만 딱히 불편함은 없었습니다.","","","やはり事前情報のようにホテルが位置が甲です。どういうことなのかは全部ホテル周辺で解決が可能なほど賑やかで周辺が複雑なのですが、二日ほどになるので、道がある程度把握され慣れますね。ホテルも位置が甲ですが、福岡市中心部が空港から驚くほど近いです。全体的にオールドな施設ですが、特に不便はありませんでした。","","","백‍투‍더‍칭‍따‍오","","","","","","","","","","","","","",""
"","FALSE","Trip.com","10","2026-03-30","ทำเลที่ตั้งดีมาก. ห้องกว้าง อาหารเข้าอร่อย","","","立地は最高です。部屋は広々としていて、朝食も美味しいです。","","","P‍a‍t‍c‍h‍a‍r‍a‍ ‍L‍a‍r‍p‍l‍u‍e‍c‍h‍a‍i","","","","","","","","","","","","","",""
"","FALSE","Trip.com","10","2026-03-30","何と言ってもロケーションが良く、博多駅から徒歩5分で、隣にはコンビニや食事する場所が沢山あり便利でした。従業員の対応も良く、チェックイン機械の操作も一緒にやってくれます。古い感じのホテルですが、部屋も綺麗で清潔感があり、お風呂もこの価格のホテルにしては満足でした。シャワーも温度調節出来ます。これはかなり大切な事です。ただ、宿泊客が多いので、朝食の時は時間を考えて行った方が良いです。混雑時間帯が表示されているので、確認した方が良いです","","","何と言ってもロケーションが良く、博多駅から徒歩5分で、隣にはコンビニや食事する場所が沢山あり便利でした。従業員の対応も良く、チェックイン機械の操作も一緒にやってくれます。古い感じのホテルですが、部屋も綺麗で清潔感があり、お風呂もこの価格のホテルにしては満足でした。シャワーも温度調節出来ます。これはかなり大切な事です。ただ、宿泊客が多いので、朝食の時は時間を考えて行った方が良いです。混雑時間帯が表示されているので、確認した方が良いです","","","ラ‍ミ‍ー","","","","","","","","","","","","","",""
"","FALSE","Booking.com","8","2026-03-30","","早餐很普通,品項不多, 但都好吃,房間有點舊,但打掃方面是乾淨的,14樓有提供付費洗衣服跟烘衣服,很方便有續住的人","冰箱內角落有些髒汙,","","朝食は種類は限られていたものの、どれも美味しかった。部屋は少し古かったが、清掃は行き届いていた。14階には有料のランドリーと乾燥機があり、滞在を延長する人にとっては非常に便利だった。","冷蔵庫の隅に少し汚れが付着していた。","卯卯","","","","","","","","","","","","","",""
"","FALSE","じゃらん","4","2026-03-30","博多駅前の好立地なのにそこまで高くないホテル。  しかも朝食無料です。  意外と旅行では朝食を外食することは難しく、かなり助かります。  また機会があれば利用したいです。","","","博多駅前の好立地なのにそこまで高くないホテル。  しかも朝食無料です。  意外と旅行では朝食を外食することは難しく、かなり助かります。  また機会があれば利用したいです。","","","naoさん","","","","","","","","","","","","","",""
"","FALSE","Trip.com","10","2026-03-29","Excellent location and very accessible. The family room is huge and spacious. Basic amenities with comfortable bed n pillows.","","","立地が素晴らしく、アクセスも抜群です。ファミリールームは広々としていて快適です。基本的なアメニティに加え、ベッドと枕も快適です。","","","i‍l‍o‍o‍6‍6","","","","","","","","","","","","","",""
"","FALSE","Trip.com","10","2026-03-29","시설은 좀 오래되었지만 청결하고 청소상태도 좋았습니다.. 1층까페를 늦게까지 이용해서 간단히 간식이나 맥주정도 사다가 먹기에도 좋았네요 머니머니해도 위치가 깡패였네요 바로지하철역이고 패미리마트트 편의점도 20초컷입니다... 재방문의사 있습니다","","","施設はちょっと古いですが清潔で清掃状態も良かったです。","","","성‍오‍기","","","","","","","","","","","","","",""
"","FALSE","Trip.com","10","2026-03-29","Great hotel with perfect location. Right across the hotel is a shopping mall and metro /train station","","","立地が最高の素晴らしいホテルです。ホテルのすぐ向かいにはショッピングモールと地下鉄・鉄道駅があります。","","","A‍m‍e‍s‍e‍e","","","","","","","","","","","","","",""
"","FALSE","Booking.com","5","2026-03-29","","","","","","","Chiaki","","","","","","","","","","","","","",""
"","FALSE","Trip.com","10","2026-03-29","Affordable, good space for the price, good location and breakfast. Friendly staff. Only small issue sometimes bathroom smells. Not sure where it is coming from. Smells like sewage but only sometimes.","","","手頃な価格で、料金に見合った広さがあり、立地も良く、朝食も付いています。スタッフも親切です。唯一の小さな問題は、時々トイレから異臭がすることです。どこから臭いがするのかは分かりません。下水のような臭いがしますが、時々だけです。","","","ゲ‍ス‍ト","","","","","","","","","","","","","",""
"","FALSE","Booking.com","7","2026-03-28","","親切で丁寧な対応だった","特になし","","親切で丁寧な対応だった","特になし","Kenichi","","FALSE","Booking.com","7","2026-03-31","","早餐普通，地點極佳。","房間隔音效果較差，隔壁房間吵死了。","","朝食は普通だったが、立地は最高だった。","部屋の防音性が低く、隣の部屋がものすごくうるさい。","簡","",""
"","FALSE","Booking.com","6","2026-03-28","","","","","","","Kanta","","FALSE","Trip.com","9","2026-03-31","位置很好，房間很舊，早餐有啲難食","","","立地は最高だが、部屋は古く、朝食は少し残念だった。","","","C‍l‍a‍r‍a‍1‍2","",""
"","FALSE","Booking.com","10","2026-03-26","","Convenient and Central","","","便利で中心部に位置する","","Robby","","FALSE","Booking.com","6","2026-03-31","","","","","","","Kenji","",""
"","FALSE","Trip.com","9","2026-03-26","Good location and near to train station  Good breakfast provided.","","","立地が良く、駅にも近い。美味しい朝食も提供される。","","","C‍h‍r‍i‍s‍t‍i‍n‍e‍ ‍K‍K‍ ‍T‍a‍n","","FALSE","Booking.com","5","2026-03-31","","朝食のスタッフの方が案内などの対応がてきぱきされており良かった","バスルームが古く、清潔感が低い　カビもみられる","","朝食のスタッフの方が案内などの対応がてきぱきされており良かった","バスルームが古く、清潔感が低い　カビもみられる","Sachiyo","",""
"","FALSE","Trip.com","10","2026-03-26","하카타역 뷰로 부탁드렸는데 부탁한대로 하카타역 앞으로 배정해주셨어요! 뷰가 너무 예뻤습니다~ 역 앞인데도 조용했고 방음도 잘됐어요! 그리고 방이 넓어서 좋았어요😆 숙소도 청결했습니다~ 호텔 직원분들도 엄청 친절하셨어요! 첫해외여행이었는데 직원분들이 친절히 대해주셔서 덕분에 행복한 여행이 될 수 있었어요! 후쿠오카 올때마다 이용하고 싶어요~","","","博多駅ビューでお願いしましたが、お願いしたとおり博多駅前に配っていただきました！ビューがとても綺麗でした〜駅前なのに静かで防音も良かったです！そして部屋が広くてよかったです😆宿も清潔でした〜ホテルスタッフの方もとてもフレンドリーでした！初めての海外旅行でしたが、スタッフの方々が親切にしていただきありがとうございます。福岡に来るたびに利用したいです〜","","","ゲ‍ス‍ト","","FALSE","Google","2","2026-03-31","立地は超がつくほど良好。駅近かつバスターミナルの目の前でここを拠点に周辺を巡れる。スタッフさんの対応も良かった。 だけど……フロントから廊下、部屋が全体的に薄暗くてあまり気分が良くない。節電と思えばいいのかもしれないけど、一昔前の照明を使ってる？ようなどんよりした明かりです。 それから設備の古さが目につく。壁紙が剥がれていたり、エアコンの吐き出し口がズレていたり、水まわりも年季が入っています。 単に年季が入っているだけならいいのですが……。水まわりが、正直汚い……。清掃、手入れの甘さを感じさせました。 一押しらしいフロントのカフェスペースも上に書いたように照明が暗くて洗練されてない印象。本のラインナップもあまりぱっとしない。 朝食に力が入ってるのはいいのですが宿泊施設としては立地の良さを差し引いてもおすすめできません。","","","立地は超がつくほど良好。駅近かつバスターミナルの目の前でここを拠点に周辺を巡れる。スタッフさんの対応も良かった。 だけど……フロントから廊下、部屋が全体的に薄暗くてあまり気分が良くない。節電と思えばいいのかもしれないけど、一昔前の照明を使ってる？ようなどんよりした明かりです。 それから設備の古さが目につく。壁紙が剥がれていたり、エアコンの吐き出し口がズレていたり、水まわりも年季が入っています。 単に年季が入っているだけならいいのですが……。水まわりが、正直汚い……。清掃、手入れの甘さを感じさせました。 一押しらしいフロントのカフェスペースも上に書いたように照明が暗くて洗練されてない印象。本のラインナップもあまりぱっとしない。 朝食に力が入ってるのはいいのですが宿泊施設としては立地の良さを差し引いてもおすすめできません。","","","remory “Remory”","",""
"","FALSE","Trip.com","9","2026-03-25","버스, 지하철, 기차 접근성이 뛰어나 위치는 정말 좋아요.  비 한방울 안맞고 국제선공항까지 갈 정도입니다.  특히 무료 조식 덕분에 아침부터 움직이기 좋습니다.","","","バス、地下鉄、電車のアクセシビリティに優れ、場所は本当に良いです。  雨の一滴も合わず国際線空港まで行くほどです。  特に無料の朝食のおかげで、朝から移動するのに最適です。","","","ゲ‍ス‍ト","","FALSE","Google","1","2026-03-31","部屋は信じられないほど不快でした。間取り、照明、環境、デザインすべてが最悪でした。暗すぎて落ち着かず、コンセントは今にも火事になりそうなほどで、隅々まで汚れていて、防音もひどく、外の音が全て聞こえました。まるで幽霊屋敷に泊まっているようでした。  こんなに低い評価になったのには理由があります。立地以外にも宿泊施設に特別な条件があるなら、ここを選ぶ前に絶対に考え直すべきです。","","","部屋は信じられないほど不快でした。間取り、照明、環境、デザインすべてが最悪でした。暗すぎて落ち着かず、コンセントは今にも火事になりそうなほどで、隅々まで汚れていて、防音もひどく、外の音が全て聞こえました。まるで幽霊屋敷に泊まっているようでした。  こんなに低い評価になったのには理由があります。立地以外にも宿泊施設に特別な条件があるなら、ここを選ぶ前に絶対に考え直すべきです。","","","俞博元","",""
"","FALSE","Trip.com","10","2026-03-24","Great Value and Prime Location Near Hakata Station  I’m glad I trusted my instincts on this one. Despite the lower rating, my experience mirrored the pleasant stay I had with this chain in Nagoya. While the property is older than its Nagoya counterpart, it is well-maintained and spotlessly clean. It offers excellent value for the price.  Pros: Free Wifi and fast internet connection (no password needed).  Efficiency:  Fast, seamless check-in and convenient luggage storage.  Room Quality:  11F Room 1128 Clean room with impressive soundproofing and reliable heaters for both the shower and bidet. With Mini Fridge, Hair Dryer and Slippers (you can take home).  Amenities:  The Library Cafe (free water, coffee, and tea until midnight) is a great touch. Ample, delicious breakfast included. (6:30am - 9:30am)  Convenience:  Self-service laundry (14F), vending machines on every floor, and essentials (bathrobes/toiletries) available in the lobby.  Location:  Perfect base—30 mins from Fukuoka Airport, steps away from Hakata Station, Subway, the Bus Terminal, beside 7-Eleven, and Starbucks.  Surrounded by malls, restaurants and transits.   Staff:  Kind and Accommodating  Cons: Early Check-out: 10:00 AM is a bit earlier than average.  TV has no Netflix and Youtube. The limited movie available on it comes with a fee.","","","博多駅近くの最高のロケーションとお得な価格 直感を信じてよかったです。評価は低いですが、名古屋にあるこのチェーンのホテルでの快適な滞在と同じような体験ができました。名古屋のホテルより古いですが、手入れが行き届いていて、清潔です。価格に見合った優れた価値を提供しています。 メリット: 無料Wi-Fiと高速インターネット接続（パスワード不要）。 効率性: 迅速でスムーズなチェックインと便利な荷物預かり。 客室品質: 11階 1128号室 清潔な客室で、防音性が高く、シャワーとビデの両方に信頼できるヒーターが付いています。ミニ冷蔵庫、ヘアドライヤー、スリッパ付き（お持ち帰りいただけます）。 アメニティ: ライブラリーカフェ（深夜0時まで無料の水、コーヒー、紅茶）は素晴らしいです。ボリュームたっぷりのおいしい朝食が含まれています。（午前6時30分～午前9時30分） 利便性: セルフサービスのランドリー（14階）、各階に自動販売機、ロビーには必需品（バスローブ/洗面用具）が用意されています。立地：福岡空港から30分、博多駅、地下鉄、バスターミナルからすぐ、セブンイレブンとスターバックスの隣という最高の拠点。ショッピングモール、レストラン、交通機関に囲まれています。スタッフ：親切で対応が良い。短所：早めのチェックアウト：午前10時が平均より少し早い。テレビにはNetflixとYouTubeがありません。視聴できる映画は限られており、有料です。","","","a‍n‍t‍h‍o‍n‍y‍ ‍p‍a‍n‍i‍z‍a‍l‍e‍s","","FALSE","Trip.com","10","2026-03-31","地點不錯 離地鐵JR 新幹線都很近 附近有多家百貨公司 商場 自助check in  很方便 價錢適中 房間乾淨 可以考慮下次還來住","","","立地は最高で、地下鉄、JR線、新幹線にとても近いです。近くにはデパートやショッピングモールもいくつかあります。セルフチェックインはとても便利です。料金も手頃で、部屋も清潔です。次回もまたここに泊まりたいと思います。","","","無‍聊‍住‍飯‍店","",""
"","FALSE","Google","5","2026-03-24","작년 크리스마스쯤 숙박했는데, 하카타역에서 도보5분 정도로 엄청 가깝고 바로 옆에 스타벅스도 있어요. 조식 무료 제공이고 룸 컨디션 괜찮았고 도로변에 있어서 밤에 차소리 등 약간의 소음이 있긴 했지만 창밖으로 하카타역 광장이 내다 보여서 더 좋았어요. 무엇보다도 직원분들이 진짜 너무너무 친절해서 숙박 하는 동안 기분이 참 좋았습니다. 다음 후쿠오카 갈 계획 있으면 이곳에서 머물고 싶어요.  참고로 사진은 조식 먹는 공간입니다!","","","昨年クリスマスごろ宿泊しましたが、博多駅から徒歩5分ほどでとても近く、すぐ隣にスターバックスもあります。朝食無料提供でルームコンディション大丈夫だったし、道路の辺りで夜に車音など若干の騒音があったのですが窓からは博多駅広場が見えて良かったです。何よりもスタッフの方が本当にとてもフレンドリーで宿泊している間、気持ちがとても良かったです。次の福岡行く予定があればここに泊まりたいです。  ちなみに写真は朝食を食べる空間です！","","","JINA","","FALSE","Trip.com","5","2026-03-31","在燈光之下牆身見到有塵埃。床褥和枕頭極不舒適，沒有樽裝飲用水提供。花灑水力不足。梳妝凳有污跡。梳妝台沒有鏡子，鏡子在側面的牆上，坐下時鏡子高低不對稱。","","","照明を当てると壁に埃が目立った。マットレスと枕は非常に寝心地が悪く、ボトル入りの飲料水も用意されていなかった。シャワーヘッドの水圧は弱かった。化粧台の椅子にはシミがついていた。化粧台には鏡がなく、鏡は側壁に取り付けられていたが、座ると左右非対称に見えた。","","","ゲ‍ス‍ト","",""
"","FALSE","Booking.com","8","2026-03-23","","朝食がとてもおいしかった。 駅に近くて、ホテルの隣の建物からエレベーターで降りると一蘭にことができ便利だった。","予約サイトに載っていた部屋の広さと実際の広さは差があった。 18平米なので仕方ないが本当に狭かった。","","朝食がとてもおいしかった。 駅に近くて、ホテルの隣の建物からエレベーターで降りると一蘭にことができ便利だった。","予約サイトに載っていた部屋の広さと実際の広さは差があった。 18平米なので仕方ないが本当に狭かった。","Bompei","","FALSE","Google","1","2026-03-31","Comfortable住起來根本uncomfortable 房間的佈局、燈光、環境、設計爛的要命。房間暗到很不舒服，電線插座感覺隨時要火災，角落灰塵也不擦乾淨，然後隔音又差，外面的聲音聽得一清二楚，跟住在鬼屋沒什麼差別。 評價那麼低不是沒原因，強烈建議除了地點以外如果對於住宿有要求請一定慎選。","","","部屋は信じられないほど不快でした。間取り、照明、環境、デザインすべてが最悪でした。暗すぎて落ち着かず、コンセントは今にも火事になりそうで、隅々まで汚れていて、防音もひどく、外の音が全て聞こえました。まるで幽霊屋敷に泊まっているようでした。低評価の理由は明白です。立地以外にも宿泊施設に特別な条件があるなら、この場所は絶対に慎重に選ぶべきです。","","","俞博元","",""
"","FALSE","楽天トラベル","3","2026-03-23","博多駅からのアクセスがよく、キャリーを引いていたので助かりました。 また机が広く、デスクライトもあり作業がしやすかったです。 ただ気になった点としては2つあります。 1点目は備え付きの歯ブラシを梱包している袋がベタベタでした。外袋なので捨てるとはいえ、不快でした…。 2点目はユニットバスのシャワーの水圧が弱いです。他の都道府県の店舗も弱かったので一律なのかもしれませんが、女性だとロングヘアだと髪を洗うのに時間がかかります。","","","博多駅からのアクセスがよく、キャリーを引いていたので助かりました。 また机が広く、デスクライトもあり作業がしやすかったです。 ただ気になった点としては2つあります。 1点目は備え付きの歯ブラシを梱包している袋がベタベタでした。外袋なので捨てるとはいえ、不快でした…。 2点目はユニットバスのシャワーの水圧が弱いです。他の都道府県の店舗も弱かったので一律なのかもしれませんが、女性だとロングヘアだと髪を洗うのに時間がかかります。","","","mtantan8","","FALSE","Trip.com","9","2026-03-30","酒店對面就係搏多車站，留下就係博多地下街，位置一流去哪都放便。早餐款式很少不多味道可以。每天都有更換床單。下次來福岡也會入住。","","","ホテルの向かいには博多地下街を後にするべど駅があります。立地は抜群で、どこへ行くにも便利です。朝食の種類は少ないですが、どれも美味しいです。シーツは毎日交換されます。次回福岡に来る際も、また利用したいと思います。","","","m‍o‍n‍i‍c‍a‍0‍3‍2‍7","",""
"","FALSE","楽天トラベル","3","2026-03-23","博多駅からのアクセスがよく、キャリーを引いていたので助かりました。 また机が広く、デスクライトもあり作業がしやすかったです。 ただ気になった点としては2つあります。 1点目は備え付きの歯ブラシを梱包している袋がベタベタでした。外袋なので捨てるとはいえ、不快でした…。 2点目はユニットバスのシャワーの水圧が弱いです。他の都道府県の店舗も弱かったので一律なのかもしれませんが、女性だとロングヘアだと髪を洗うのに時間がかかります。","","","博多駅からのアクセスがよく、キャリーを引いていたので助かりました。 また机が広く、デスクライトもあり作業がしやすかったです。 ただ気になった点としては2つあります。 1点目は備え付きの歯ブラシを梱包している袋がベタベタでした。外袋なので捨てるとはいえ、不快でした…。 2点目はユニットバスのシャワーの水圧が弱いです。他の都道府県の店舗も弱かったので一律なのかもしれませんが、女性だとロングヘアだと髪を洗うのに時間がかかります。","","","不明","","FALSE","Trip.com","8","2026-03-30","역시 나 사전 정보처럼 호텔이 위치가 갑입니다. 웬만한 것은 전부 호텔 주변에서 해결이 가능할 정도로 번화하고 주변이 복잡하긴 하지만 이틀 정도 되니 길이 어느 정도 파악되어 익숙해지네요. 호텔도 위치가 갑이지만 후쿠오카 도심이 공항에서 놀라울 정도로 가깝습니다. 전체적으로 올드한 시설이긴 하지만 딱히 불편함은 없었습니다.","","","やはり事前情報のようにホテルが位置が甲です。どういうことなのかは全部ホテル周辺で解決が可能なほど賑やかで周辺が複雑なのですが、二日ほどになるので、道がある程度把握され慣れますね。ホテルも位置が甲ですが、福岡市中心部が空港から驚くほど近いです。全体的にオールドな施設ですが、特に不便はありませんでした。","","","백‍투‍더‍칭‍따‍오","",""
"","FALSE","Trip.com","4","2026-03-22","너무 낡고 조식이 맛엊ㅅ음","","","古すぎて朝食が味がする","","","ゲ‍ス‍ト","","FALSE","Trip.com","10","2026-03-30","ทำเลที่ตั้งดีมาก. ห้องกว้าง อาหารเข้าอร่อย","","","立地は最高です。部屋は広々としていて、朝食も美味しいです。","","","P‍a‍t‍c‍h‍a‍r‍a‍ ‍L‍a‍r‍p‍l‍u‍e‍c‍h‍a‍i","",""
"","FALSE","じゃらん","4","2026-03-22","出張のため2泊しました。  博多駅のすぐ目の前でとても便利でした。  博多は全体的にホテルが高いので、3連休にこのお値段と立地なら十分納得です。  無料の朝食も美味しく、出張の際にはまた利用させていただきたいホテルでした。","","","出張のため2泊しました。  博多駅のすぐ目の前でとても便利でした。  博多は全体的にホテルが高いので、3連休にこのお値段と立地なら十分納得です。  無料の朝食も美味しく、出張の際にはまた利用させていただきたいホテルでした。","","","ひろちゃんさん","","FALSE","Trip.com","10","2026-03-30","何と言ってもロケーションが良く、博多駅から徒歩5分で、隣にはコンビニや食事する場所が沢山あり便利でした。従業員の対応も良く、チェックイン機械の操作も一緒にやってくれます。古い感じのホテルですが、部屋も綺麗で清潔感があり、お風呂もこの価格のホテルにしては満足でした。シャワーも温度調節出来ます。これはかなり大切な事です。ただ、宿泊客が多いので、朝食の時は時間を考えて行った方が良いです。混雑時間帯が表示されているので、確認した方が良いです","","","何と言ってもロケーションが良く、博多駅から徒歩5分で、隣にはコンビニや食事する場所が沢山あり便利でした。従業員の対応も良く、チェックイン機械の操作も一緒にやってくれます。古い感じのホテルですが、部屋も綺麗で清潔感があり、お風呂もこの価格のホテルにしては満足でした。シャワーも温度調節出来ます。これはかなり大切な事です。ただ、宿泊客が多いので、朝食の時は時間を考えて行った方が良いです。混雑時間帯が表示されているので、確認した方が良いです","","","ラ‍ミ‍ー","",""
"","FALSE","Trip.com","10","2026-03-21","직원분들이 항상 대기중이고 문제가 생기거나 캐리어를 맡길때 늘 웃으며 잘 해결해줍니다.  청결도는 충분히 깨끗하다고 생각","","","従業員がいつも待機中で問題が発生したり、キャリアを任せるときはいつも笑ってうまく解決してくれます。  清潔さは十分にきれいだと思います","","","ゲ‍ス‍ト","","FALSE","Booking.com","8","2026-03-30","","早餐很普通,品項不多, 但都好吃,房間有點舊,但打掃方面是乾淨的,14樓有提供付費洗衣服跟烘衣服,很方便有續住的人","冰箱內角落有些髒汙,","","朝食は種類は限られていたものの、どれも美味しかった。部屋は少し古かったが、清掃は行き届いていた。14階には有料のランドリーと乾燥機があり、滞在を延長する人にとっては非常に便利だった。","冷蔵庫の隅に少し汚れが付着していた。","卯卯","",""
"","FALSE","Booking.com","8","2026-03-21","","가까움","조식","","近い","朝食","Kyung","","FALSE","じゃらん","4","2026-03-30","博多駅前の好立地なのにそこまで高くないホテル。  しかも朝食無料です。  意外と旅行では朝食を外食することは難しく、かなり助かります。  また機会があれば利用したいです。","","","博多駅前の好立地なのにそこまで高くないホテル。  しかも朝食無料です。  意外と旅行では朝食を外食することは難しく、かなり助かります。  また機会があれば利用したいです。","","","naoさん","",""
"","FALSE","Trip.com","7","2026-03-21","일본은 다 좁긴하지만 캐리어 펼치면앉을곳없음 그리고 이불을 마지막날아침에확인한건데 너무 얼룩져있고 놀랐습니다.그래서 청결부분에서 좀안좋았던거같아요 서비스는좋앗습니다","","","日本は狭いですが、キャリアを広げると座る場所がなく、布団を最後の日の朝に確認しましたが、汚れていて驚きました。","","","ゲ‍ス‍ト","","FALSE","Trip.com","10","2026-03-29","Excellent location and very accessible. The family room is huge and spacious. Basic amenities with comfortable bed n pillows.","","","立地が素晴らしく、アクセスも抜群です。ファミリールームは広々としていて快適です。基本的なアメニティに加え、ベッドと枕も快適です。","","","i‍l‍o‍o‍6‍6","",""
"","FALSE","Google","2","2026-03-21","","","","","","","野口信二","","FALSE","Trip.com","10","2026-03-29","시설은 좀 오래되었지만 청결하고 청소상태도 좋았습니다.. 1층까페를 늦게까지 이용해서 간단히 간식이나 맥주정도 사다가 먹기에도 좋았네요 머니머니해도 위치가 깡패였네요 바로지하철역이고 패미리마트트 편의점도 20초컷입니다... 재방문의사 있습니다","","","施設はちょっと古いですが清潔で清掃状態も良かったです。","","","성‍오‍기","",""
"","FALSE","楽天トラベル","4","2026-03-21","フロント対応はしっかり、丁寧。ベテランと若手がいて頼もしかった。ウェルカムドリンクのレモン水おいしい。部屋はちょっと暗くて、パソコンの作業はする気になれず。設備は古いが清潔であった。朝食が美味しかったです。 ","","","フロント対応はしっかり、丁寧。ベテランと若手がいて頼もしかった。ウェルカムドリンクのレモン水おいしい。部屋はちょっと暗くて、パソコンの作業はする気になれず。設備は古いが清潔であった。朝食が美味しかったです。 ","","","キャンプ555","","FALSE","Trip.com","10","2026-03-29","Great hotel with perfect location. Right across the hotel is a shopping mall and metro /train station","","","立地が最高の素晴らしいホテルです。ホテルのすぐ向かいにはショッピングモールと地下鉄・鉄道駅があります。","","","A‍m‍e‍s‍e‍e","",""
"","FALSE","Trip.com","10","2026-03-20","值得再次造訪！","","","また訪れる価値がある！","","","ゲ‍ス‍ト","","FALSE","Booking.com","5","2026-03-29","","","","","","","Chiaki","",""
"","FALSE","Booking.com","8","2026-03-20","","아침식사","없음","","朝食","なし","Sunjung","","FALSE","Trip.com","10","2026-03-29","Affordable, good space for the price, good location and breakfast. Friendly staff. Only small issue sometimes bathroom smells. Not sure where it is coming from. Smells like sewage but only sometimes.","","","手頃な価格で、料金に見合った広さがあり、立地も良く、朝食も付いています。スタッフも親切です。唯一の小さな問題は、時々トイレから異臭がすることです。どこから臭いがするのかは分かりません。下水のような臭いがしますが、時々だけです。","","","ゲ‍ス‍ト","",""
"","FALSE","Booking.com","8","2026-03-20","","","","","","","Jisook","","FALSE","Booking.com","7","2026-03-28","","親切で丁寧な対応だった","特になし","","親切で丁寧な対応だった","特になし","Kenichi","",""
"","FALSE","Google","3","2026-03-20","","","","","","","中村智司","","FALSE","Booking.com","6","2026-03-28","","","","","","","Kanta","",""
"","FALSE","Booking.com","9","2026-03-20","","","","","","","廣山","","FALSE","Booking.com","10","2026-03-26","","Convenient and Central","","","便利で中心部に位置する","","Robby","",""
"","FALSE","楽天トラベル","3","2026-03-20","古い建物だったが部屋には空気清浄機もおいてありベッドの寝心地も良かったです。天井のシミや壁紙が一部剥がれていたりライトの埃が気になった。スタッフの対応は親切でした。駅に近く子連れだったので、とても便利でした。ありがとうございました。","","","古い建物だったが部屋には空気清浄機もおいてありベッドの寝心地も良かったです。天井のシミや壁紙が一部剥がれていたりライトの埃が気になった。スタッフの対応は親切でした。駅に近く子連れだったので、とても便利でした。ありがとうございました。","","","ひろママ１１２２","","FALSE","Trip.com","9","2026-03-26","Good location and near to train station  Good breakfast provided.","","","立地が良く、駅にも近い。美味しい朝食も提供される。","","","C‍h‍r‍i‍s‍t‍i‍n‍e‍ ‍K‍K‍ ‍T‍a‍n","",""
"","FALSE","Booking.com","8","2026-03-19","","Bien qu'en face de la gare, très bonne insonorisation de la chambre. Situation plein centre ville et proche train, métro,bus","","","駅の向かいという立地にもかかわらず、部屋は防音性が非常に高かった。市内中心部に位置し、電車、地下鉄、バスの駅にも近い。","","Isabelle","","FALSE","Trip.com","10","2026-03-26","하카타역 뷰로 부탁드렸는데 부탁한대로 하카타역 앞으로 배정해주셨어요! 뷰가 너무 예뻤습니다~ 역 앞인데도 조용했고 방음도 잘됐어요! 그리고 방이 넓어서 좋았어요😆 숙소도 청결했습니다~ 호텔 직원분들도 엄청 친절하셨어요! 첫해외여행이었는데 직원분들이 친절히 대해주셔서 덕분에 행복한 여행이 될 수 있었어요! 후쿠오카 올때마다 이용하고 싶어요~","","","博多駅ビューでお願いしましたが、お願いしたとおり博多駅前に配っていただきました！ビューがとても綺麗でした〜駅前なのに静かで防音も良かったです！そして部屋が広くてよかったです😆宿も清潔でした〜ホテルスタッフの方もとてもフレンドリーでした！初めての海外旅行でしたが、スタッフの方々が親切にしていただきありがとうございます。福岡に来るたびに利用したいです〜","","","ゲ‍ス‍ト","",""
"","FALSE","Booking.com","7","2026-03-19","","博多駅前の立地が最高で、とても便利です。","部屋の中、特にユニットバスが古い造りで、洗面所の蛇口が2口式なのが残念ですが、それ以外は快適でした。","","博多駅前の立地が最高で、とても便利です。","部屋の中、特にユニットバスが古い造りで、洗面所の蛇口が2口式なのが残念ですが、それ以外は快適でした。","Yasunori","","FALSE","Trip.com","9","2026-03-25","버스, 지하철, 기차 접근성이 뛰어나 위치는 정말 좋아요.  비 한방울 안맞고 국제선공항까지 갈 정도입니다.  특히 무료 조식 덕분에 아침부터 움직이기 좋습니다.","","","バス、地下鉄、電車のアクセシビリティに優れ、場所は本当に良いです。  雨の一滴も合わず国際線空港まで行くほどです。  特に無料の朝食のおかげで、朝から移動するのに最適です。","","","ゲ‍ス‍ト","",""
"","FALSE","Trip.com","8","2026-03-19","早餐每天都差不多 房間有點暗，燈不夠光。","","","朝食はほぼ毎日同じです。部屋は少し暗く、照明が十分ではありません。","","","ゲ‍ス‍ト","","FALSE","Trip.com","10","2026-03-24","Great Value and Prime Location Near Hakata Station  I’m glad I trusted my instincts on this one. Despite the lower rating, my experience mirrored the pleasant stay I had with this chain in Nagoya. While the property is older than its Nagoya counterpart, it is well-maintained and spotlessly clean. It offers excellent value for the price.  Pros: Free Wifi and fast internet connection (no password needed).  Efficiency:  Fast, seamless check-in and convenient luggage storage.  Room Quality:  11F Room 1128 Clean room with impressive soundproofing and reliable heaters for both the shower and bidet. With Mini Fridge, Hair Dryer and Slippers (you can take home).  Amenities:  The Library Cafe (free water, coffee, and tea until midnight) is a great touch. Ample, delicious breakfast included. (6:30am - 9:30am)  Convenience:  Self-service laundry (14F), vending machines on every floor, and essentials (bathrobes/toiletries) available in the lobby.  Location:  Perfect base—30 mins from Fukuoka Airport, steps away from Hakata Station, Subway, the Bus Terminal, beside 7-Eleven, and Starbucks.  Surrounded by malls, restaurants and transits.   Staff:  Kind and Accommodating  Cons: Early Check-out: 10:00 AM is a bit earlier than average.  TV has no Netflix and Youtube. The limited movie available on it comes with a fee.","","","博多駅近くの最高のロケーションとお得な価格 直感を信じてよかったです。評価は低いですが、名古屋にあるこのチェーンのホテルでの快適な滞在と同じような体験ができました。名古屋のホテルより古いですが、手入れが行き届いていて、清潔です。価格に見合った優れた価値を提供しています。 メリット: 無料Wi-Fiと高速インターネット接続（パスワード不要）。 効率性: 迅速でスムーズなチェックインと便利な荷物預かり。 客室品質: 11階 1128号室 清潔な客室で、防音性が高く、シャワーとビデの両方に信頼できるヒーターが付いています。ミニ冷蔵庫、ヘアドライヤー、スリッパ付き（お持ち帰りいただけます）。 アメニティ: ライブラリーカフェ（深夜0時まで無料の水、コーヒー、紅茶）は素晴らしいです。ボリュームたっぷりのおいしい朝食が含まれています。（午前6時30分～午前9時30分） 利便性: セルフサービスのランドリー（14階）、各階に自動販売機、ロビーには必需品（バスローブ/洗面用具）が用意されています。立地：福岡空港から30分、博多駅、地下鉄、バスターミナルからすぐ、セブンイレブンとスターバックスの隣という最高の拠点。ショッピングモール、レストラン、交通機関に囲まれています。スタッフ：親切で対応が良い。短所：早めのチェックアウト：午前10時が平均より少し早い。テレビにはNetflixとYouTubeがありません。視聴できる映画は限られており、有料です。","","","a‍n‍t‍h‍o‍n‍y‍ ‍p‍a‍n‍i‍z‍a‍l‍e‍s","",""
"","FALSE","Booking.com","7","2026-03-19","","","","","","","Yenyu","","FALSE","Google","5","2026-03-24","작년 크리스마스쯤 숙박했는데, 하카타역에서 도보5분 정도로 엄청 가깝고 바로 옆에 스타벅스도 있어요. 조식 무료 제공이고 룸 컨디션 괜찮았고 도로변에 있어서 밤에 차소리 등 약간의 소음이 있긴 했지만 창밖으로 하카타역 광장이 내다 보여서 더 좋았어요. 무엇보다도 직원분들이 진짜 너무너무 친절해서 숙박 하는 동안 기분이 참 좋았습니다. 다음 후쿠오카 갈 계획 있으면 이곳에서 머물고 싶어요.  참고로 사진은 조식 먹는 공간입니다!","","","昨年クリスマスごろ宿泊しましたが、博多駅から徒歩5分ほどでとても近く、すぐ隣にスターバックスもあります。朝食無料提供でルームコンディション大丈夫だったし、道路の辺りで夜に車音など若干の騒音があったのですが窓からは博多駅広場が見えて良かったです。何よりもスタッフの方が本当にとてもフレンドリーで宿泊している間、気持ちがとても良かったです。次の福岡行く予定があればここに泊まりたいです。  ちなみに写真は朝食を食べる空間です！","","","JINA","",""
"","FALSE","Google","1","2026-03-19","不慣れな年寄りだけで宿泊するのは無理 システムが良くない","","","不慣れな年寄りだけで宿泊するのは無理 システムが良くない","","","Sam Nakaboh","","FALSE","Booking.com","8","2026-03-23","","朝食がとてもおいしかった。 駅に近くて、ホテルの隣の建物からエレベーターで降りると一蘭にことができ便利だった。","予約サイトに載っていた部屋の広さと実際の広さは差があった。 18平米なので仕方ないが本当に狭かった。","","朝食がとてもおいしかった。 駅に近くて、ホテルの隣の建物からエレベーターで降りると一蘭にことができ便利だった。","予約サイトに載っていた部屋の広さと実際の広さは差があった。 18平米なので仕方ないが本当に狭かった。","Bompei","",""
"","FALSE","Google","5","2026-03-18","足と臀部のマッサージ機能があり、とても快適です。","","","足と臀部のマッサージ機能があり、とても快適です。","","","Cu Ch","","FALSE","楽天トラベル","3","2026-03-23","博多駅からのアクセスがよく、キャリーを引いていたので助かりました。 また机が広く、デスクライトもあり作業がしやすかったです。 ただ気になった点としては2つあります。 1点目は備え付きの歯ブラシを梱包している袋がベタベタでした。外袋なので捨てるとはいえ、不快でした…。 2点目はユニットバスのシャワーの水圧が弱いです。他の都道府県の店舗も弱かったので一律なのかもしれませんが、女性だとロングヘアだと髪を洗うのに時間がかかります。","","","博多駅からのアクセスがよく、キャリーを引いていたので助かりました。 また机が広く、デスクライトもあり作業がしやすかったです。 ただ気になった点としては2つあります。 1点目は備え付きの歯ブラシを梱包している袋がベタベタでした。外袋なので捨てるとはいえ、不快でした…。 2点目はユニットバスのシャワーの水圧が弱いです。他の都道府県の店舗も弱かったので一律なのかもしれませんが、女性だとロングヘアだと髪を洗うのに時間がかかります。","","","mtantan8","",""
"","FALSE","Trip.com","10","2026-03-18","ทุกอย่างดีหมด การเดินทาง,ความสะอาด,ทำเลที่ตั้ง รวมอาหารเช้าทุกวัน.","","","旅行の手配、清潔さ、立地、そして毎日の朝食まで、すべてが素晴らしかったです。","","","ゲ‍ス‍ト","","FALSE","楽天トラベル","3","2026-03-23","博多駅からのアクセスがよく、キャリーを引いていたので助かりました。 また机が広く、デスクライトもあり作業がしやすかったです。 ただ気になった点としては2つあります。 1点目は備え付きの歯ブラシを梱包している袋がベタベタでした。外袋なので捨てるとはいえ、不快でした…。 2点目はユニットバスのシャワーの水圧が弱いです。他の都道府県の店舗も弱かったので一律なのかもしれませんが、女性だとロングヘアだと髪を洗うのに時間がかかります。","","","博多駅からのアクセスがよく、キャリーを引いていたので助かりました。 また机が広く、デスクライトもあり作業がしやすかったです。 ただ気になった点としては2つあります。 1点目は備え付きの歯ブラシを梱包している袋がベタベタでした。外袋なので捨てるとはいえ、不快でした…。 2点目はユニットバスのシャワーの水圧が弱いです。他の都道府県の店舗も弱かったので一律なのかもしれませんが、女性だとロングヘアだと髪を洗うのに時間がかかります。","","","不明","",""
"","FALSE","Trip.com","10","2026-03-18","이른시간 도착해서 데스크 직원분께서 친절히 캐리어 보관등 안내해주셔서 감사 했습니다. 기회가 된다먄 또 찾이 뵙겠습니다.","","","早い時間に到着して、デスクスタッフの方が親切にキャリア保管などご案内いただきありがとうございました。機会になるなんてまたお探しします。","","","ゲ‍ス‍ト","","FALSE","Trip.com","4","2026-03-22","너무 낡고 조식이 맛엊ㅅ음","","","古すぎて朝食が味がする","","","ゲ‍ス‍ト","",""
"","FALSE","Booking.com","3","2026-03-18","","朝ごはんの種類が多くて美味しい！ 部屋はとても綺麗。","風呂、トイレが少し汚く、生乾きの匂いがするのが残念 又、手元のライトが壊れててつかなかった。他はつくけどそこはつかなくてもいい感じだったけど。","","朝ごはんの種類が多くて美味しい！ 部屋はとても綺麗。","風呂、トイレが少し汚く、生乾きの匂いがするのが残念 又、手元のライトが壊れててつかなかった。他はつくけどそこはつかなくてもいい感じだったけど。","日高","","FALSE","じゃらん","4","2026-03-22","出張のため2泊しました。  博多駅のすぐ目の前でとても便利でした。  博多は全体的にホテルが高いので、3連休にこのお値段と立地なら十分納得です。  無料の朝食も美味しく、出張の際にはまた利用させていただきたいホテルでした。","","","出張のため2泊しました。  博多駅のすぐ目の前でとても便利でした。  博多は全体的にホテルが高いので、3連休にこのお値段と立地なら十分納得です。  無料の朝食も美味しく、出張の際にはまた利用させていただきたいホテルでした。","","","ひろちゃんさん","",""
"","FALSE","Booking.com","8","2026-03-18","","朝食が、思っていた以上に品数が、豊富で、美味しかったです。","","","朝食が、思っていた以上に品数が、豊富で、美味しかったです。","","Machiko","","FALSE","Trip.com","10","2026-03-21","직원분들이 항상 대기중이고 문제가 생기거나 캐리어를 맡길때 늘 웃으며 잘 해결해줍니다.  청결도는 충분히 깨끗하다고 생각","","","従業員がいつも待機中で問題が発生したり、キャリアを任せるときはいつも笑ってうまく解決してくれます。  清潔さは十分にきれいだと思います","","","ゲ‍ス‍ト","",""
"","FALSE","じゃらん","3","2026-03-18","スタッフみなさん感じが良くて良かった。  部屋は確かに古さはあるが、部屋も広くて、立地がとにかく良いのでまたお世話になりたい。  朝食は会場が狭く、すごく賑やかだったのでやめた。  (部屋で食べれる簡単なものがあれば嬉しい)  フリードリンクも助かった。","","","スタッフみなさん感じが良くて良かった。  部屋は確かに古さはあるが、部屋も広くて、立地がとにかく良いのでまたお世話になりたい。  朝食は会場が狭く、すごく賑やかだったのでやめた。  (部屋で食べれる簡単なものがあれば嬉しい)  フリードリンクも助かった。","","","ーさん","","FALSE","Booking.com","8","2026-03-21","","가까움","조식","","近い","朝食","Kyung","",""
"","FALSE","Google","5","2026-03-18","裡面有足部按摩及屁股按摩器很舒服","","","足と臀部のマッサージ機能があり、とても快適です。","","","Cu Ch","","FALSE","Trip.com","7","2026-03-21","일본은 다 좁긴하지만 캐리어 펼치면앉을곳없음 그리고 이불을 마지막날아침에확인한건데 너무 얼룩져있고 놀랐습니다.그래서 청결부분에서 좀안좋았던거같아요 서비스는좋앗습니다","","","日本は狭いですが、キャリアを広げると座る場所がなく、布団を最後の日の朝に確認しましたが、汚れていて驚きました。","","","ゲ‍ス‍ト","",""
"","FALSE","Trip.com","9","2026-03-17","Goog location, convenient transportation, delicious breakfast and comfortable suite. Overall experience was good.","","","立地が良く、交通の便も良く、朝食も美味しく、スイートルームも快適でした。全体的に満足です。","","","ゲ‍ス‍ト","","FALSE","Google","2","2026-03-21","","","","","","","野口信二","",""
"","FALSE","Booking.com","8","2026-03-17","","하카타역 바로코앞이라 너무편했어요. 이치란라면집.편의점도 바로 옆건물에붙어있고. 다이소도 바로앞이구요. 직원분들도 친절하시고 호텔이 오래된듯하긴했지만 욕실이나 침대도 편했어요. 엘레베이터가 항상 기다리고있어 편하더라고요.","히터소리가 무지크더라구요^^; 세면대의 찬물조리개에서 물이 줄줄 흘러내렸는데 카운터에 전달은 못했네요ㅜ 하카타역바로코앞이니만큼 대로변의 소음은 참아야죠!","","博多駅バロコの前だったのでとても楽しかったです。一蘭ラーメン屋さん。コンビニもすぐ隣の建物に付いてるし。ダイソーもすぐ前です。スタッフの方も親切でホテルが古いようでしたがバスルームやベッドも楽でした。エレベーターがいつも待っていて楽でした。","ヒーターの音は無知でした^^;洗面台の冷水絞りで水がずっと流れ落ちたのですがカウンターに届けませんでしたㅜ博多駅のバロコ前だから、通りの騒音は我慢しなければなりません！","Joohee","","FALSE","楽天トラベル","4","2026-03-21","フロント対応はしっかり、丁寧。ベテランと若手がいて頼もしかった。ウェルカムドリンクのレモン水おいしい。部屋はちょっと暗くて、パソコンの作業はする気になれず。設備は古いが清潔であった。朝食が美味しかったです。 ","","","フロント対応はしっかり、丁寧。ベテランと若手がいて頼もしかった。ウェルカムドリンクのレモン水おいしい。部屋はちょっと暗くて、パソコンの作業はする気になれず。設備は古いが清潔であった。朝食が美味しかったです。 ","","","キャンプ555","",""
"","FALSE","Trip.com","10","2026-03-17","地點吸引，係正博多站對面，購物同食野都方便","","","立地は魅力的で、正広駅の真向かいに位置しているため、買い物や食事に便利です。","","","f‍i‍o‍n‍a‍t‍c‍y","","FALSE","Trip.com","10","2026-03-20","值得再次造訪！","","","また訪れる価値がある！","","","ゲ‍ス‍ト","",""
"","FALSE","Trip.com","8","2026-03-16","地點理想，近火車站，購物食野都好方便而且去神社都好近，實在太便利，而且酒店仲送埋早餐，實在太好了，可以再入住","","","立地は最高です。駅に近く、ショッピングや食事にも便利で、神社にもとても近い。信じられないほど便利で、しかも朝食付きなのも素晴らしい。間違いなくまたここに泊まりたいです。","","","ゲ‍ス‍ト","","FALSE","Booking.com","8","2026-03-20","","아침식사","없음","","朝食","なし","Sunjung","",""
"","FALSE","Booking.com","8","2026-03-16","","駅から近い","","","駅から近い","","Ayumi","","FALSE","Booking.com","8","2026-03-20","","","","","","","Jisook","",""
"","FALSE","Booking.com","8","2026-03-16","","The location is excellent—just opposite Hakata Station, making it very convenient, especially if you have luggage or need to rush to catch the subway to the airport early in the morning.  The hotel is a bit older, but it has everything that is needed for a comfortable stay. The room size is relatively spacious compared to many typical business hotels in Japan. The staff are friendly and the check-in process is smooth. The complimentary breakfast is simple but sufficient to start the day.  Overall, it is a good choice for travelers who prioritize location, convenience, and value for money when staying in Hakata.","One thing I didn’t particularly like is that the hotel does not have a hot spring bath or public bath facility. After a long day of traveling or sightseeing, it would be nice to relax in an onsen.","","立地は抜群で、博多駅の真向かいにあるため、特に荷物が多い場合や、早朝に空港へ向かう地下鉄に急いで乗る必要がある場合に非常に便利です。ホテル自体はやや古いですが、快適な滞在に必要なものはすべて揃っています。客室は日本の一般的なビジネスホテルと比べて比較的広々としています。スタッフは親切で、チェックインもスムーズです。無料の朝食はシンプルですが、一日を始めるには十分です。全体的に見て、博多滞在において立地、利便性、そしてコストパフォーマンスを重視する旅行者にとって良い選択肢と言えるでしょう。","一つ残念だったのは、ホテルに温泉や大浴場がないことです。長時間の移動や観光の後には、温泉でゆっくりくつろげたらいいのにと思いました。","Chang","","FALSE","Google","3","2026-03-20","","","","","","","中村智司","",""
"","FALSE","Trip.com","10","2026-03-16","일단 위치가 너무 좋습니다. 주변에서 쇼핑하고 잠시들러 짐 놔두기도 좋고 , 주변 맛집도 많습니다 시설은 오래되어 조금 낡은 느낌이지만 관리가 잘되어있어 깔끔했고 호텔 로비에서 간단하게 사온음식들을 먹을수 있어서 좋았습니다","","","一度場所がとても良いです。周辺で買い物してしばらく立ち寄っておくのも良く、周辺のグルメも多いです。","","","ゲ‍ス‍ト","","FALSE","Booking.com","9","2026-03-20","","","","","","","廣山","",""
"","FALSE","Trip.com","8","2026-03-16","一間各方面正常近博多站又便宜的酒店，而且最好的地方是房間較大，可以同時開啟兩個行李箱十分方便。而且包早餐。","","","博多駅に近く、あらゆる面で申し分のないホテルで、料金も手頃です。何より素晴らしいのは、部屋が広々としていてスーツケース2個を一度に置けるほど便利な点です。朝食付きです。","","","ゲ‍ス‍ト","","FALSE","楽天トラベル","3","2026-03-20","古い建物だったが部屋には空気清浄機もおいてありベッドの寝心地も良かったです。天井のシミや壁紙が一部剥がれていたりライトの埃が気になった。スタッフの対応は親切でした。駅に近く子連れだったので、とても便利でした。ありがとうございました。","","","古い建物だったが部屋には空気清浄機もおいてありベッドの寝心地も良かったです。天井のシミや壁紙が一部剥がれていたりライトの埃が気になった。スタッフの対応は親切でした。駅に近く子連れだったので、とても便利でした。ありがとうございました。","","","ひろママ１１２２","",""
"","FALSE","Booking.com","3","2026-03-16","","","","","","","Yoshikiyo","","FALSE","Booking.com","8","2026-03-19","","Bien qu'en face de la gare, très bonne insonorisation de la chambre. Situation plein centre ville et proche train, métro,bus","","","駅の向かいという立地にもかかわらず、部屋は防音性が非常に高かった。市内中心部に位置し、電車、地下鉄、バスの駅にも近い。","","Isabelle","",""
"","FALSE","Booking.com","8","2026-03-15","","地點極佳，交通方便，設備稍舊，乾淨舒適！","整體較為昏暗","","立地が最高、交通の便も便利、設備はやや古いものの、清潔で快適！","全体的に照明が暗かった。","Shih","","FALSE","Booking.com","7","2026-03-19","","博多駅前の立地が最高で、とても便利です。","部屋の中、特にユニットバスが古い造りで、洗面所の蛇口が2口式なのが残念ですが、それ以外は快適でした。","","博多駅前の立地が最高で、とても便利です。","部屋の中、特にユニットバスが古い造りで、洗面所の蛇口が2口式なのが残念ですが、それ以外は快適でした。","Yasunori","",""
"","FALSE","Trip.com","10","2026-03-15","1.地點真的好 從飯店門口走到地鐵月台 不用五分鐘 2.免費早餐 不是敷衍的那種 但每天差不多 3.公共空間休息 有提供熱飲+冷飲 4.該有的都有 洗衣服 販賣機 吸煙室 寄存放行李 可以量行李重量、 接待人員禮貌。都很不錯 結論就是","","","1. 立地が本当に良いです。ホテルの入り口から地下鉄のホームまで徒歩5分以内です。

2. 無料の朝食は、形式的なものではなく、毎日ほぼ同じ内容です。

3. 温かい飲み物と冷たい飲み物が用意された、リラックスできる共用スペースがあります。

4. 必要なものはすべて揃っています。ランドリー設備、自動販売機、喫煙室、荷物預かり所（重量測定機能付き）、そして親切なスタッフ。全体的に非常に良いホテルです。","","","p‍k‍k‍ ‍p‍k‍k","","FALSE","Trip.com","8","2026-03-19","早餐每天都差不多 房間有點暗，燈不夠光。","","","朝食はほぼ毎日同じです。部屋は少し暗く、照明が十分ではありません。","","","ゲ‍ス‍ト","",""
"","FALSE","Google","4","2026-03-15","하카타 역 근처 가성비 호텔. 위치가 정말 좋다. 방은 좀 좁은 편인데 불편할 정도는 아님. 전자레인지가 1층에만 있어서 조금 귀찮은건 있음.","","","博多駅近くのコスパホテル。場所は本当に良いです。部屋は少し狭い方なのに不便なほどではない。電子レンジが1階だけで少し面倒なことあり。","","","모세네","","FALSE","Booking.com","7","2026-03-19","","","","","","","Yenyu","",""
"","FALSE","じゃらん","5","2026-03-15","博多駅前でとても便利な立地  部屋もキレイで3人ベットでも全く狭さも感じることもなく  大きなお風呂に旅の疲れもとれました  4ベットでも快適そうな部屋でした  朝食も水炊き風スープで あー博多に居るんだなと感じる時間を過ごせました  フロント？コンシェルジュ？の方に観光の質問をしてもわかりやすく説明をいただき  また博多に行く機会があれば  是非コンフォートホテル博多さんにと思いました","","","博多駅前でとても便利な立地  部屋もキレイで3人ベットでも全く狭さも感じることもなく  大きなお風呂に旅の疲れもとれました  4ベットでも快適そうな部屋でした  朝食も水炊き風スープで あー博多に居るんだなと感じる時間を過ごせました  フロント？コンシェルジュ？の方に観光の質問をしてもわかりやすく説明をいただき  また博多に行く機会があれば  是非コンフォートホテル博多さんにと思いました","","","けんさんさん","","FALSE","Google","1","2026-03-19","不慣れな年寄りだけで宿泊するのは無理 システムが良くない","","","不慣れな年寄りだけで宿泊するのは無理 システムが良くない","","","Sam Nakaboh","",""
"","FALSE","Google","4","2026-03-15","博多駅近くのコスパホテル。場所は本当に良いです。部屋は少し狭い方なのに不便なほどではない。電子レンジが1階だけで少し面倒なことあり。","","","博多駅近くのコスパホテル。場所は本当に良いです。部屋は少し狭い方なのに不便なほどではない。電子レンジが1階だけで少し面倒なことあり。","","","모세네","","FALSE","Google","5","2026-03-18","足と臀部のマッサージ機能があり、とても快適です。","","","足と臀部のマッサージ機能があり、とても快適です。","","","Cu Ch","",""
"","FALSE","Trip.com","8","2026-03-14","Lobby check-in & check-out machines very convenient for tourists, but toilet & room amenities are old style. Have to switch hot & cold water tap together, no USB points.   Free breakfast & cafeteria lady staff was very efficient in directing guests to their table. She’s always smiling & helpful.","","","ロビーのチェックイン・チェックアウト機は観光客にとって非常に便利ですが、トイレや客室のアメニティは旧式です。温水と冷水の蛇口を同時に切り替える必要があり、USBポートもありません。無料の朝食とカフェテリアの女性スタッフは、ゲストを席まで案内するのに非常に効率的でした。彼女はいつも笑顔で親切です。","","","ゲ‍ス‍ト","","FALSE","Trip.com","10","2026-03-18","ทุกอย่างดีหมด การเดินทาง,ความสะอาด,ทำเลที่ตั้ง รวมอาหารเช้าทุกวัน.","","","旅行の手配、清潔さ、立地、そして毎日の朝食まで、すべてが素晴らしかったです。","","","ゲ‍ス‍ト","",""
"","FALSE","Trip.com","10","2026-03-14","十分好舒服","","","とても快適","","","ゲ‍ス‍ト","","FALSE","Trip.com","10","2026-03-18","이른시간 도착해서 데스크 직원분께서 친절히 캐리어 보관등 안내해주셔서 감사 했습니다. 기회가 된다먄 또 찾이 뵙겠습니다.","","","早い時間に到着して、デスクスタッフの方が親切にキャリア保管などご案内いただきありがとうございました。機会になるなんてまたお探しします。","","","ゲ‍ス‍ト","",""
"","FALSE","Google","5","2026-03-14","部屋は新しくはありませんでしたが、広々としていて清潔でした。ホテルのスタッフは親切で、素晴らしいサービスを提供してくれました。JR駅にも近く、立地も便利でした。3泊の滞在としては、料金も非常にお得でした。","","","部屋は新しくはありませんでしたが、広々としていて清潔でした。ホテルのスタッフは親切で、素晴らしいサービスを提供してくれました。JR駅にも近く、立地も便利でした。3泊の滞在としては、料金も非常にお得でした。","","","彭一蘋","","FALSE","Booking.com","3","2026-03-18","","朝ごはんの種類が多くて美味しい！ 部屋はとても綺麗。","風呂、トイレが少し汚く、生乾きの匂いがするのが残念 又、手元のライトが壊れててつかなかった。他はつくけどそこはつかなくてもいい感じだったけど。","","朝ごはんの種類が多くて美味しい！ 部屋はとても綺麗。","風呂、トイレが少し汚く、生乾きの匂いがするのが残念 又、手元のライトが壊れててつかなかった。他はつくけどそこはつかなくてもいい感じだったけど。","日高","",""
"","FALSE","Trip.com","9","2026-03-14","住宿經驗良好.車站就在正對面逛街美食都不是問題.如果硬要挑剔的話就是早餐的種類不理想.","","","宿泊施設は満足のいくものでした。駅は通りの向かい側にあるので、買い物や食事には全く問題ありません。あえて難点を挙げるとすれば、朝食の種類があまり豊富ではなかったことです。","","","j‍o‍y‍c‍e‍ ‍p‍a‍i","","FALSE","Booking.com","8","2026-03-18","","朝食が、思っていた以上に品数が、豊富で、美味しかったです。","","","朝食が、思っていた以上に品数が、豊富で、美味しかったです。","","Machiko","",""
"","","","","","","","","","","","","","FALSE","じゃらん","3","2026-03-18","スタッフみなさん感じが良くて良かった。  部屋は確かに古さはあるが、部屋も広くて、立地がとにかく良いのでまたお世話になりたい。  朝食は会場が狭く、すごく賑やかだったのでやめた。  (部屋で食べれる簡単なものがあれば嬉しい)  フリードリンクも助かった。","","","スタッフみなさん感じが良くて良かった。  部屋は確かに古さはあるが、部屋も広くて、立地がとにかく良いのでまたお世話になりたい。  朝食は会場が狭く、すごく賑やかだったのでやめた。  (部屋で食べれる簡単なものがあれば嬉しい)  フリードリンクも助かった。","","","ーさん","",""
"","","","","","","","","","","","","","FALSE","Google","5","2026-03-18","裡面有足部按摩及屁股按摩器很舒服","","","足と臀部のマッサージ機能があり、とても快適です。","","","Cu Ch","",""
"","","","","","","","","","","","","","FALSE","Trip.com","9","2026-03-17","Goog location, convenient transportation, delicious breakfast and comfortable suite. Overall experience was good.","","","立地が良く、交通の便も良く、朝食も美味しく、スイートルームも快適でした。全体的に満足です。","","","ゲ‍ス‍ト","",""
"","","","","","","","","","","","","","FALSE","Booking.com","8","2026-03-17","","하카타역 바로코앞이라 너무편했어요. 이치란라면집.편의점도 바로 옆건물에붙어있고. 다이소도 바로앞이구요. 직원분들도 친절하시고 호텔이 오래된듯하긴했지만 욕실이나 침대도 편했어요. 엘레베이터가 항상 기다리고있어 편하더라고요.","히터소리가 무지크더라구요^^; 세면대의 찬물조리개에서 물이 줄줄 흘러내렸는데 카운터에 전달은 못했네요ㅜ 하카타역바로코앞이니만큼 대로변의 소음은 참아야죠!","","博多駅バロコの前だったのでとても楽しかったです。一蘭ラーメン屋さん。コンビニもすぐ隣の建物に付いてるし。ダイソーもすぐ前です。スタッフの方も親切でホテルが古いようでしたがバスルームやベッドも楽でした。エレベーターがいつも待っていて楽でした。","ヒーターの音は無知でした^^;洗面台の冷水絞りで水がずっと流れ落ちたのですがカウンターに届けませんでしたㅜ博多駅のバロコ前だから、通りの騒音は我慢しなければなりません！","Joohee","",""
"","","","","","","","","","","","","","FALSE","Trip.com","10","2026-03-17","地點吸引，係正博多站對面，購物同食野都方便","","","立地は魅力的で、正広駅の真向かいに位置しているため、買い物や食事に便利です。","","","f‍i‍o‍n‍a‍t‍c‍y","",""
"","","","","","","","","","","","","","FALSE","Trip.com","8","2026-03-16","地點理想，近火車站，購物食野都好方便而且去神社都好近，實在太便利，而且酒店仲送埋早餐，實在太好了，可以再入住","","","立地は最高です。駅に近く、ショッピングや食事にも便利で、神社にもとても近い。信じられないほど便利で、しかも朝食付きなのも素晴らしい。間違いなくまたここに泊まりたいです。","","","ゲ‍ス‍ト","",""
"","","","","","","","","","","","","","FALSE","Booking.com","8","2026-03-16","","駅から近い","","","駅から近い","","Ayumi","",""
"","","","","","","","","","","","","","FALSE","Booking.com","8","2026-03-16","","The location is excellent—just opposite Hakata Station, making it very convenient, especially if you have luggage or need to rush to catch the subway to the airport early in the morning.  The hotel is a bit older, but it has everything that is needed for a comfortable stay. The room size is relatively spacious compared to many typical business hotels in Japan. The staff are friendly and the check-in process is smooth. The complimentary breakfast is simple but sufficient to start the day.  Overall, it is a good choice for travelers who prioritize location, convenience, and value for money when staying in Hakata.","One thing I didn’t particularly like is that the hotel does not have a hot spring bath or public bath facility. After a long day of traveling or sightseeing, it would be nice to relax in an onsen.","","立地は抜群で、博多駅の真向かいにあるため、特に荷物が多い場合や、早朝に空港へ向かう地下鉄に急いで乗る必要がある場合に非常に便利です。ホテル自体はやや古いですが、快適な滞在に必要なものはすべて揃っています。客室は日本の一般的なビジネスホテルと比べて比較的広々としています。スタッフは親切で、チェックインもスムーズです。無料の朝食はシンプルですが、一日を始めるには十分です。全体的に見て、博多滞在において立地、利便性、そしてコストパフォーマンスを重視する旅行者にとって良い選択肢と言えるでしょう。","一つ残念だったのは、ホテルに温泉や大浴場がないことです。長時間の移動や観光の後には、温泉でゆっくりくつろげたらいいのにと思いました。","Chang","",""
"","","","","","","","","","","","","","FALSE","Trip.com","10","2026-03-16","일단 위치가 너무 좋습니다. 주변에서 쇼핑하고 잠시들러 짐 놔두기도 좋고 , 주변 맛집도 많습니다 시설은 오래되어 조금 낡은 느낌이지만 관리가 잘되어있어 깔끔했고 호텔 로비에서 간단하게 사온음식들을 먹을수 있어서 좋았습니다","","","一度場所がとても良いです。周辺で買い物してしばらく立ち寄っておくのも良く、周辺のグルメも多いです。","","","ゲ‍ス‍ト","",""
"","","","","","","","","","","","","","FALSE","Trip.com","8","2026-03-16","一間各方面正常近博多站又便宜的酒店，而且最好的地方是房間較大，可以同時開啟兩個行李箱十分方便。而且包早餐。","","","博多駅に近く、あらゆる面で申し分のないホテルで、料金も手頃です。何より素晴らしいのは、部屋が広々としていてスーツケース2個を一度に置けるほど便利な点です。朝食付きです。","","","ゲ‍ス‍ト","",""
"","","","","","","","","","","","","","FALSE","Booking.com","3","2026-03-16","","","","","","","Yoshikiyo","",""
"","","","","","","","","","","","","","FALSE","Booking.com","8","2026-03-15","","地點極佳，交通方便，設備稍舊，乾淨舒適！","整體較為昏暗","","立地が最高、交通の便も便利、設備はやや古いものの、清潔で快適！","全体的に照明が暗かった。","Shih","",""
"","","","","","","","","","","","","","FALSE","Trip.com","10","2026-03-15","1.地點真的好 從飯店門口走到地鐵月台 不用五分鐘 2.免費早餐 不是敷衍的那種 但每天差不多 3.公共空間休息 有提供熱飲+冷飲 4.該有的都有 洗衣服 販賣機 吸煙室 寄存放行李 可以量行李重量、 接待人員禮貌。都很不錯 結論就是","","","1. 立地が本当に良いです。ホテルの入り口から地下鉄のホームまで徒歩5分以内です。

2. 無料の朝食は、形式的なものではなく、毎日ほぼ同じ内容です。

3. 温かい飲み物と冷たい飲み物が用意された、リラックスできる共用スペースがあります。

4. 必要なものはすべて揃っています。ランドリー設備、自動販売機、喫煙室、荷物預かり所（重量測定機能付き）、そして親切なスタッフ。全体的に非常に良いホテルです。","","","p‍k‍k‍ ‍p‍k‍k","",""
"","","","","","","","","","","","","","FALSE","Google","4","2026-03-15","하카타 역 근처 가성비 호텔. 위치가 정말 좋다. 방은 좀 좁은 편인데 불편할 정도는 아님. 전자레인지가 1층에만 있어서 조금 귀찮은건 있음.","","","博多駅近くのコスパホテル。場所は本当に良いです。部屋は少し狭い方なのに不便なほどではない。電子レンジが1階だけで少し面倒なことあり。","","","모세네","",""
"","","","","","","","","","","","","","FALSE","じゃらん","5","2026-03-15","博多駅前でとても便利な立地  部屋もキレイで3人ベットでも全く狭さも感じることもなく  大きなお風呂に旅の疲れもとれました  4ベットでも快適そうな部屋でした  朝食も水炊き風スープで あー博多に居るんだなと感じる時間を過ごせました  フロント？コンシェルジュ？の方に観光の質問をしてもわかりやすく説明をいただき  また博多に行く機会があれば  是非コンフォートホテル博多さんにと思いました","","","博多駅前でとても便利な立地  部屋もキレイで3人ベットでも全く狭さも感じることもなく  大きなお風呂に旅の疲れもとれました  4ベットでも快適そうな部屋でした  朝食も水炊き風スープで あー博多に居るんだなと感じる時間を過ごせました  フロント？コンシェルジュ？の方に観光の質問をしてもわかりやすく説明をいただき  また博多に行く機会があれば  是非コンフォートホテル博多さんにと思いました","","","けんさんさん","",""
"","","","","","","","","","","","","","FALSE","Google","4","2026-03-15","博多駅近くのコスパホテル。場所は本当に良いです。部屋は少し狭い方なのに不便なほどではない。電子レンジが1階だけで少し面倒なことあり。","","","博多駅近くのコスパホテル。場所は本当に良いです。部屋は少し狭い方なのに不便なほどではない。電子レンジが1階だけで少し面倒なことあり。","","","모세네","",""
"","","","","","","","","","","","","","FALSE","Trip.com","8","2026-03-14","Lobby check-in & check-out machines very convenient for tourists, but toilet & room amenities are old style. Have to switch hot & cold water tap together, no USB points.   Free breakfast & cafeteria lady staff was very efficient in directing guests to their table. She’s always smiling & helpful.","","","ロビーのチェックイン・チェックアウト機は観光客にとって非常に便利ですが、トイレや客室のアメニティは旧式です。温水と冷水の蛇口を同時に切り替える必要があり、USBポートもありません。無料の朝食とカフェテリアの女性スタッフは、ゲストを席まで案内するのに非常に効率的でした。彼女はいつも笑顔で親切です。","","","ゲ‍ス‍ト","",""
"","","","","","","","","","","","","","FALSE","Trip.com","10","2026-03-14","十分好舒服","","","とても快適","","","ゲ‍ス‍ト","",""
"","","","","","","","","","","","","","FALSE","Google","5","2026-03-14","部屋は新しくはありませんでしたが、広々としていて清潔でした。ホテルのスタッフは親切で、素晴らしいサービスを提供してくれました。JR駅にも近く、立地も便利でした。3泊の滞在としては、料金も非常にお得でした。","","","部屋は新しくはありませんでしたが、広々としていて清潔でした。ホテルのスタッフは親切で、素晴らしいサービスを提供してくれました。JR駅にも近く、立地も便利でした。3泊の滞在としては、料金も非常にお得でした。","","","彭一蘋","",""
"","","","","","","","","","","","","","FALSE","Trip.com","9","2026-03-14","住宿經驗良好.車站就在正對面逛街美食都不是問題.如果硬要挑剔的話就是早餐的種類不理想.","","","宿泊施設は満足のいくものでした。駅は通りの向かい側にあるので、買い物や食事には全く問題ありません。あえて難点を挙げるとすれば、朝食の種類があまり豊富ではなかったことです。","","","j‍o‍y‍c‍e‍ ‍p‍a‍i","",""