"` ","検索文字 URL： チェック","コンフォートホテルERA東京東神田 サイト名","なし 検索年月： 評価","2026年 投稿日","04月 コメント(全体)","範囲： コメント(良い点)","!A1:K コメント(改善点)","コメント（翻訳:全体)","コメント（翻訳:良い)","コメント（翻訳:改善点)","投稿者","","","","","関数用 2026年 2026年 ","03月 04月 ","","!A2:K75 ","","","",""
"","FALSE","Google","5","2026-04-23","部屋はとても清潔で静かでした。日本の他のホテルほど狭くはありませんでした。サービスも良かったです。多くの駅に近い場所にあります。","","","部屋はとても清潔で静かでした。日本の他のホテルほど狭くはありませんでした。サービスも良かったです。多くの駅に近い場所にあります。","","","Cemre C","","FALSE","Google","5","2026-04-23","部屋はとても清潔で静かでした。日本の他のホテルほど狭くはありませんでした。サービスも良かったです。多くの駅に近い場所にあります。","","","部屋はとても清潔で静かでした。日本の他のホテルほど狭くはありませんでした。サービスも良かったです。多くの駅に近い場所にあります。","","","Cemre C"
"","FALSE","Google","5","2026-04-23","The room was very clean and quiet. It was not as small as other hotels in Japan. The service was good. It's located close to many train stations","","","部屋はとても清潔で静かでした。日本の他のホテルほど狭くはありませんでした。サービスも良かったです。多くの駅に近い場所にあります。","","","Cemre C","","FALSE","Google","5","2026-04-23","The room was very clean and quiet. It was not as small as other hotels in Japan. The service was good. It's located close to many train stations","","","部屋はとても清潔で静かでした。日本の他のホテルほど狭くはありませんでした。サービスも良かったです。多くの駅に近い場所にあります。","","","Cemre C"
"","FALSE","Booking.com","9","2026-04-22","","","","","","","Javiera","","FALSE","Booking.com","9","2026-04-22","","","","","","","Javiera"
"","FALSE","Trip.com","10","2026-04-22","設施：很完善 衞生：非常乾淨 環境：很整潔 服務：非常細緻","","","設備：非常に充実している。衛生状態：非常に清潔。環境：非常に整頓されている。サービス：非常に丁寧。","","","ゲ‍ス‍ト","","FALSE","Trip.com","10","2026-04-22","設施：很完善 衞生：非常乾淨 環境：很整潔 服務：非常細緻","","","設備：非常に充実している。衛生状態：非常に清潔。環境：非常に整頓されている。サービス：非常に丁寧。","","","ゲ‍ス‍ト"
"","FALSE","Agoda","9","2026-04-21","The check-in/out process was very straightforward. I know westerners often expect too much English to be spoken sometimes but I was appreciative of just how much they did.   The room itself was comfortable and clean. All the basic amenities were available and usable. I booked two rooms for us and they were able to place us adjacently and near the elevator.   The only downside was it was a longer walk to the train station as opposed to a lot of other hotels. But that is a small inconvenience.   There is a bus station right outside which can help connect to the main station.","","","チェックイン／チェックアウトの手続きは非常にスムーズでした。欧米人は英語が通じることを期待しすぎる傾向があるのは承知していますが、彼らの英語力には感心しました。部屋自体は快適で清潔でした。基本的なアメニティはすべて揃っていて、問題なく使用できました。2部屋予約したのですが、隣同士でエレベーターに近い部屋を用意してくれました。唯一の難点は、他の多くのホテルに比べて駅まで少し歩く距離が長かったことですが、それは些細なことです。ホテルのすぐ外にバスターミナルがあり、そこから主要駅へアクセスできます。","","","Loren","","FALSE","Agoda","9","2026-04-21","The check-in/out process was very straightforward. I know westerners often expect too much English to be spoken sometimes but I was appreciative of just how much they did.   The room itself was comfortable and clean. All the basic amenities were available and usable. I booked two rooms for us and they were able to place us adjacently and near the elevator.   The only downside was it was a longer walk to the train station as opposed to a lot of other hotels. But that is a small inconvenience.   There is a bus station right outside which can help connect to the main station.","","","チェックイン／チェックアウトの手続きは非常にスムーズでした。欧米人は英語が通じることを期待しすぎる傾向があるのは承知していますが、彼らの英語力には感心しました。部屋自体は快適で清潔でした。基本的なアメニティはすべて揃っていて、問題なく使用できました。2部屋予約したのですが、隣同士でエレベーターに近い部屋を用意してくれました。唯一の難点は、他の多くのホテルに比べて駅まで少し歩く距離が長かったことですが、それは些細なことです。ホテルのすぐ外にバスターミナルがあり、そこから主要駅へアクセスできます。","","","Loren"
"","FALSE","Trip.com","10","2026-04-21","Отличный отель с действительно просторными номерами — места хватило на два огромных чемодана и еще осталось. Находится в 10-15 минутах от пересадочных узлов, при этом сам район очень спокойный: на улицах не людно и очень тихо. Идеальное комбо из комфорта и тишины. К уборке претензий нет. В номере был сейф — если для кого-то это важно. На 2-м этаже находится прачечная, людей там бывает много, так что надо успевать занять машинку вовремя. Отель нам очень понравился!","","","本当に広々とした客室を備えた素晴らしいホテルです。大きなスーツケース2個を置いても十分なスペースがあります。主要都市から10～15分ほどの距離にありながら、周辺は非常に静かで、通りは静かで混雑していません。快適さと静けさが完璧に融合したホテルです。ハウスキーピングにも全く不満はありませんでした。部屋にはセーフティボックスも備え付けられています（必要な方のために）。2階にはランドリールームがありますが、混雑することが多いので、早めに洗濯機を確保することをお勧めします。私たちはこのホテルがとても気に入りました！","","","ゲ‍ス‍ト","","FALSE","Trip.com","10","2026-04-21","Отличный отель с действительно просторными номерами — места хватило на два огромных чемодана и еще осталось. Находится в 10-15 минутах от пересадочных узлов, при этом сам район очень спокойный: на улицах не людно и очень тихо. Идеальное комбо из комфорта и тишины. К уборке претензий нет. В номере был сейф — если для кого-то это важно. На 2-м этаже находится прачечная, людей там бывает много, так что надо успевать занять машинку вовремя. Отель нам очень понравился!","","","本当に広々とした客室を備えた素晴らしいホテルです。大きなスーツケース2個を置いても十分なスペースがあります。主要都市から10～15分ほどの距離にありながら、周辺は非常に静かで、通りは静かで混雑していません。快適さと静けさが完璧に融合したホテルです。ハウスキーピングにも全く不満はありませんでした。部屋にはセーフティボックスも備え付けられています（必要な方のために）。2階にはランドリールームがありますが、混雑することが多いので、早めに洗濯機を確保することをお勧めします。私たちはこのホテルがとても気に入りました！","","","ゲ‍ス‍ト"
"","FALSE","Booking.com","9","2026-04-21","","La ubicación,cerca de una estación con muy buenas comunicaciones, limpio, sobretodo la ubicación y un barrio muy tranquilo KANDA","Nada que decir","","立地が良く、駅に近く交通の便も抜群、清潔で、何よりも静かな住宅街です。","何も言うことはない","Joan","","FALSE","Booking.com","9","2026-04-21","","La ubicación,cerca de una estación con muy buenas comunicaciones, limpio, sobretodo la ubicación y un barrio muy tranquilo KANDA","Nada que decir","","立地が良く、駅に近く交通の便も抜群、清潔で、何よりも静かな住宅街です。","何も言うことはない","Joan"
"","FALSE","Booking.com","9","2026-04-21","","","","","","","Zsolt","","FALSE","Booking.com","9","2026-04-21","","","","","","","Zsolt"
"","FALSE","Google","3","2026-04-21","とても不快です","","","とても不快です","","","Arunthathy Edwardpulle","","FALSE","Google","3","2026-04-21","とても不快です","","","とても不快です","","","Arunthathy Edwardpulle"
"","FALSE","Google","3","2026-04-21","とても不快","","","とても不快","","","Arunthathy Edwardpulle","","FALSE","Google","3","2026-04-21","とても不快","","","とても不快","","","Arunthathy Edwardpulle"
"","FALSE","Booking.com","9","2026-04-20","","The entire hotel looks very modern and the room I booked was very spacious by Tokyo standards. It has some nice amenities like USB power sockets and different light settings that make the rooms quite comfortable.    The hotel's in a quiet location but quite close to 2 train stations (one is a 10-minute walk away and the other's 15 minutes from the hotel), so reaching other parts of the city is very convenient while avoiding the crowds in Akihabara.","Since the entire hotel looks quite new, the rooms have a fairly standard ""hotel room"" layout, which means you can still hear people shutting their doors in the corridor or children making noise in adjacent rooms. A bit annoying, but compared to hotels in other countries it was still very comfortable.    The hotel breakfast was not my favorite and most options felt more like lunch than breakfast. This is just personal preference though, and the food and the service were great.","","ホテル全体がとてもモダンな雰囲気で、私が予約した部屋は東京の基準からすると非常に広々としていました。USB電源ソケットや照明の調整機能など、快適な設備が整っています。ホテルは静かな場所にありますが、2つの駅（1つは徒歩10分、もう1つは徒歩15分）に非常に近いので、秋葉原の混雑を避けながら市内の他の地域へも簡単にアクセスできます。","ホテル全体がかなり新しいので、客室はごく一般的な「ホテルの客室」といったレイアウトになっています。そのため、廊下で人がドアを閉める音や隣室の子供の騒ぎ声が聞こえてきます。少し気になる点ではありますが、他の国のホテルと比べると非常に快適でした。ホテルの朝食はあまり好みではなく、ほとんどのメニューが朝食というよりランチに近い印象でした。とはいえ、これはあくまで個人的な好みであり、料理とサービスは素晴らしかったです。","Raphael","","FALSE","Booking.com","9","2026-04-20","","The entire hotel looks very modern and the room I booked was very spacious by Tokyo standards. It has some nice amenities like USB power sockets and different light settings that make the rooms quite comfortable.    The hotel's in a quiet location but quite close to 2 train stations (one is a 10-minute walk away and the other's 15 minutes from the hotel), so reaching other parts of the city is very convenient while avoiding the crowds in Akihabara.","Since the entire hotel looks quite new, the rooms have a fairly standard ""hotel room"" layout, which means you can still hear people shutting their doors in the corridor or children making noise in adjacent rooms. A bit annoying, but compared to hotels in other countries it was still very comfortable.    The hotel breakfast was not my favorite and most options felt more like lunch than breakfast. This is just personal preference though, and the food and the service were great.","","ホテル全体がとてもモダンな雰囲気で、私が予約した部屋は東京の基準からすると非常に広々としていました。USB電源ソケットや照明の調整機能など、快適な設備が整っています。ホテルは静かな場所にありますが、2つの駅（1つは徒歩10分、もう1つは徒歩15分）に非常に近いので、秋葉原の混雑を避けながら市内の他の地域へも簡単にアクセスできます。","ホテル全体がかなり新しいので、客室はごく一般的な「ホテルの客室」といったレイアウトになっています。そのため、廊下で人がドアを閉める音や隣室の子供の騒ぎ声が聞こえてきます。少し気になる点ではありますが、他の国のホテルと比べると非常に快適でした。ホテルの朝食はあまり好みではなく、ほとんどのメニューが朝食というよりランチに近い印象でした。とはいえ、これはあくまで個人的な好みであり、料理とサービスは素晴らしかったです。","Raphael"
"","FALSE","Booking.com","9","2026-04-20","","Gutes Preis/Leistungsverhältnis. Die Zimmer sind, typisch für Tokio sehr klein. Gute Lage 8 Min zur MRT","","","値段の割には良い。部屋は東京ではよくあることだが、とても狭い。立地は良く、MRTまで8分。","","Fxw","","FALSE","Booking.com","9","2026-04-20","","Gutes Preis/Leistungsverhältnis. Die Zimmer sind, typisch für Tokio sehr klein. Gute Lage 8 Min zur MRT","","","値段の割には良い。部屋は東京ではよくあることだが、とても狭い。立地は良く、MRTまで8分。","","Fxw"
"","FALSE","Trip.com","8","2026-04-20","丁寧に対応していただきました","","","丁寧に対応していただきました","","","ゲ‍ス‍ト","","FALSE","Trip.com","8","2026-04-20","丁寧に対応していただきました","","","丁寧に対応していただきました","","","ゲ‍ス‍ト"
"","FALSE","Trip.com","10","2026-04-20","Нормально.. хороший отель, пешком до акихабары можно дойти.","","","普通…良いホテルで、秋葉原まで歩いて行けます。","","","ゲ‍ス‍ト","","FALSE","Trip.com","10","2026-04-20","Нормально.. хороший отель, пешком до акихабары можно дойти.","","","普通…良いホテルで、秋葉原まで歩いて行けます。","","","ゲ‍ス‍ト"
"","FALSE","Trip.com","10","2026-04-20","很超過預期的酒店誒！衞生不必説了，日本酒店的衞生一向值得信賴。樓下有可以免費借出的傘，有個小小的讀書角還有不少有意思的書，特別加分～餐廳不大但食物選擇居然還蠻多，每天也會稍微換換品種，都挺好吃！！房間小但也能攤開一個大箱子，在東京已經算還可以的了。服務也很好。 酒店位置不算最方便吧，走到地鐵站十多分鐘，不過是在比較安靜的居民區，而且看起來是還比較好的居民區，所以挺好的 總之非常滿意！愉快的入住體驗","","","このホテルは期待以上でした！日本のホテルらしく、清潔さは申し分ありませんでした。階下には無料の傘が貸し出されていて、興味深い本が揃った小さな読書コーナーもあり、これは大きなプラスポイントでした！レストランはそれほど広くはありませんでしたが、驚くほど種類が豊富で、日替わりメニューもあって、どれも美味しかったです！部屋は小さかったものの、大きなスーツケースも入るくらいの広さで、東京にしてはかなり良い方だと思います。サービスも素晴らしかったです。立地は地下鉄の駅まで徒歩10分とあまり便利ではありませんでしたが、比較的静かな住宅街にあり、素敵なエリアのようだったので問題ありませんでした。全体的にとても満足しています！快適な滞在でした。","","","匿‍名‍ユ‍ー‍ザ‍ー","","FALSE","Trip.com","10","2026-04-20","很超過預期的酒店誒！衞生不必説了，日本酒店的衞生一向值得信賴。樓下有可以免費借出的傘，有個小小的讀書角還有不少有意思的書，特別加分～餐廳不大但食物選擇居然還蠻多，每天也會稍微換換品種，都挺好吃！！房間小但也能攤開一個大箱子，在東京已經算還可以的了。服務也很好。 酒店位置不算最方便吧，走到地鐵站十多分鐘，不過是在比較安靜的居民區，而且看起來是還比較好的居民區，所以挺好的 總之非常滿意！愉快的入住體驗","","","このホテルは期待以上でした！日本のホテルらしく、清潔さは申し分ありませんでした。階下には無料の傘が貸し出されていて、興味深い本が揃った小さな読書コーナーもあり、これは大きなプラスポイントでした！レストランはそれほど広くはありませんでしたが、驚くほど種類が豊富で、日替わりメニューもあって、どれも美味しかったです！部屋は小さかったものの、大きなスーツケースも入るくらいの広さで、東京にしてはかなり良い方だと思います。サービスも素晴らしかったです。立地は地下鉄の駅まで徒歩10分とあまり便利ではありませんでしたが、比較的静かな住宅街にあり、素敵なエリアのようだったので問題ありませんでした。全体的にとても満足しています！快適な滞在でした。","","","匿‍名‍ユ‍ー‍ザ‍ー"
"","FALSE","Trip.com","10","2026-04-20","服務很好，有免費茶水小吃，附近很安靜","","","サービスは素晴らしく、無料のお茶と軽食が用意されており、周辺地域も非常に静かでした。","","","ゲ‍ス‍ト","","FALSE","Trip.com","10","2026-04-20","服務很好，有免費茶水小吃，附近很安靜","","","サービスは素晴らしく、無料のお茶と軽食が用意されており、周辺地域も非常に静かでした。","","","ゲ‍ス‍ト"
"","FALSE","Booking.com","8","2026-04-19","","The hotel was spotless and the staff were exceptionally friendly and helpful. Luggage lockers in reception. Lovely breakfast.","Nothing.","","ホテルは清潔そのもので、スタッフは非常に親切で協力的でした。フロントには荷物ロッカーがあります。朝食も素晴らしかったです。","何もない。","Piotr","","FALSE","Booking.com","8","2026-04-19","","The hotel was spotless and the staff were exceptionally friendly and helpful. Luggage lockers in reception. Lovely breakfast.","Nothing.","","ホテルは清潔そのもので、スタッフは非常に親切で協力的でした。フロントには荷物ロッカーがあります。朝食も素晴らしかったです。","何もない。","Piotr"
"","FALSE","Booking.com","9","2026-04-19","","Comfort et qualité de l'hôtel et de la chambre. L'accueil et la gentillesse du personnel et enfin le bon petit déjeuner.","Rien","","ホテルと客室の快適さと質の高さ。スタッフの温かい歓迎と親切さ、そして美味しい朝食。","何もない","Adrien","","FALSE","Booking.com","9","2026-04-19","","Comfort et qualité de l'hôtel et de la chambre. L'accueil et la gentillesse du personnel et enfin le bon petit déjeuner.","Rien","","ホテルと客室の快適さと質の高さ。スタッフの温かい歓迎と親切さ、そして美味しい朝食。","何もない","Adrien"
"","FALSE","Booking.com","9","2026-04-19","","The room was super clean and had space. The hotel is well located, quiet street and well connected with many metro/train connections. Very nice staff. Very good breakfast.","The window was facing a wall.","","部屋はとても清潔で広々としていました。ホテルは立地が良く、静かな通りに面していて、地下鉄や電車の乗り換えも多数あり便利です。スタッフの方々もとても親切でした。朝食もとても美味しかったです。","窓は壁に面していた。","Johanne","","FALSE","Booking.com","9","2026-04-19","","The room was super clean and had space. The hotel is well located, quiet street and well connected with many metro/train connections. Very nice staff. Very good breakfast.","The window was facing a wall.","","部屋はとても清潔で広々としていました。ホテルは立地が良く、静かな通りに面していて、地下鉄や電車の乗り換えも多数あり便利です。スタッフの方々もとても親切でした。朝食もとても美味しかったです。","窓は壁に面していた。","Johanne"
"","FALSE","Booking.com","10","2026-04-16","","Great staff and facilities","N/A","","素晴らしいスタッフと設備","該当なし","Ujjwala","","FALSE","Booking.com","10","2026-04-16","","Great staff and facilities","N/A","","素晴らしいスタッフと設備","該当なし","Ujjwala"
"","FALSE","楽天トラベル","5","2026-04-16","ばしょもいいし、清潔感があってよかったわ","","","ばしょもいいし、清潔感があってよかったわ","","","あきだんごａ","","FALSE","楽天トラベル","5","2026-04-16","ばしょもいいし、清潔感があってよかったわ","","","ばしょもいいし、清潔感があってよかったわ","","","あきだんごａ"
"","FALSE","Trip.com","10","2026-04-16","我是二月獨自一個人去的 票價算挺便宜加上房間看起來很乾淨整潔就選擇了這家  首先來講地理位置 位置離電車站不遠 大概走個5-7分鐘就到了 飯店附近非常的安靜 也代表比較偏僻 所以還是要小心安全～ 離羅森或者其他便利店都也算方便 但要走的比較遠 大概10多分鐘 但我覺得這段路程其實也還好  因為是早上七點到的 還沒到check in時間 詢問後可以先寄放行李在他們那邊 24小時都有供應 服務人員的態度都很好 讓人心情很好～～  房間的話我覺得一個人住不需要太大 行李箱打開的話還是可以的 但只能打開在走廊的地方 有時候經過可能會卡卡的啦但沒關係 浴室有浴缸可以泡澡！  關於餐點上我沒有加點 公共區域我是沒有過去到那邊的 但有瞄到位子很多蠻大的","","","2月に一人で行きました。チケットの値段がかなり安く、部屋も清潔で整頓されているように見えたので、このホテルを選びました。まず、立地についてお話ししましょう。トラムの停留所からは遠くなく、徒歩5～7分くらいです。ホテルの周辺はとても静かで、少し辺鄙な場所にあるので注意が必要です。ローソンなどのコンビニに行くには便利ですが、少し遠く、徒歩10分くらいかかります。でも、私は問題ないと思いました。チェックイン時間前の午前7時に到着したのですが、24時間荷物を預かってくれると言ってくれました。スタッフは皆とても親切で、気持ちよく過ごせました。部屋については、一人ならそれほど広くなくてもいいと思います。スーツケースは開けられますが、廊下でしか開けられません。時々、通り過ぎる時に少し不便に感じるかもしれませんが、それは問題ありません。バスルームにはバスタブがあります。特に何も注文しませんでした。公共エリアには入りませんでしたが、大きな椅子がたくさんあることに気づきました。","","","ゲ‍ス‍ト","","FALSE","Trip.com","10","2026-04-16","我是二月獨自一個人去的 票價算挺便宜加上房間看起來很乾淨整潔就選擇了這家  首先來講地理位置 位置離電車站不遠 大概走個5-7分鐘就到了 飯店附近非常的安靜 也代表比較偏僻 所以還是要小心安全～ 離羅森或者其他便利店都也算方便 但要走的比較遠 大概10多分鐘 但我覺得這段路程其實也還好  因為是早上七點到的 還沒到check in時間 詢問後可以先寄放行李在他們那邊 24小時都有供應 服務人員的態度都很好 讓人心情很好～～  房間的話我覺得一個人住不需要太大 行李箱打開的話還是可以的 但只能打開在走廊的地方 有時候經過可能會卡卡的啦但沒關係 浴室有浴缸可以泡澡！  關於餐點上我沒有加點 公共區域我是沒有過去到那邊的 但有瞄到位子很多蠻大的","","","2月に一人で行きました。チケットの値段がかなり安く、部屋も清潔で整頓されているように見えたので、このホテルを選びました。まず、立地についてお話ししましょう。トラムの停留所からは遠くなく、徒歩5～7分くらいです。ホテルの周辺はとても静かで、少し辺鄙な場所にあるので注意が必要です。ローソンなどのコンビニに行くには便利ですが、少し遠く、徒歩10分くらいかかります。でも、私は問題ないと思いました。チェックイン時間前の午前7時に到着したのですが、24時間荷物を預かってくれると言ってくれました。スタッフは皆とても親切で、気持ちよく過ごせました。部屋については、一人ならそれほど広くなくてもいいと思います。スーツケースは開けられますが、廊下でしか開けられません。時々、通り過ぎる時に少し不便に感じるかもしれませんが、それは問題ありません。バスルームにはバスタブがあります。特に何も注文しませんでした。公共エリアには入りませんでしたが、大きな椅子がたくさんあることに気づきました。","","","ゲ‍ス‍ト"
"","FALSE","Trip.com","10","2026-04-16","it was just a little expensive but no choice cus its tokyo. otherwise everything was great, the room was huge. we did not opt for room service to clean the room but the staff still placed new towels and toiletries at our door for use everyday and it was very much appreciated!!","","","少し値段が高かったのは残念でしたが、東京なので仕方ありません。それ以外は全て素晴らしかったです。部屋は広々としていました。ルームサービスは利用しませんでしたが、スタッフの方が毎日新しいタオルとアメニティをドアに置いてくださり、とてもありがたかったです！","","","匿‍名‍ユ‍ー‍ザ‍ー","","FALSE","Trip.com","10","2026-04-16","it was just a little expensive but no choice cus its tokyo. otherwise everything was great, the room was huge. we did not opt for room service to clean the room but the staff still placed new towels and toiletries at our door for use everyday and it was very much appreciated!!","","","少し値段が高かったのは残念でしたが、東京なので仕方ありません。それ以外は全て素晴らしかったです。部屋は広々としていました。ルームサービスは利用しませんでしたが、スタッフの方が毎日新しいタオルとアメニティをドアに置いてくださり、とてもありがたかったです！","","","匿‍名‍ユ‍ー‍ザ‍ー"
"","FALSE","Trip.com","10","2026-04-15","房間不小，至少行李可以完全打開，也蠻乾淨的，廁所熱水很快就熱","","","部屋はスーツケースを完全に広げられるほど広々としていて、とても清潔だった。トイレのお湯もすぐに沸いた。","","","匿‍名‍ユ‍ー‍ザ‍ー","","FALSE","Trip.com","10","2026-04-15","房間不小，至少行李可以完全打開，也蠻乾淨的，廁所熱水很快就熱","","","部屋はスーツケースを完全に広げられるほど広々としていて、とても清潔だった。トイレのお湯もすぐに沸いた。","","","匿‍名‍ユ‍ー‍ザ‍ー"
"","FALSE","Trip.com","10","2026-04-13","Es war sehr sauber und die Lage war perfekt! Ungefähr 6 Minuten zu Fuß von der nächsten Ubahn Station entfernt👍 Personal sehr zuvorkommend und es gab kleine Extras wie Getränke und Goodies umsonst","","","とても清潔で、立地も最高でした！最寄りの地下鉄駅から徒歩約6分です👍 スタッフの方々もとても親切で、無料の飲み物やお菓子などのちょっとしたサービスもありました。","","","ゲ‍ス‍ト","","FALSE","Trip.com","10","2026-04-13","Es war sehr sauber und die Lage war perfekt! Ungefähr 6 Minuten zu Fuß von der nächsten Ubahn Station entfernt👍 Personal sehr zuvorkommend und es gab kleine Extras wie Getränke und Goodies umsonst","","","とても清潔で、立地も最高でした！最寄りの地下鉄駅から徒歩約6分です👍 スタッフの方々もとても親切で、無料の飲み物やお菓子などのちょっとしたサービスもありました。","","","ゲ‍ス‍ト"
"","FALSE","Booking.com","9","2026-04-13","","The room was very clean and the bed comfortable. The staff was very kind and helpful.","","","部屋はとても清潔で、ベッドも快適でした。スタッフの方々もとても親切で親身になってくれました。","","Maria-elena","","FALSE","Booking.com","9","2026-04-13","","The room was very clean and the bed comfortable. The staff was very kind and helpful.","","","部屋はとても清潔で、ベッドも快適でした。スタッフの方々もとても親切で親身になってくれました。","","Maria-elena"
"","FALSE","Trip.com","8","2026-04-13","Сам отель хороший, местоположение удобное, но персонал абсолютно недружелюбный.","","","ホテル自体は良いし、立地も便利だが、スタッフの対応が全く親切ではない。","","","M‍a‍r‍i‍k‍a‍t‍a","","FALSE","Trip.com","8","2026-04-13","Сам отель хороший, местоположение удобное, но персонал абсолютно недружелюбный.","","","ホテル自体は良いし、立地も便利だが、スタッフの対応が全く親切ではない。","","","M‍a‍r‍i‍k‍a‍t‍a"
"","FALSE","Booking.com","10","2026-04-13","","","","","","","Miklovicz","","FALSE","Booking.com","10","2026-04-13","","","","","","","Miklovicz"
"","FALSE","Booking.com","10","2026-04-13","","It was very well located with several stations nearby and a bus stop right outside. Easy to get to everything we wanted to do. The room was clean, spacious and very comfortable. The staff was very friendly and helpful in giving recommendations and helping with luggage delivery. All in all a really positive experience.","","","駅が近くに複数あり、バス停もすぐ目の前という絶好のロケーションでした。行きたい場所にどこへでも簡単にアクセスできました。部屋は清潔で広々としていて、とても快適でした。スタッフの方々はとても親切で、おすすめスポットを教えてくれたり、荷物の配達を手伝ってくれたりと、大変助かりました。全体的に非常に満足のいく滞在でした。","","Ralvi","","FALSE","Booking.com","10","2026-04-13","","It was very well located with several stations nearby and a bus stop right outside. Easy to get to everything we wanted to do. The room was clean, spacious and very comfortable. The staff was very friendly and helpful in giving recommendations and helping with luggage delivery. All in all a really positive experience.","","","駅が近くに複数あり、バス停もすぐ目の前という絶好のロケーションでした。行きたい場所にどこへでも簡単にアクセスできました。部屋は清潔で広々としていて、とても快適でした。スタッフの方々はとても親切で、おすすめスポットを教えてくれたり、荷物の配達を手伝ってくれたりと、大変助かりました。全体的に非常に満足のいく滞在でした。","","Ralvi"
"","FALSE","Google","3","2026-04-13","部屋はまあまあ、フロントスタッフのサービスは普通。立地は良い。","","","部屋はまあまあ、フロントスタッフのサービスは普通。立地は良い。","","","Alfred Lee","","FALSE","Google","3","2026-04-13","部屋はまあまあ、フロントスタッフのサービスは普通。立地は良い。","","","部屋はまあまあ、フロントスタッフのサービスは普通。立地は良い。","","","Alfred Lee"
"","FALSE","Google","5","2026-04-12","東京にしては部屋がかなり広くて、本当に快適です。しかもヨーロッパ式の朝食付きです👍","","","東京にしては部屋がかなり広くて、本当に快適です。しかもヨーロッパ式の朝食付きです👍","","","Екатерина Атакова","","FALSE","Google","5","2026-04-12","東京にしては部屋がかなり広くて、本当に快適です。しかもヨーロッパ式の朝食付きです👍","","","東京にしては部屋がかなり広くて、本当に快適です。しかもヨーロッパ式の朝食付きです👍","","","Екатерина Атакова"
"","FALSE","Google","5","2026-04-12","для Токио достаточно просторные номера, действительно очень комфортно, завтраки есть европейские👍","","","東京にしては部屋がかなり広くて、本当に快適です。しかもヨーロッパ式の朝食付きです👍","","","Екатерина Атакова","","FALSE","Google","5","2026-04-12","для Токио достаточно просторные номера, действительно очень комфортно, завтраки есть европейские👍","","","東京にしては部屋がかなり広くて、本当に快適です。しかもヨーロッパ式の朝食付きです👍","","","Екатерина Атакова"
"","FALSE","Trip.com","9","2026-04-11","There are many hotels available in Tokyo. However, to find a comparatively bigger room is not easy. We made it this time, enough space to put our two large suitcases and still able to move around the room with ease. The hotel is located in a quiet neighborhood closed to many famous spots and subway stations but about 10 minutes walking required. The breakfast is served with various kinds of delicious food as well as offering snack and drinks all day around. The staff are very friendly and helpful.8","","","東京には多くのホテルがありますが、比較的広い部屋を見つけるのは容易ではありません。今回は、大きなスーツケース2個を置いても部屋の中を楽に移動できる十分な広さのホテルを見つけることができました。ホテルは静かな住宅街に位置し、多くの有名スポットや地下鉄駅にも近いですが、徒歩約10分かかります。朝食は種類豊富な美味しい料理が揃っており、終日軽食や飲み物も提供されています。スタッフはとてもフレンドリーで親切です。","","","P‍e‍n‍g‍u‍i‍n‍_‍B‍B","","FALSE","Trip.com","9","2026-04-11","There are many hotels available in Tokyo. However, to find a comparatively bigger room is not easy. We made it this time, enough space to put our two large suitcases and still able to move around the room with ease. The hotel is located in a quiet neighborhood closed to many famous spots and subway stations but about 10 minutes walking required. The breakfast is served with various kinds of delicious food as well as offering snack and drinks all day around. The staff are very friendly and helpful.8","","","東京には多くのホテルがありますが、比較的広い部屋を見つけるのは容易ではありません。今回は、大きなスーツケース2個を置いても部屋の中を楽に移動できる十分な広さのホテルを見つけることができました。ホテルは静かな住宅街に位置し、多くの有名スポットや地下鉄駅にも近いですが、徒歩約10分かかります。朝食は種類豊富な美味しい料理が揃っており、終日軽食や飲み物も提供されています。スタッフはとてもフレンドリーで親切です。","","","P‍e‍n‍g‍u‍i‍n‍_‍B‍B"
"","FALSE","Booking.com","9","2026-04-11","","Bien de espacio. Le iba a poner un 7 u 8, pero el personal me ayudó mucho con el traslado de mis maletas y fueron super atentos. Buen desayuno.","La ubicación no es genial, pero tampoco mala. Cerca no hay mucho que hacer, pero hay metro cercano.","","広さは十分でした。7点か8点にしようかと思いましたが、スタッフの方々が荷物の運搬をとても親切に手伝ってくださり、非常に気配りが行き届いていたので、それ以上の評価にしました。朝食も美味しかったです。","立地は最高とは言えないが、悪くもない。周辺にはあまり娯楽施設はないが、地下鉄の駅がすぐ近くにある。","Fernando","","FALSE","Booking.com","9","2026-04-11","","Bien de espacio. Le iba a poner un 7 u 8, pero el personal me ayudó mucho con el traslado de mis maletas y fueron super atentos. Buen desayuno.","La ubicación no es genial, pero tampoco mala. Cerca no hay mucho que hacer, pero hay metro cercano.","","広さは十分でした。7点か8点にしようかと思いましたが、スタッフの方々が荷物の運搬をとても親切に手伝ってくださり、非常に気配りが行き届いていたので、それ以上の評価にしました。朝食も美味しかったです。","立地は最高とは言えないが、悪くもない。周辺にはあまり娯楽施設はないが、地下鉄の駅がすぐ近くにある。","Fernando"
"","FALSE","Google","4","2026-04-11","清潔で快適、サービスも素晴らしい。静かに寝たりシャワーを浴びたりしたい方におすすめです。料金も手頃。スタッフは親切で協力的でした。","","","清潔で快適、サービスも素晴らしい。静かに寝たりシャワーを浴びたりしたい方におすすめです。料金も手頃。スタッフは親切で協力的でした。","","","Jen Gaw","","FALSE","Google","4","2026-04-11","清潔で快適、サービスも素晴らしい。静かに寝たりシャワーを浴びたりしたい方におすすめです。料金も手頃。スタッフは親切で協力的でした。","","","清潔で快適、サービスも素晴らしい。静かに寝たりシャワーを浴びたりしたい方におすすめです。料金も手頃。スタッフは親切で協力的でした。","","","Jen Gaw"
"","FALSE","Trip.com","9","2026-04-11","Great service with great equipment in the hotel. We stay here for two days, and feel comfortable all the time 👍🏻","","","ホテルの設備もサービスも素晴らしかったです。2日間滞在しましたが、ずっと快適に過ごせました👍🏻","","","a‍n‍z‍o‍t‍w","","FALSE","Trip.com","9","2026-04-11","Great service with great equipment in the hotel. We stay here for two days, and feel comfortable all the time 👍🏻","","","ホテルの設備もサービスも素晴らしかったです。2日間滞在しましたが、ずっと快適に過ごせました👍🏻","","","a‍n‍z‍o‍t‍w"
"","FALSE","Booking.com","10","2026-04-11","","I had a wonderful experience here. The hotel is located in a very calm and peaceful area, yet it’s incredibly central and close to all metro lines. The rooms have enough space for two people and include a convenient makeup table. Most importantly, the staff are very hardworking and genuinely try their best to be helpful. Their effort made my stay much more pleasant. Highly recommended!","","","素晴らしい滞在でした。ホテルはとても静かで落ち着いた場所にありながら、中心部に位置し、地下鉄の路線にも非常に近いです。客室は2名がゆったり過ごせる広さで、便利な化粧台も備え付けられています。何よりも、スタッフの方々はとても勤勉で、心から親切​​に対応してくださいます。おかげで、滞在がより一層快適になりました。本当におすすめです！","","Muhammet","","FALSE","Booking.com","10","2026-04-11","","I had a wonderful experience here. The hotel is located in a very calm and peaceful area, yet it’s incredibly central and close to all metro lines. The rooms have enough space for two people and include a convenient makeup table. Most importantly, the staff are very hardworking and genuinely try their best to be helpful. Their effort made my stay much more pleasant. Highly recommended!","","","素晴らしい滞在でした。ホテルはとても静かで落ち着いた場所にありながら、中心部に位置し、地下鉄の路線にも非常に近いです。客室は2名がゆったり過ごせる広さで、便利な化粧台も備え付けられています。何よりも、スタッフの方々はとても勤勉で、心から親切​​に対応してくださいます。おかげで、滞在がより一層快適になりました。本当におすすめです！","","Muhammet"
"","FALSE","Booking.com","10","2026-04-11","","","","","","","Elif","","FALSE","Booking.com","10","2026-04-11","","","","","","","Elif"
"","FALSE","Google","5","2026-04-11","先日日本旅行に行った際、友人に「しぐれプレミアムアウトティング」（TG：@kana69）を勧められました。期待以上の素晴らしい体験でした。  日本語があまり話せなくても、会話は自然でリラックスした雰囲気で、気まずい沈黙も全くありませんでした。  質の高さは他のカジュアルなアウトティングとは一線を画しており、初めての方には特におすすめです。  日本旅行中で、いつもとは違うリラックス方法を探しているなら、ぜひチェックしてみてください。きっと特別な体験になるはずです。","","","先日日本旅行に行った際、友人に「しぐれプレミアムアウトティング」（TG：@kana69）を勧められました。期待以上の素晴らしい体験でした。  日本語があまり話せなくても、会話は自然でリラックスした雰囲気で、気まずい沈黙も全くありませんでした。  質の高さは他のカジュアルなアウトティングとは一線を画しており、初めての方には特におすすめです。  日本旅行中で、いつもとは違うリラックス方法を探しているなら、ぜひチェックしてみてください。きっと特別な体験になるはずです。","","","Kelvin Kelvin","","FALSE","Google","5","2026-04-11","先日日本旅行に行った際、友人に「しぐれプレミアムアウトティング」（TG：@kana69）を勧められました。期待以上の素晴らしい体験でした。  日本語があまり話せなくても、会話は自然でリラックスした雰囲気で、気まずい沈黙も全くありませんでした。  質の高さは他のカジュアルなアウトティングとは一線を画しており、初めての方には特におすすめです。  日本旅行中で、いつもとは違うリラックス方法を探しているなら、ぜひチェックしてみてください。きっと特別な体験になるはずです。","","","先日日本旅行に行った際、友人に「しぐれプレミアムアウトティング」（TG：@kana69）を勧められました。期待以上の素晴らしい体験でした。  日本語があまり話せなくても、会話は自然でリラックスした雰囲気で、気まずい沈黙も全くありませんでした。  質の高さは他のカジュアルなアウトティングとは一線を画しており、初めての方には特におすすめです。  日本旅行中で、いつもとは違うリラックス方法を探しているなら、ぜひチェックしてみてください。きっと特別な体験になるはずです。","","","Kelvin Kelvin"
"","FALSE","Google","5","2026-04-11","先日日本旅行に行った際、友人に「しぐれプレミアムアウトティング」（TG：@kana69）を勧められました。期待以上の素晴らしい体験でした。  日本語があまり話せなくても、会話は自然でリラックスした雰囲気で、気まずい沈黙も全くありませんでした。  質の高さは他のカジュアルなアウトティングとは一線を画しており、初めての方には特におすすめです。  日本旅行中で、いつもとは違うリラックス方法を探しているなら、ぜひ試してみてください。きっと特別な体験になるはずです。","","","先日日本旅行に行った際、友人に「しぐれプレミアムアウトティング」（TG：@kana69）を勧められました。期待以上の素晴らしい体験でした。  日本語があまり話せなくても、会話は自然でリラックスした雰囲気で、気まずい沈黙も全くありませんでした。  質の高さは他のカジュアルなアウトティングとは一線を画しており、初めての方には特におすすめです。  日本旅行中で、いつもとは違うリラックス方法を探しているなら、ぜひ試してみてください。きっと特別な体験になるはずです。","","","Kelvin Kelvin","","FALSE","Google","5","2026-04-11","先日日本旅行に行った際、友人に「しぐれプレミアムアウトティング」（TG：@kana69）を勧められました。期待以上の素晴らしい体験でした。  日本語があまり話せなくても、会話は自然でリラックスした雰囲気で、気まずい沈黙も全くありませんでした。  質の高さは他のカジュアルなアウトティングとは一線を画しており、初めての方には特におすすめです。  日本旅行中で、いつもとは違うリラックス方法を探しているなら、ぜひ試してみてください。きっと特別な体験になるはずです。","","","先日日本旅行に行った際、友人に「しぐれプレミアムアウトティング」（TG：@kana69）を勧められました。期待以上の素晴らしい体験でした。  日本語があまり話せなくても、会話は自然でリラックスした雰囲気で、気まずい沈黙も全くありませんでした。  質の高さは他のカジュアルなアウトティングとは一線を画しており、初めての方には特におすすめです。  日本旅行中で、いつもとは違うリラックス方法を探しているなら、ぜひ試してみてください。きっと特別な体験になるはずです。","","","Kelvin Kelvin"
"","FALSE","Trip.com","10","2026-04-10","房間大小還不錯，隔音很好很安靜，check in 的時候因為看到是中國護照，還特地有台灣小哥辦理，很舒適的兩晚。","","","部屋は適度な広さで、防音性も抜群で静かでした。チェックインの際、私が中国のパスポートを持っていることに気づいた台湾人の男性が親切に対応してくれました。とても快適な2泊でした。","","","ゲ‍ス‍ト","","FALSE","Trip.com","10","2026-04-10","房間大小還不錯，隔音很好很安靜，check in 的時候因為看到是中國護照，還特地有台灣小哥辦理，很舒適的兩晚。","","","部屋は適度な広さで、防音性も抜群で静かでした。チェックインの際、私が中国のパスポートを持っていることに気づいた台湾人の男性が親切に対応してくれました。とても快適な2泊でした。","","","ゲ‍ス‍ト"
"","FALSE","Trip.com","10","2026-04-10","Чисто, хорошие сотрудники на ресепшен. Со всем могут помочь.","","","清潔で親切な受付スタッフ。どんなことでも手伝ってくれます。","","","ゲ‍ス‍ト","","FALSE","Trip.com","10","2026-04-10","Чисто, хорошие сотрудники на ресепшен. Со всем могут помочь.","","","清潔で親切な受付スタッフ。どんなことでも手伝ってくれます。","","","ゲ‍ス‍ト"
"","FALSE","Booking.com","9","2026-04-10","","Selective but good, nutritious breakfast. Convenient relaxing common room with free coffee and snacks. Very clean throughout and comfortable beds. Friendly attentive staff and daily room servicing. Relatively close to Tokyo Station and the Bullet Train.","Wine selection could have been better, but the free tasting helped. About a 500 metre walk to the nearest local station (Bakurocho) and restaurant precinct. Lots of steps and no escalators at the station - ideal for getting some exercise, if needed.","","厳選された良質で栄養満点の朝食。無料のコーヒーと軽食が用意された、便利でリラックスできる共用ルーム。館内は隅々まで清潔で、ベッドも快適。フレンドリーで気配りの行き届いたスタッフと毎日のルームサービス。東京駅と新幹線にも比較的近い。","ワインの品揃えはもう少し充実していても良かったが、無料試飲はありがたかった。最寄りの駅（馬呂町駅）と飲食店街までは徒歩約500メートル。駅には階段が多くエスカレーターはないので、運動不足解消には最適だ。","Graham","","FALSE","Booking.com","9","2026-04-10","","Selective but good, nutritious breakfast. Convenient relaxing common room with free coffee and snacks. Very clean throughout and comfortable beds. Friendly attentive staff and daily room servicing. Relatively close to Tokyo Station and the Bullet Train.","Wine selection could have been better, but the free tasting helped. About a 500 metre walk to the nearest local station (Bakurocho) and restaurant precinct. Lots of steps and no escalators at the station - ideal for getting some exercise, if needed.","","厳選された良質で栄養満点の朝食。無料のコーヒーと軽食が用意された、便利でリラックスできる共用ルーム。館内は隅々まで清潔で、ベッドも快適。フレンドリーで気配りの行き届いたスタッフと毎日のルームサービス。東京駅と新幹線にも比較的近い。","ワインの品揃えはもう少し充実していても良かったが、無料試飲はありがたかった。最寄りの駅（馬呂町駅）と飲食店街までは徒歩約500メートル。駅には階段が多くエスカレーターはないので、運動不足解消には最適だ。","Graham"
"","FALSE","Booking.com","10","2026-04-10","","","","","","","Ioannis","","FALSE","Booking.com","10","2026-04-10","","","","","","","Ioannis"
"","FALSE","Trip.com","6","2026-04-10","出張で宿泊する分には全く問題ありません。 所謂普通のビジネスホテルです。","","","出張で宿泊する分には全く問題ありません。 所謂普通のビジネスホテルです。","","","ゲ‍ス‍ト","","FALSE","Trip.com","6","2026-04-10","出張で宿泊する分には全く問題ありません。 所謂普通のビジネスホテルです。","","","出張で宿泊する分には全く問題ありません。 所謂普通のビジネスホテルです。","","","ゲ‍ス‍ト"
"","FALSE","Google","5","2026-04-09","最高の朝食とフレンドリーなスタッフ😍 とても親切で可愛かったです。部屋も素敵で、温かい便座も良かったです。もちろんまたすぐに戻ってきます xx","","","最高の朝食とフレンドリーなスタッフ😍 とても親切で可愛かったです。部屋も素敵で、温かい便座も良かったです。もちろんまたすぐに戻ってきます xx","","","Honey Boobee","","FALSE","Google","5","2026-04-09","最高の朝食とフレンドリーなスタッフ😍 とても親切で可愛かったです。部屋も素敵で、温かい便座も良かったです。もちろんまたすぐに戻ってきます xx","","","最高の朝食とフレンドリーなスタッフ😍 とても親切で可愛かったです。部屋も素敵で、温かい便座も良かったです。もちろんまたすぐに戻ってきます xx","","","Honey Boobee"
"","FALSE","Google","5","2026-04-09","Best breakfast and friendly staffs 😍 they’re so nice and kawaii too.  The room  was so nice as well as the warm toilet seat and ofc I will be back soon xx","","","最高の朝食とフレンドリーなスタッフ😍 とても親切で可愛かったです。部屋も素敵で、温かい便座も良かったです。もちろんまたすぐに戻ってきます xx","","","Honey Boobee","","FALSE","Google","5","2026-04-09","Best breakfast and friendly staffs 😍 they’re so nice and kawaii too.  The room  was so nice as well as the warm toilet seat and ofc I will be back soon xx","","","最高の朝食とフレンドリーなスタッフ😍 とても親切で可愛かったです。部屋も素敵で、温かい便座も良かったです。もちろんまたすぐに戻ってきます xx","","","Honey Boobee"
"","FALSE","Booking.com","9","2026-04-08","","La ubicación es muy buena, queda cerca de varias estaciones que conectan muy bien y de la asakusa line que es la que te trae y te lleva al aeropuerto","Las habitaciones son pequeñas para estándares occidentales, pero no para los estándares en Tokio","","立地は非常に良く、複数の駅に近く、交通の便も非常に良く、空港へもアクセスできる浅草線にも近い。","部屋は欧米の基準からすると狭いが、東京の基準からするとそうでもない。","Katerin","","FALSE","Booking.com","9","2026-04-08","","La ubicación es muy buena, queda cerca de varias estaciones que conectan muy bien y de la asakusa line que es la que te trae y te lleva al aeropuerto","Las habitaciones son pequeñas para estándares occidentales, pero no para los estándares en Tokio","","立地は非常に良く、複数の駅に近く、交通の便も非常に良く、空港へもアクセスできる浅草線にも近い。","部屋は欧米の基準からすると狭いが、東京の基準からするとそうでもない。","Katerin"
"","FALSE","Booking.com","7","2026-04-07","","Clean and comfortable","Location is far from most sites although good access by subway is good","","清潔で快適","立地はほとんどの観光スポットから遠いが、地下鉄でのアクセスは良好である。","Clare","","FALSE","Booking.com","7","2026-04-07","","Clean and comfortable","Location is far from most sites although good access by subway is good","","清潔で快適","立地はほとんどの観光スポットから遠いが、地下鉄でのアクセスは良好である。","Clare"
"","FALSE","Booking.com","7","2026-04-07","","Tiszta volt, kedves személyzet.","Semmilyen gluténmentes pékáru, kenyér nem volt reggelire, továbbá ázsiai jellegű inkább a reggeli (se sajt, se felvágott).","","清潔で、スタッフも親切でした。","朝食にはグルテンフリーのペストリーやパンはなく、朝食はどちらかというとアジア風だった（チーズやハムなどの加工肉はなかった）。","Kerényi","","FALSE","Booking.com","7","2026-04-07","","Tiszta volt, kedves személyzet.","Semmilyen gluténmentes pékáru, kenyér nem volt reggelire, továbbá ázsiai jellegű inkább a reggeli (se sajt, se felvágott).","","清潔で、スタッフも親切でした。","朝食にはグルテンフリーのペストリーやパンはなく、朝食はどちらかというとアジア風だった（チーズやハムなどの加工肉はなかった）。","Kerényi"
"","FALSE","Trip.com","10","2026-04-07","Удобное расположение, классные сотрудники на ресепшене. Завтрак окей. Мест в номере было достаточно","","","立地が便利で、受付スタッフも素晴らしかったです。朝食はまあまあでした。部屋は十分な広さでした。","","","ゲ‍ス‍ト","","FALSE","Trip.com","10","2026-04-07","Удобное расположение, классные сотрудники на ресепшене. Завтрак окей. Мест в номере было достаточно","","","立地が便利で、受付スタッフも素晴らしかったです。朝食はまあまあでした。部屋は十分な広さでした。","","","ゲ‍ス‍ト"
"","FALSE","Trip.com","10","2026-04-05","I had a great stay at this hotel and would highly recommend it. I stayed here as a solo traveller and felt safe walking back to the hotel during evenings and early mornings.  The receptionists were attentive, helpful, and always present at the counter. They also offer luggage storage, which is very convenient if you’re checking out but want to explore the area a bit more or are transitioning to another city or coming from the airport.  The location is great, with multiple train stations nearby, and it’s within walking distance to Akihabara and Ueno. There’s also a 7-Eleven close by, which is perfect for grabbing a quick bite if you’re heading out early.  Amenities are well provided and can be collected from the lobby. I also enjoyed the communal lounge/library area, where free snacks, coffee, and cold drinks are available. Umbrellas are also provided, which is very helpful during rainy days.  The room was kept very clean, with daily makeup service done well. During my stay, I used the laundry facilities (coin-operated), which worked perfectly.  The hotel is very quiet and peaceful, with no noise issues. The only minor downside was that I could occasionally smell some sewage from the drain during showers, but it wasn’t too strong or overwhelming.","","","このホテルでの滞在は素晴らしく、強くお勧めします。一人旅でしたが、夜や早朝にホテルまで歩いて帰る際も安全だと感じました。受付スタッフは親切で気配りが行き届いており、常にカウンターにいました。チェックアウト後も周辺を少し散策したい場合や、別の都市へ移動する場合、空港から来た場合などに便利な荷物預かりサービスもあります。立地も抜群で、近くに複数の駅があり、秋葉原や上野へも徒歩圏内です。近くにセブンイレブンもあるので、早朝に出かける際にちょっとした軽食を買うのに最適です。アメニティも充実しており、ロビーで受け取ることができます。無料のスナック、コーヒー、冷たい飲み物が用意されている共用ラウンジ/ライブラリーエリアも気に入りました。傘も用意されているので、雨の日にもとても便利です。部屋は常に清潔に保たれており、毎日のメイクアップサービスも行き届いていました。滞在中、コインランドリーを利用しましたが、問題なく使えました。ホテルはとても静かで穏やかで、騒音の問題は全くありませんでした。唯一の小さな難点は、シャワー中に排水溝から時折下水の臭いがすることでしたが、それほど強い臭いではなく、耐えられないほどではありませんでした。","","","ゲ‍ス‍ト","","FALSE","Trip.com","10","2026-04-05","I had a great stay at this hotel and would highly recommend it. I stayed here as a solo traveller and felt safe walking back to the hotel during evenings and early mornings.  The receptionists were attentive, helpful, and always present at the counter. They also offer luggage storage, which is very convenient if you’re checking out but want to explore the area a bit more or are transitioning to another city or coming from the airport.  The location is great, with multiple train stations nearby, and it’s within walking distance to Akihabara and Ueno. There’s also a 7-Eleven close by, which is perfect for grabbing a quick bite if you’re heading out early.  Amenities are well provided and can be collected from the lobby. I also enjoyed the communal lounge/library area, where free snacks, coffee, and cold drinks are available. Umbrellas are also provided, which is very helpful during rainy days.  The room was kept very clean, with daily makeup service done well. During my stay, I used the laundry facilities (coin-operated), which worked perfectly.  The hotel is very quiet and peaceful, with no noise issues. The only minor downside was that I could occasionally smell some sewage from the drain during showers, but it wasn’t too strong or overwhelming.","","","このホテルでの滞在は素晴らしく、強くお勧めします。一人旅でしたが、夜や早朝にホテルまで歩いて帰る際も安全だと感じました。受付スタッフは親切で気配りが行き届いており、常にカウンターにいました。チェックアウト後も周辺を少し散策したい場合や、別の都市へ移動する場合、空港から来た場合などに便利な荷物預かりサービスもあります。立地も抜群で、近くに複数の駅があり、秋葉原や上野へも徒歩圏内です。近くにセブンイレブンもあるので、早朝に出かける際にちょっとした軽食を買うのに最適です。アメニティも充実しており、ロビーで受け取ることができます。無料のスナック、コーヒー、冷たい飲み物が用意されている共用ラウンジ/ライブラリーエリアも気に入りました。傘も用意されているので、雨の日にもとても便利です。部屋は常に清潔に保たれており、毎日のメイクアップサービスも行き届いていました。滞在中、コインランドリーを利用しましたが、問題なく使えました。ホテルはとても静かで穏やかで、騒音の問題は全くありませんでした。唯一の小さな難点は、シャワー中に排水溝から時折下水の臭いがすることでしたが、それほど強い臭いではなく、耐えられないほどではありませんでした。","","","ゲ‍ス‍ト"
"","FALSE","Booking.com","10","2026-04-05","","","","","","","Livio","","FALSE","Booking.com","10","2026-04-05","","","","","","","Livio"
"","FALSE","楽天トラベル","5","2026-04-03","平日で駐車場が空いていたので助かりました！ラウンジのスナック美味しい！本もちゃんとある！バイキングおしゃれ！ベッド広い！大満足です。フロントの方もみなさん親切でした。リピ大いに有りです！","","","平日で駐車場が空いていたので助かりました！ラウンジのスナック美味しい！本もちゃんとある！バイキングおしゃれ！ベッド広い！大満足です。フロントの方もみなさん親切でした。リピ大いに有りです！","","","ぱらちゃん5654","","FALSE","楽天トラベル","5","2026-04-03","平日で駐車場が空いていたので助かりました！ラウンジのスナック美味しい！本もちゃんとある！バイキングおしゃれ！ベッド広い！大満足です。フロントの方もみなさん親切でした。リピ大いに有りです！","","","平日で駐車場が空いていたので助かりました！ラウンジのスナック美味しい！本もちゃんとある！バイキングおしゃれ！ベッド広い！大満足です。フロントの方もみなさん親切でした。リピ大いに有りです！","","","ぱらちゃん5654"
"","FALSE","Booking.com","10","2026-04-03","","Das Zimmer war sauber und verhältnismäßig groß.","Nichts","","部屋は清潔で、比較的広かった。","何もない","Sabine","","FALSE","Booking.com","10","2026-04-03","","Das Zimmer war sauber und verhältnismäßig groß.","Nichts","","部屋は清潔で、比較的広かった。","何もない","Sabine"
"","FALSE","Google","4","2026-04-03","秋葉原近辺のホテルをお探しなら、ここは中心部に位置する非常に便利なホテルです。  客室は典型的な東京の部屋で、やや狭めです。事前チェックインサービスも利用できます。  唯一の難点は朝食で、もう少し種類が豊富だと良いと思います。","","","秋葉原近辺のホテルをお探しなら、ここは中心部に位置する非常に便利なホテルです。  客室は典型的な東京の部屋で、やや狭めです。事前チェックインサービスも利用できます。  唯一の難点は朝食で、もう少し種類が豊富だと良いと思います。","","","Ayca","","FALSE","Google","4","2026-04-03","秋葉原近辺のホテルをお探しなら、ここは中心部に位置する非常に便利なホテルです。  客室は典型的な東京の部屋で、やや狭めです。事前チェックインサービスも利用できます。  唯一の難点は朝食で、もう少し種類が豊富だと良いと思います。","","","秋葉原近辺のホテルをお探しなら、ここは中心部に位置する非常に便利なホテルです。  客室は典型的な東京の部屋で、やや狭めです。事前チェックインサービスも利用できます。  唯一の難点は朝食で、もう少し種類が豊富だと良いと思います。","","","Ayca"
"","FALSE","Google","4","2026-04-03","Akihibaranın yakınında bir otel arayışı içindeyseniz gayet merkezi bir hotel. Odalar klasik tokyo odaları olup küçük, bavulu önceden gönderme servisleri kabul ediyorlar. Tek kritiğim, Kahvaltı konusunda, biraz daha çeşitlilik sunabilirler.","","","秋葉原近辺のホテルをお探しなら、ここは中心部に位置する非常に便利なホテルです。客室は典型的な東京の部屋で、やや狭めですが、チェックイン代行サービスも利用できます。唯一の難点は朝食で、もう少し種類が豊富だと良いと思います。","","","Ayca","","FALSE","Google","4","2026-04-03","Akihibaranın yakınında bir otel arayışı içindeyseniz gayet merkezi bir hotel. Odalar klasik tokyo odaları olup küçük, bavulu önceden gönderme servisleri kabul ediyorlar. Tek kritiğim, Kahvaltı konusunda, biraz daha çeşitlilik sunabilirler.","","","秋葉原近辺のホテルをお探しなら、ここは中心部に位置する非常に便利なホテルです。客室は典型的な東京の部屋で、やや狭めですが、チェックイン代行サービスも利用できます。唯一の難点は朝食で、もう少し種類が豊富だと良いと思います。","","","Ayca"
"","FALSE","Trip.com","6","2026-04-02","Overall average, hotel cleaning was good. Rest needs improvement","","","全体的に見て、ホテルの清掃は良かった。その他は改善が必要。","","","ゲ‍ス‍ト","","FALSE","Trip.com","6","2026-04-02","Overall average, hotel cleaning was good. Rest needs improvement","","","全体的に見て、ホテルの清掃は良かった。その他は改善が必要。","","","ゲ‍ス‍ト"
"","FALSE","Booking.com","10","2026-04-02","","The staff were always wonderful and happy to assist with any questions. The breakfasts every day were excellent and varied. The location was super - there were about five different stations (metro and JR) within a ten minute walk of the hotel, so getting anywhere in Tokyo was easy. The bed was comfy and everything in the room worked well.","-","","スタッフの方々はいつも素晴らしく、どんな質問にも快く答えてくれました。毎日の朝食は種類豊富でとても美味しかったです。立地も最高で、ホテルから徒歩10分圏内に地下鉄とJRの駅が5つほどあったので、東京のどこへ行くにも便利でした。ベッドは快適で、部屋の設備もすべて問題なく使えました。","-","Daniel","","FALSE","Booking.com","10","2026-04-02","","The staff were always wonderful and happy to assist with any questions. The breakfasts every day were excellent and varied. The location was super - there were about five different stations (metro and JR) within a ten minute walk of the hotel, so getting anywhere in Tokyo was easy. The bed was comfy and everything in the room worked well.","-","","スタッフの方々はいつも素晴らしく、どんな質問にも快く答えてくれました。毎日の朝食は種類豊富でとても美味しかったです。立地も最高で、ホテルから徒歩10分圏内に地下鉄とJRの駅が5つほどあったので、東京のどこへ行くにも便利でした。ベッドは快適で、部屋の設備もすべて問題なく使えました。","-","Daniel"
"","FALSE","Trip.com","10","2026-04-02","отличный отель! рядом несколько станций метро, номера чистые, ежедневная уборка, свежие полотенца, тапочки и зубной набор. персонал вежливый, готов всегда помочь. недалеко от аэропорта Ханеда. рекомендую, сама тоже остановлюсь вновь в следующий раз","","","素晴らしいホテルです！近くに地下鉄の駅が複数あり、部屋は清潔で、毎日清掃が行われ、清潔なタオル、スリッパ、歯磨きセットが用意されています。スタッフは礼儀正しく、いつでも親切に対応してくれます。羽田空港にも近いです。おすすめです。次回もまた利用したいと思います。","","","S‍h‍e‍v‍c‍h‍e‍n‍k‍o‍ ‍E‍l‍l‍a","","FALSE","Trip.com","10","2026-04-02","отличный отель! рядом несколько станций метро, номера чистые, ежедневная уборка, свежие полотенца, тапочки и зубной набор. персонал вежливый, готов всегда помочь. недалеко от аэропорта Ханеда. рекомендую, сама тоже остановлюсь вновь в следующий раз","","","素晴らしいホテルです！近くに地下鉄の駅が複数あり、部屋は清潔で、毎日清掃が行われ、清潔なタオル、スリッパ、歯磨きセットが用意されています。スタッフは礼儀正しく、いつでも親切に対応してくれます。羽田空港にも近いです。おすすめです。次回もまた利用したいと思います。","","","S‍h‍e‍v‍c‍h‍e‍n‍k‍o‍ ‍E‍l‍l‍a"
"","FALSE","Trip.com","10","2026-04-02","非常好，值得再次光臨","","","素晴らしい！間違いなくまた訪れたい。","","","K‍i‍k‍i‍k‍i‍7‍7","","FALSE","Trip.com","10","2026-04-02","非常好，值得再次光臨","","","素晴らしい！間違いなくまた訪れたい。","","","K‍i‍k‍i‍k‍i‍7‍7"
"","FALSE","Booking.com","9","2026-04-02","","Tout sauf une personne à l’accueil un grand Mr pas très sympa pour une personne qui travail à la réception d’un hôtel","Tout sauf une personne à l’accueil un grand Mr pas très sympa pour une personne qui travail à la réception d’un hôtel","","ホテルの受付にいたのは、決して親切な人ではなく、背が高くて愛想の悪い男だった。","ホテルの受付にいたのは、決して親切な人ではなく、背が高くて愛想の悪い男だった。","Hyssam","","FALSE","Booking.com","9","2026-04-02","","Tout sauf une personne à l’accueil un grand Mr pas très sympa pour une personne qui travail à la réception d’un hôtel","Tout sauf une personne à l’accueil un grand Mr pas très sympa pour une personne qui travail à la réception d’un hôtel","","ホテルの受付にいたのは、決して親切な人ではなく、背が高くて愛想の悪い男だった。","ホテルの受付にいたのは、決して親切な人ではなく、背が高くて愛想の悪い男だった。","Hyssam"
"","FALSE","Google","5","2026-04-02","日本旅行中にセイヤカンを試してみようと思っていたところ、偶然にもサービスを利用することになりました。手続きはとてもスムーズで、外国人にも利用しやすく、価格もリーズナブルでした。一番驚いたのは、写真が偽物に見えなかったことです。実際の商品は写真とほぼ同じでした。興味のある方は、ぜひご自身で調べてみてください。「セイヤカン 日本 ドアツードアサービス」で検索すれば見つかります。  ✈️Telegram: meiyou06 / Gleezy: meiyou008 / 公式アカウント: (@951iboll)","","","日本旅行中にセイヤカンを試してみようと思っていたところ、偶然にもサービスを利用することになりました。手続きはとてもスムーズで、外国人にも利用しやすく、価格もリーズナブルでした。一番驚いたのは、写真が偽物に見えなかったことです。実際の商品は写真とほぼ同じでした。興味のある方は、ぜひご自身で調べてみてください。「セイヤカン 日本 ドアツードアサービス」で検索すれば見つかります。  ✈️Telegram: meiyou06 / Gleezy: meiyou008 / 公式アカウント: (@951iboll)","","","Rosy Khan","","FALSE","Google","5","2026-04-02","日本旅行中にセイヤカンを試してみようと思っていたところ、偶然にもサービスを利用することになりました。手続きはとてもスムーズで、外国人にも利用しやすく、価格もリーズナブルでした。一番驚いたのは、写真が偽物に見えなかったことです。実際の商品は写真とほぼ同じでした。興味のある方は、ぜひご自身で調べてみてください。「セイヤカン 日本 ドアツードアサービス」で検索すれば見つかります。  ✈️Telegram: meiyou06 / Gleezy: meiyou008 / 公式アカウント: (@951iboll)","","","日本旅行中にセイヤカンを試してみようと思っていたところ、偶然にもサービスを利用することになりました。手続きはとてもスムーズで、外国人にも利用しやすく、価格もリーズナブルでした。一番驚いたのは、写真が偽物に見えなかったことです。実際の商品は写真とほぼ同じでした。興味のある方は、ぜひご自身で調べてみてください。「セイヤカン 日本 ドアツードアサービス」で検索すれば見つかります。  ✈️Telegram: meiyou06 / Gleezy: meiyou008 / 公式アカウント: (@951iboll)","","","Rosy Khan"
"","FALSE","Google","5","2026-04-02","日本旅遊期間想說試看看 剛好用到青雅館 流程蠻順的 外國人也OK，價格也正常 最意外是沒有照騙 實際來的跟照片差不多 有興趣可以自己查一下 google搜「青雅館 日本上門」就有 ✈️Telegram：meiyou06 / Gleezy：meiyou008 / 賴官方：（@951iboll )","","","日本旅行中にセイヤカンを試してみようと思っていたのですが、まさに完璧でした。手続きはスムーズで、外国人にも門戸を開いてくれていて、値段も手頃でした。一番驚いたのは、実際の商品が写真とほとんど同じだったことです。興味のある方は、「セイヤカン 日本 ドアツードア サービス」で検索してみてください。✈️Telegram: meiyou06 / Gleezy: meiyou008 / Official Lai: (@951iboll)","","","Rosy Khan","","FALSE","Google","5","2026-04-02","日本旅遊期間想說試看看 剛好用到青雅館 流程蠻順的 外國人也OK，價格也正常 最意外是沒有照騙 實際來的跟照片差不多 有興趣可以自己查一下 google搜「青雅館 日本上門」就有 ✈️Telegram：meiyou06 / Gleezy：meiyou008 / 賴官方：（@951iboll )","","","日本旅行中にセイヤカンを試してみようと思っていたのですが、まさに完璧でした。手続きはスムーズで、外国人にも門戸を開いてくれていて、値段も手頃でした。一番驚いたのは、実際の商品が写真とほとんど同じだったことです。興味のある方は、「セイヤカン 日本 ドアツードア サービス」で検索してみてください。✈️Telegram: meiyou06 / Gleezy: meiyou008 / Official Lai: (@951iboll)","","","Rosy Khan"
"","FALSE","Booking.com","8","2026-04-01","","Good Breakfast, quite rooms","The rooms were too small and breakfast time was limiting","","朝食も美味しく、部屋も静かです。","部屋が狭すぎたし、朝食の時間も限られていた。","Gitonga","","FALSE","Booking.com","8","2026-04-01","","Good Breakfast, quite rooms","The rooms were too small and breakfast time was limiting","","朝食も美味しく、部屋も静かです。","部屋が狭すぎたし、朝食の時間も限られていた。","Gitonga"
"","FALSE","Booking.com","8","2026-03-31","","","","","","","Lorenzo","","","","","","","","","","","",""
"","FALSE","Booking.com","9","2026-03-31","","","","","","","Sharby","","","","","","","","","","","",""
"","FALSE","楽天トラベル","5","2026-03-31","ホテルの方々が本当に親切でした。 分かりやすい場所に有り、不自由無く過ごせました。 外国人の方の利用が多いようで不安でしたが、たまたま玄関先でタバコを吸っている外国人3人が居る所に遭遇したのですが、ホテルの方が見るなり、注意をしたところ、ここは外だから良いだろう？みたいな感じでしたが、敷地内は禁煙ですと、毅然とした態度を示し、外国人は退散しました。 しっかり注意して、駄目な物は駄目と、はっきりとした態度に、良くやった‼️と、心から拍手しました。外国人相手は、とても難しいかと思いますが、頑張ってくださいね。 お世話になりました❣️","","","ホテルの方々が本当に親切でした。 分かりやすい場所に有り、不自由無く過ごせました。 外国人の方の利用が多いようで不安でしたが、たまたま玄関先でタバコを吸っている外国人3人が居る所に遭遇したのですが、ホテルの方が見るなり、注意をしたところ、ここは外だから良いだろう？みたいな感じでしたが、敷地内は禁煙ですと、毅然とした態度を示し、外国人は退散しました。 しっかり注意して、駄目な物は駄目と、はっきりとした態度に、良くやった‼️と、心から拍手しました。外国人相手は、とても難しいかと思いますが、頑張ってくださいね。 お世話になりました❣️","","","ブラウンA","","","","","","","","","","","",""
"","FALSE","Booking.com","10","2026-03-31","","Close to the shops. Breakfast was great.","","","お店が近くにあって便利でした。朝食も素晴らしかったです。","","Victoria","","","","","","","","","","","",""
"","FALSE","楽天トラベル","5","2026-03-30","スタッフさんの対応がとてもよくて又来たいなと思いました。 ","","","スタッフさんの対応がとてもよくて又来たいなと思いました。 ","","","ピッコトラ","","","","","","","","","","","",""
"","FALSE","Booking.com","10","2026-03-30","","いつも、変わりなく場所が変わっても快適で、安心","","","いつも、変わりなく場所が変わっても快適で、安心","","Manami","","","","","","","","","","","",""
"","FALSE","Booking.com","8","2026-03-30","","Cleanliness, convenience, breakfast.","Staff.","","清潔さ、利便性、朝食。","スタッフ。","Vinod","","","","","","","","","","","",""
"","FALSE","Agoda","10","2026-03-30","","いつも、変わりなく場所が変わっても快適で、安心","","","いつも、変わりなく場所が変わっても快適で、安心","","Manami","","","","","","","","","","","",""
"","FALSE","Trip.com","10","2026-03-29","Good hotel had everything needed for a Tokyo stay","","","良いホテルで、東京滞在に必要なものはすべて揃っていました。","","","ゲ‍ス‍ト","","","","","","","","","","","",""
"","FALSE","Booking.com","8","2026-03-29","","Location was good and in a quiet area. Breakfast was abundant and very diverse and the staff were always around to assist should you need anything. The hotel catered for tea and coffee out of meal hours which was fantastic and a great way and place to meet other patrons/ travellers.","Nothing - all seemed good value for the money.","","立地は良く、静かなエリアにありました。朝食は種類豊富でボリュームたっぷりで、何か必要なことがあればいつでもスタッフが対応してくれました。ホテルでは食事時間外にも紅茶やコーヒーを提供してくれて、とても素晴らしく、他の宿泊客や旅行者と交流する絶好の機会にもなりました。","特に問題はなかった。すべて価格に見合った価値があったように思えた。","Julia","","","","","","","","","","","",""
"","FALSE","Booking.com","9","2026-03-29","","La struttura é molto pulita, le stanze più grandi dello standard. Inoltre l'hotel fornisce 24h su 24 bevande gratis in una saletta accanto alla hall. Colazione varia e buona per soli 9€.  La posizione anche se non è centrale è ben fornita da 2 stazioni metro, la zona è tranquilla e sicura. Lo consiglio fortemente.","","","ホテルはとても清潔で、客室は平均よりも広々としています。ロビー横のラウンジでは24時間いつでも無料のドリンクが楽しめます。朝食は種類豊富で、わずか9ユーロで満足できます。中心部からは少し離れていますが、地下鉄駅が2つ近くにあり、周辺は静かで安全です。非常におすすめです。","","Hilaria","","","","","","","","","","","",""
"","FALSE","Google","5","2026-03-29","駅、セブンイレブン、ローソン、ファミリーマートが近くにあり、とても便利な立地です。部屋も広々としています。","","","駅、セブンイレブン、ローソン、ファミリーマートが近くにあり、とても便利な立地です。部屋も広々としています。","","","Unyawee Seri","","","","","","","","","","","",""
"","FALSE","Google","5","2026-03-29","สะดวกมากๆ ใกล้รถไฟ ใกล้ 7-11, lowson, family mart ห้องกว้าง","","","駅、セブンイレブン、ローソン、ファミリーマートが近くにあり、とても便利な立地です。部屋も広々としています。","","","Unyawee Seri","","","","","","","","","","","",""
"","FALSE","楽天トラベル","4","2026-03-28","部屋も風呂も清潔で適度に広く、過ごしやすかったです。朝食も野菜が多く体調が整いました。又泊まりたいと思いました。 難点を言えば、馬喰町駅が近いのですがスーツケースを抱えて階段を上がるのが辛かったです。それが嫌で帰りは神田まで行きましたが、ちょっと歩くので、荷物が少ない時なら良かったです。","","","部屋も風呂も清潔で適度に広く、過ごしやすかったです。朝食も野菜が多く体調が整いました。又泊まりたいと思いました。 難点を言えば、馬喰町駅が近いのですがスーツケースを抱えて階段を上がるのが辛かったです。それが嫌で帰りは神田まで行きましたが、ちょっと歩くので、荷物が少ない時なら良かったです。","","","不明","","","","","","","","","","","",""
"","FALSE","Trip.com","10","2026-03-27","很優的旅店，乾淨、安靜、舒服 離地鐵站約6～8分鐘，也很方便😊👍","","","素晴らしいホテルです。清潔で静かで快適でした。地下鉄の駅から徒歩6～8分ほどで、とても便利です。😊👍","","","C‍H‍I‍U‍ ‍h‍u‍n‍g‍ ‍S‍H‍U","","","","","","","","","","","",""
"","FALSE","Booking.com","10","2026-03-27","","","","","","","Eugen","","","","","","","","","","","",""
"","FALSE","Trip.com","10","2026-03-26","Отличное расположение отеля, близко к станциям метро и Акихибаре. Из минусов, постоянно много людей на завтраке (в любое время). Из-за этого ждешь, пока пополнят какую то стойку.  В остальном только положительные впечатления, доброжелательный персонал,  в номере удобно расположить чемодан ( во многих других отелях номера были еще меньше)","","","ホテルの立地は素晴らしく、地下鉄の駅や秋葉原にも近い。難点は、朝食会場が常に混雑しているため、補充されるまで待たなければならないことだ。それ以外はすべて満足だった。スタッフは親切で、部屋もスーツケースを置くのに十分な広さだった（他の多くのホテルの部屋はもっと狭かった）。","","","ゲ‍ス‍ト","","","","","","","","","","","",""
"","FALSE","Booking.com","8","2026-03-26","","朝食がおいしい　フロントが優しい","駅からすこし歩く 飲食店がまわりに少ない","","朝食がおいしい　フロントが優しい","駅からすこし歩く 飲食店がまわりに少ない","Yamazaki","","","","","","","","","","","",""
"","FALSE","Trip.com","7","2026-03-25","The first night was quite noisy with banging from another room and the curtains were quite thin so the sun shone through very easily in the morning. The room was just what we needed for a few nights stay in Tokyo and the staff were very welcoming and friendly. The luggage store was easy to use and convenient","","","最初の夜は隣室からの物音がかなりうるさく、カーテンも薄かったので朝は太陽の光が簡単に差し込んできました。部屋は東京での数泊の滞在にはちょうど良く、スタッフはとても親切でフレンドリーでした。荷物預かり所は使いやすく便利でした。","","","ゲ‍ス‍ト","","","","","","","","","","","",""
"","FALSE","Booking.com","10","2026-03-25","","","","","","","Anling","","","","","","","","","","","",""
"","FALSE","Booking.com","9","2026-03-24","","","","","","","Marlee","","","","","","","","","","","",""
"","FALSE","Trip.com","10","2026-03-24","สงบ สะดวก สบาย สะอาด","","","静かで、便利で、快適で、清潔。","","","c‍h‍a‍i‍w‍a‍t‍p‍2‍4","","","","","","","","","","","",""
"","FALSE","Trip.com","10","2026-03-24","東京酒店既size算唔錯呀，開到喼。雖然酒店位置唔算十分方便鐵路，要行大約10 分鐘先到地鐵站，但房間清潔，職員有禮貌笑容，大堂都有野飲同nuts供應，去機場坐淺草線一條線到達 好方便！推介大家去住！","","","東京ホテルは広さも十分で、スーツケースも楽々収納できます。鉄道駅からは少し離れていますが（地下鉄駅まで徒歩約10分）、部屋は清潔で、スタッフは笑顔で丁寧に対応してくれます。ロビーには飲み物やナッツ類が用意されており、浅草線で空港へ行くのもとても便利です！ぜひ皆さんにおすすめします！","","","M‍1‍2‍W","","","","","","","","","","","",""
"","FALSE","Booking.com","10","2026-03-23","","Tutto perfetto. Alla reception tutti i ragazzi gentili e disponibili. Grazie mille","-","","全てが完璧でした。受付スタッフの方々は皆親切で、とても助かりました。本当にありがとうございました。","-","Giosue","","","","","","","","","","","",""
"","FALSE","楽天トラベル","4","2026-03-23","駅からのアクセスがよかったです。着いてすぐお菓子をいただいてコーヒー等を楽しめるところも良かったです。ツインの部屋でしたが、ちょうど良い広さでした。清掃も行き届いており、快適に過ごせました。","","","駅からのアクセスがよかったです。着いてすぐお菓子をいただいてコーヒー等を楽しめるところも良かったです。ツインの部屋でしたが、ちょうど良い広さでした。清掃も行き届いており、快適に過ごせました。","","","こむぎ次郎","","","","","","","","","","","",""
"","FALSE","Booking.com","8","2026-03-23","","La cercanía a estaciones de tren, a sitios para comer, convis y otros.","La cama no es tan cómoda. Si eres occidental y estás acostumbrado a los hoteles como en Estados Unidos, esto puede ser particularmente difícil para ti. Los espacios son muy reducidos, mi pareja mide 1,85 y los pies se le salían de la cama.","","駅、飲食店、コンビニエンスストア、その他の生活施設へのアクセスが良い。","ベッドはあまり快適ではありません。欧米人で、アメリカのホテルのような快適さに慣れている方にとっては、特に窮屈に感じるかもしれません。部屋は非常に狭く、私のパートナーは身長185cmですが、ベッドの端から足がはみ出していました。","Katerin","","","","","","","","","","","",""
"","FALSE","Booking.com","10","2026-03-23","","Très bon séjour dans cet hôtel ! Propre et bien situé à moins de 10mn a pied du metro. Je recommande","","","このホテルでの滞在は最高でした！清潔で立地も良く、地下鉄の駅から徒歩10分以内です。おすすめです。","","Emilie","","","","","","","","","","","",""
"","FALSE","Booking.com","8","2026-03-23","","","","","","","Ralf","","","","","","","","","","","",""
"","FALSE","Google","4","2026-03-23","グリーンズの株主優待が利用できます。 秋葉原も近いです。 14時から17時までにチェックインすると人形焼が無料でもらえます🆓 ラウンジは広くウェルカムドリンクが飲み放題です🥤コンセントも充実しています🔌 ユニットバスは広いです。 モーニングも充実しています。パンケーキ自動製作機は面白いし美味しいです🥞","","","グリーンズの株主優待が利用できます。 秋葉原も近いです。 14時から17時までにチェックインすると人形焼が無料でもらえます🆓 ラウンジは広くウェルカムドリンクが飲み放題です🥤コンセントも充実しています🔌 ユニットバスは広いです。 モーニングも充実しています。パンケーキ自動製作機は面白いし美味しいです🥞","","","優待太郎","","","","","","","","","","","",""
"","FALSE","Booking.com","10","2026-03-22","","Las instalaciones, la habitación muy confortable, el personal muy amable y atento, desayuno abundante y variado y una ubicación excelente","Nada","","設備は素晴らしく、部屋はとても快適で、スタッフはとても親切で気配りが行き届いており、朝食は種類豊富でボリュームたっぷり、そして立地も最高でした。","何もない","Pradator4","","FALSE","Booking.com","8","2026-03-31","","","","","","","Lorenzo"
"","FALSE","Booking.com","10","2026-03-22","","Super clean, good location, AMAZING breakfast","Room small","","とても清潔で、立地も良く、朝食も最高でした。","部屋が狭い","Malgorzata","","FALSE","Booking.com","9","2026-03-31","","","","","","","Sharby"
"","FALSE","楽天トラベル","4","2026-03-22","チェックイン・チェックアウトが機械を通してでしたがスムーズにできて良かったです。室内やバストイレも綺麗でしたので気持ちよく利用できました。連泊でしたが2泊目はタオル類と歯ブラシ全て新しいものを届けてくださっていたのも嬉しかったです。荷物の預かりもありましたが、クローク内ではなく外に置いて網掛けされるようでしたので近くの駅のロッカーを使用しました。","","","チェックイン・チェックアウトが機械を通してでしたがスムーズにできて良かったです。室内やバストイレも綺麗でしたので気持ちよく利用できました。連泊でしたが2泊目はタオル類と歯ブラシ全て新しいものを届けてくださっていたのも嬉しかったです。荷物の預かりもありましたが、クローク内ではなく外に置いて網掛けされるようでしたので近くの駅のロッカーを使用しました。","","","さあーさん","","FALSE","楽天トラベル","5","2026-03-31","ホテルの方々が本当に親切でした。 分かりやすい場所に有り、不自由無く過ごせました。 外国人の方の利用が多いようで不安でしたが、たまたま玄関先でタバコを吸っている外国人3人が居る所に遭遇したのですが、ホテルの方が見るなり、注意をしたところ、ここは外だから良いだろう？みたいな感じでしたが、敷地内は禁煙ですと、毅然とした態度を示し、外国人は退散しました。 しっかり注意して、駄目な物は駄目と、はっきりとした態度に、良くやった‼️と、心から拍手しました。外国人相手は、とても難しいかと思いますが、頑張ってくださいね。 お世話になりました❣️","","","ホテルの方々が本当に親切でした。 分かりやすい場所に有り、不自由無く過ごせました。 外国人の方の利用が多いようで不安でしたが、たまたま玄関先でタバコを吸っている外国人3人が居る所に遭遇したのですが、ホテルの方が見るなり、注意をしたところ、ここは外だから良いだろう？みたいな感じでしたが、敷地内は禁煙ですと、毅然とした態度を示し、外国人は退散しました。 しっかり注意して、駄目な物は駄目と、はっきりとした態度に、良くやった‼️と、心から拍手しました。外国人相手は、とても難しいかと思いますが、頑張ってくださいね。 お世話になりました❣️","","","ブラウンA"
"","FALSE","Google","5","2026-03-21","大変温かく迎えられ、滞在を満喫しました。朝食は和食と洋食がバランスよく提供されました。一部の客室からはスカイツリーが見えます。周辺エリアも気に入りました。近くに小さなレストランがいくつかあり、多くの鉄道駅や地下鉄駅にも近いです。広めの客室（クイーンエコノミー）には、大きなスーツケース2個が楽に収まります。","","","大変温かく迎えられ、滞在を満喫しました。朝食は和食と洋食がバランスよく提供されました。一部の客室からはスカイツリーが見えます。周辺エリアも気に入りました。近くに小さなレストランがいくつかあり、多くの鉄道駅や地下鉄駅にも近いです。広めの客室（クイーンエコノミー）には、大きなスーツケース2個が楽に収まります。","","","Utz Späth","","FALSE","Booking.com","10","2026-03-31","","Close to the shops. Breakfast was great.","","","お店が近くにあって便利でした。朝食も素晴らしかったです。","","Victoria"
"","FALSE","Booking.com","10","2026-03-21","","Ottimo rapporto qualità prezzo. Camera un po più grande della media giapponese (18mq la nostra) e onestamente fa la differenza, potevamo tranquillamente aprire tutte le valigie contemporaneamente e comunque avere spazio per camminare. Lo staff è gentilissimo. Cambio asciugamani tutti i giorni e lenzuola su richiesta. Se non si voleva la pulizia in camera comunque lasciavano asciugamani puliti fuori dalla porta. Prodotti da bagno di ottima qualità, snack gratuiti durante alcune ore del giorno. Ottima posizione, vicino a ben 3/4 linee metro (7 min a piedi), in una zona carina e tranquilla. Non c’è ristorante ma è pieno di ristoranti e kombini nei paraggi.","Alcune cose sono un po datate e sarebbero da cambiare (tende sporche, tenda della doccia)","","コストパフォーマンス抜群です。部屋は日本の平均的な広さより少し広く（私たちの部屋は18平方メートル）、正直言ってその差は歴然です。スーツケースを全部一度に開けても、まだ歩き回る余裕がありました。スタッフはとてもフレンドリーです。タオルは毎日交換され、シーツはリクエストに応じて交換してくれます。部屋の掃除を希望しない場合は、ドアの外に清潔なタオルを置いてくれます。高品質のアメニティが用意されており、時間帯によっては無料のスナックも提供されます。立地も素晴らしく、地下鉄3/4路線から徒歩7分圏内の静かで素敵なエリアにあります。ホテル内にレストランはありませんが、近くにたくさんのレストランやコンビニがあります。","いくつか時代遅れな点があり、改善が必要かもしれない（汚れたカーテン、シャワーカーテンなど）。","Debora","","FALSE","楽天トラベル","5","2026-03-30","スタッフさんの対応がとてもよくて又来たいなと思いました。 ","","","スタッフさんの対応がとてもよくて又来たいなと思いました。 ","","","ピッコトラ"
"","FALSE","Booking.com","10","2026-03-21","","","","","","","Grit","","FALSE","Booking.com","10","2026-03-30","","いつも、変わりなく場所が変わっても快適で、安心","","","いつも、変わりなく場所が変わっても快適で、安心","","Manami"
"","FALSE","Booking.com","9","2026-03-20","","","","","","","Sasha","","FALSE","Booking.com","8","2026-03-30","","Cleanliness, convenience, breakfast.","Staff.","","清潔さ、利便性、朝食。","スタッフ。","Vinod"
"","FALSE","Trip.com","10","2026-03-20","Room was clear, with a wide bed and near to the subway. Hotel employees were kind and polite.","","","部屋は清潔で、ベッドも広く、地下鉄の駅にも近かった。ホテルの従業員は親切で礼儀正しかった。","","","ゲ‍ス‍ト","","FALSE","Agoda","10","2026-03-30","","いつも、変わりなく場所が変わっても快適で、安心","","","いつも、変わりなく場所が変わっても快適で、安心","","Manami"
"","FALSE","Booking.com","8","2026-03-20","","","","","","","Birte","","FALSE","Trip.com","10","2026-03-29","Good hotel had everything needed for a Tokyo stay","","","良いホテルで、東京滞在に必要なものはすべて揃っていました。","","","ゲ‍ス‍ト"
"","FALSE","Booking.com","10","2026-03-20","","","","","","","Chantel","","FALSE","Booking.com","8","2026-03-29","","Location was good and in a quiet area. Breakfast was abundant and very diverse and the staff were always around to assist should you need anything. The hotel catered for tea and coffee out of meal hours which was fantastic and a great way and place to meet other patrons/ travellers.","Nothing - all seemed good value for the money.","","立地は良く、静かなエリアにありました。朝食は種類豊富でボリュームたっぷりで、何か必要なことがあればいつでもスタッフが対応してくれました。ホテルでは食事時間外にも紅茶やコーヒーを提供してくれて、とても素晴らしく、他の宿泊客や旅行者と交流する絶好の機会にもなりました。","特に問題はなかった。すべて価格に見合った価値があったように思えた。","Julia"
"","FALSE","Google","1","2026-03-20","「朝から気分を台無しにされた。サービスは最悪」  数日間滞在しましたが、残念ながら非常に不快な印象を受けました。立地の良さも台無しです。  一番の問題は、スタッフの全くの無関心です。誕生日に合わせて旅行したので、せめて少しでも気遣い（チェックイン時の挨拶、ポストカード、ちょっとした気遣いなど、普通のホテルならよくあることです）を期待してこのホテルを選びました。ところが、受付スタッフはまるで耳が聞こえないかのように、全く反応を示しませんでした。何の気遣いも、笑顔も、「お誕生日おめでとう」という言葉もありませんでした。チェックインの際、彼らは私の生年月日が記載されたパスポートを手に持っていたにもかかわらずです。","","","「朝から気分を台無しにされた。サービスは最悪」  数日間滞在しましたが、残念ながら非常に不快な印象を受けました。立地の良さも台無しです。  一番の問題は、スタッフの全くの無関心です。誕生日に合わせて旅行したので、せめて少しでも気遣い（チェックイン時の挨拶、ポストカード、ちょっとした気遣いなど、普通のホテルならよくあることです）を期待してこのホテルを選びました。ところが、受付スタッフはまるで耳が聞こえないかのように、全く反応を示しませんでした。何の気遣いも、笑顔も、「お誕生日おめでとう」という言葉もありませんでした。チェックインの際、彼らは私の生年月日が記載されたパスポートを手に持っていたにもかかわらずです。","","","Ирина Лазарева","","FALSE","Booking.com","9","2026-03-29","","La struttura é molto pulita, le stanze più grandi dello standard. Inoltre l'hotel fornisce 24h su 24 bevande gratis in una saletta accanto alla hall. Colazione varia e buona per soli 9€.  La posizione anche se non è centrale è ben fornita da 2 stazioni metro, la zona è tranquilla e sicura. Lo consiglio fortemente.","","","ホテルはとても清潔で、客室は平均よりも広々としています。ロビー横のラウンジでは24時間いつでも無料のドリンクが楽しめます。朝食は種類豊富で、わずか9ユーロで満足できます。中心部からは少し離れていますが、地下鉄駅が2つ近くにあり、周辺は静かで安全です。非常におすすめです。","","Hilaria"
"","FALSE","Trip.com","10","2026-03-20","Everything was perfect from check-in to checkout. We felt very welcome and cared and didn't miss a thing.","","","チェックインからチェックアウトまで、すべてが完璧でした。温かく迎えられ、細やかな気配りを感じ、何一つ不自由を感じませんでした。","","","ゲ‍ス‍ト","","FALSE","Google","5","2026-03-29","駅、セブンイレブン、ローソン、ファミリーマートが近くにあり、とても便利な立地です。部屋も広々としています。","","","駅、セブンイレブン、ローソン、ファミリーマートが近くにあり、とても便利な立地です。部屋も広々としています。","","","Unyawee Seri"
"","FALSE","Booking.com","10","2026-03-19","","Ci ha piaciuto tutto! Ogni sera ci siamo addormentati pensando che avevamo scelto l albergo migliore di tutti 💚 super posizione, accoglienza e pulizia top, colazione stupenda!! Torneremo volentieri, un posto meraviglioso con letti super comodi! Grazie di tutto❤️","Non c’ era nulla che non ci piacesse.","","全てが最高でした！毎晩、最高のホテルを選んだと思って眠りにつきました💚最高のロケーション、最高のホスピタリティと清潔さ、素晴らしい朝食！！またぜひ泊まりたいです。とても快適なベッドのある素敵な場所です！全てに感謝します❤️","気に入らない点は何もなかった。","Claudia","","FALSE","Google","5","2026-03-29","สะดวกมากๆ ใกล้รถไฟ ใกล้ 7-11, lowson, family mart ห้องกว้าง","","","駅、セブンイレブン、ローソン、ファミリーマートが近くにあり、とても便利な立地です。部屋も広々としています。","","","Unyawee Seri"
"","FALSE","Booking.com","10","2026-03-19","","朝食が美味しかった 立地が良い","","","朝食が美味しかった 立地が良い","","莉子","","FALSE","楽天トラベル","4","2026-03-28","部屋も風呂も清潔で適度に広く、過ごしやすかったです。朝食も野菜が多く体調が整いました。又泊まりたいと思いました。 難点を言えば、馬喰町駅が近いのですがスーツケースを抱えて階段を上がるのが辛かったです。それが嫌で帰りは神田まで行きましたが、ちょっと歩くので、荷物が少ない時なら良かったです。","","","部屋も風呂も清潔で適度に広く、過ごしやすかったです。朝食も野菜が多く体調が整いました。又泊まりたいと思いました。 難点を言えば、馬喰町駅が近いのですがスーツケースを抱えて階段を上がるのが辛かったです。それが嫌で帰りは神田まで行きましたが、ちょっと歩くので、荷物が少ない時なら良かったです。","","","不明"
"","FALSE","Booking.com","10","2026-03-19","","","","","","","Toby","","FALSE","Trip.com","10","2026-03-27","很優的旅店，乾淨、安靜、舒服 離地鐵站約6～8分鐘，也很方便😊👍","","","素晴らしいホテルです。清潔で静かで快適でした。地下鉄の駅から徒歩6～8分ほどで、とても便利です。😊👍","","","C‍H‍I‍U‍ ‍h‍u‍n‍g‍ ‍S‍H‍U"
"","FALSE","Google","5","2026-03-18","他の方同様に清潔感については非の打ちどころがありません。大手チェーン店ではタバコ臭かったり何かしらの不具合に見舞われますが、ここにはありませんでした。","","","他の方同様に清潔感については非の打ちどころがありません。大手チェーン店ではタバコ臭かったり何かしらの不具合に見舞われますが、ここにはありませんでした。","","","bubu bubu","","FALSE","Booking.com","10","2026-03-27","","","","","","","Eugen"
"","FALSE","Booking.com","10","2026-03-18","","La grandeur des chambres","Un petit peu chère","","部屋の大きさ","少し高価","Sandrine","","FALSE","Trip.com","10","2026-03-26","Отличное расположение отеля, близко к станциям метро и Акихибаре. Из минусов, постоянно много людей на завтраке (в любое время). Из-за этого ждешь, пока пополнят какую то стойку.  В остальном только положительные впечатления, доброжелательный персонал,  в номере удобно расположить чемодан ( во многих других отелях номера были еще меньше)","","","ホテルの立地は素晴らしく、地下鉄の駅や秋葉原にも近い。難点は、朝食会場が常に混雑しているため、補充されるまで待たなければならないことだ。それ以外はすべて満足だった。スタッフは親切で、部屋もスーツケースを置くのに十分な広さだった（他の多くのホテルの部屋はもっと狭かった）。","","","ゲ‍ス‍ト"
"","FALSE","Booking.com","7","2026-03-17","","","","","","","Danchin","","FALSE","Booking.com","8","2026-03-26","","朝食がおいしい　フロントが優しい","駅からすこし歩く 飲食店がまわりに少ない","","朝食がおいしい　フロントが優しい","駅からすこし歩く 飲食店がまわりに少ない","Yamazaki"
"","FALSE","Google","4","2026-03-17","位置很方便，地处几条地铁JR的交接处，楼下就是7-11。 距离浅草 秋叶原 清澄白河 都是2-3站地铁。 距离东京站 银座都在半小时内。 去新宿 涩谷也在30分钟左右。 酒店提供免费的早饭，不算精致 但应有尽有。 房间紧凑，但有可以放下2-3个箱子。 酒店性价比很高。","","","立地は非常に便利で、地下鉄とJRの複数の路線が交差する場所に位置し、階下にはセブンイレブンがあります。浅草、秋葉原、清澄白川までは地下鉄で2～3駅です。東京駅と銀座まではどちらも30分以内、新宿と渋谷までは約30分です。ホテルでは無料の朝食を提供しており、豪華ではありませんが必要なものはすべて揃っています。客室はコンパクトですが、スーツケース2～3個を収納できます。このホテルは価格に見合った価値を提供しています。","","","Jonas Jiang","","FALSE","Trip.com","7","2026-03-25","The first night was quite noisy with banging from another room and the curtains were quite thin so the sun shone through very easily in the morning. The room was just what we needed for a few nights stay in Tokyo and the staff were very welcoming and friendly. The luggage store was easy to use and convenient","","","最初の夜は隣室からの物音がかなりうるさく、カーテンも薄かったので朝は太陽の光が簡単に差し込んできました。部屋は東京での数泊の滞在にはちょうど良く、スタッフはとても親切でフレンドリーでした。荷物預かり所は使いやすく便利でした。","","","ゲ‍ス‍ト"
"","FALSE","Booking.com","10","2026-03-17","","The hotel was lovely and spacious. The location was great, in a quiet neighbourhood where you can rest well but a short walk to the metro (and not too far from other places if you don’t mine a 20-30 minute walk. The bed and pillows were great. Rooms were made up every day and there were snacks and drinks available each evening for free. The staff were also very friendly.","Nothing- it was great!","","ホテルは素敵で広々としていました。立地も素晴らしく、静かな住宅街にあり、ゆっくり休めますが、地下鉄の駅までは徒歩圏内です（20～30分ほど歩くのが苦にならないなら、他の場所へもそれほど遠くありません）。ベッドと枕は快適でした。部屋は毎日清掃され、毎晩無料の軽食と飲み物が用意されていました。スタッフもとても親切でした。","何も問題ないよ。最高だった！","Seda","","FALSE","Booking.com","10","2026-03-25","","","","","","","Anling"
"","FALSE","Google","4","2026-03-17","立地は非常に便利で、複数の地下鉄とJR路線が交差する場所に位置し、1階にはセブンイレブンがあります。浅草、秋葉原、清澄白川までは地下鉄で2～3駅です。東京駅と銀座まではどちらも30分以内、新宿と渋谷までは約30分です。  ホテルでは無料の朝食を提供しています。豪華ではありませんが、必要なものはすべて揃っています。  客室はコンパクトですが、スーツケース2～3個は収納可能です。  このホテルはコストパフォーマンスに優れています。","","","立地は非常に便利で、複数の地下鉄とJR路線が交差する場所に位置し、1階にはセブンイレブンがあります。浅草、秋葉原、清澄白川までは地下鉄で2～3駅です。東京駅と銀座まではどちらも30分以内、新宿と渋谷までは約30分です。  ホテルでは無料の朝食を提供しています。豪華ではありませんが、必要なものはすべて揃っています。  客室はコンパクトですが、スーツケース2～3個は収納可能です。  このホテルはコストパフォーマンスに優れています。","","","Jonas Jiang","","FALSE","Booking.com","9","2026-03-24","","","","","","","Marlee"
"","FALSE","Google","1","2026-03-16","何か必要なことがあっても、スタッフは全く助けてくれません。「申し訳ありませんが、できません」と言うだけです。簡単なことすらまともにできません。他のスタッフならもっとうまくやってくれるでしょう。","","","何か必要なことがあっても、スタッフは全く助けてくれません。「申し訳ありませんが、できません」と言うだけです。簡単なことすらまともにできません。他のスタッフならもっとうまくやってくれるでしょう。","","","ja ti","","FALSE","Trip.com","10","2026-03-24","สงบ สะดวก สบาย สะอาด","","","静かで、便利で、快適で、清潔。","","","c‍h‍a‍i‍w‍a‍t‍p‍2‍4"
"","FALSE","Booking.com","10","2026-03-16","","The staff is really nice. The rooms are quite small (like everywhere in Japan), but they are clean and really useful. The bathroom in clean and big enough.","The location is a bit unconvenient because you have to walk a little more to the stations.","","スタッフはとても親切です。部屋は（日本のどこもそうですが）かなり狭いですが、清潔でとても便利です。バスルームも清潔で十分な広さです。","駅まで少し歩かなければならないので、立地は少し不便です。","Ariana","","FALSE","Trip.com","10","2026-03-24","東京酒店既size算唔錯呀，開到喼。雖然酒店位置唔算十分方便鐵路，要行大約10 分鐘先到地鐵站，但房間清潔，職員有禮貌笑容，大堂都有野飲同nuts供應，去機場坐淺草線一條線到達 好方便！推介大家去住！","","","東京ホテルは広さも十分で、スーツケースも楽々収納できます。鉄道駅からは少し離れていますが（地下鉄駅まで徒歩約10分）、部屋は清潔で、スタッフは笑顔で丁寧に対応してくれます。ロビーには飲み物やナッツ類が用意されており、浅草線で空港へ行くのもとても便利です！ぜひ皆さんにおすすめします！","","","M‍1‍2‍W"
"","FALSE","Google","1","2026-03-16","The staff is absolutely not helping when you need anything.  They just say ""sorry not possible"". They did not manage the easiest things. Every other staff would do it better.","","","何か必要なことがあっても、スタッフは全く助けてくれません。「申し訳ありませんが、できません」と言うだけです。簡単なことすらまともにできません。他のスタッフならもっとうまくやってくれるでしょう。","","","ja ti","","FALSE","Booking.com","10","2026-03-23","","Tutto perfetto. Alla reception tutti i ragazzi gentili e disponibili. Grazie mille","-","","全てが完璧でした。受付スタッフの方々は皆親切で、とても助かりました。本当にありがとうございました。","-","Giosue"
"","FALSE","Trip.com","10","2026-03-16","房間寬敞，服務細緻，安靜！","","","部屋は広々としていて、サービスも行き届いていて、しかも静かでした！","","","ゲ‍ス‍ト","","FALSE","楽天トラベル","4","2026-03-23","駅からのアクセスがよかったです。着いてすぐお菓子をいただいてコーヒー等を楽しめるところも良かったです。ツインの部屋でしたが、ちょうど良い広さでした。清掃も行き届いており、快適に過ごせました。","","","駅からのアクセスがよかったです。着いてすぐお菓子をいただいてコーヒー等を楽しめるところも良かったです。ツインの部屋でしたが、ちょうど良い広さでした。清掃も行き届いており、快適に過ごせました。","","","こむぎ次郎"
"","FALSE","Booking.com","10","2026-03-15","","It was clean!","Kinda small.","","清潔だった！","ちょっと小さいですね。","Martinez","","FALSE","Booking.com","8","2026-03-23","","La cercanía a estaciones de tren, a sitios para comer, convis y otros.","La cama no es tan cómoda. Si eres occidental y estás acostumbrado a los hoteles como en Estados Unidos, esto puede ser particularmente difícil para ti. Los espacios son muy reducidos, mi pareja mide 1,85 y los pies se le salían de la cama.","","駅、飲食店、コンビニエンスストア、その他の生活施設へのアクセスが良い。","ベッドはあまり快適ではありません。欧米人で、アメリカのホテルのような快適さに慣れている方にとっては、特に窮屈に感じるかもしれません。部屋は非常に狭く、私のパートナーは身長185cmですが、ベッドの端から足がはみ出していました。","Katerin"
"","FALSE","Trip.com","10","2026-03-15","在這邊住了九天八夜，飯店的地理位置、服務、設施都非常棒，每天都有人換毛巾等備品，即使貼免打擾也會放一袋給我們自己換，床單都會幫忙重鋪 附近滿安靜的，晚上睡覺不會被打擾，房內空間很大，朋友看到都覺得不錯，已經推薦給他們","","","9日間8泊滞在しました。ホテルの立地、サービス、設備はどれも素晴らしかったです。タオルやその他のアメニティは毎日交換され、「お休みください」モードにしていたにもかかわらず、着替え用のバッグも用意してくれました。シーツも新しくしてくれました。周辺はとても静かで、夜も騒音に悩まされることはありませんでした。部屋は広々としていて、友人たちも皆気に入っていました。すでに友人たちにもおすすめしました。","","","ゲ‍ス‍ト","","FALSE","Booking.com","10","2026-03-23","","Très bon séjour dans cet hôtel ! Propre et bien situé à moins de 10mn a pied du metro. Je recommande","","","このホテルでの滞在は最高でした！清潔で立地も良く、地下鉄の駅から徒歩10分以内です。おすすめです。","","Emilie"
"","FALSE","Booking.com","10","2026-03-15","","La posizione a dieci minuti a piedi dalla stazione di Kanda e a cinque minuti da Bakurocho.  La colazione a buffet sia dolce sia salata, con anche piatti tipici giapponesi e una grande varietà.  La degustazione di sake gratuita.  Tutti gli amenities a disposizione.  La presenza di una sala lettura con anche libri a disposizione in varie lingue.  La disponibilità dello staff nell'accertarsi dei dettagli della nostra prenotazione.  La facilità di check-in e check-out.","La stanza è più piccola rispetto agli standard europei, però comunque conforme alla descrizione qui su Booking e grande quanto basta per poter aprire due valigie nel piccolo corridoio all'ingresso della stanza.","","神田駅から徒歩10分、馬呂町から徒歩5分という立地は最高でした。朝食ビュッフェは、甘いものからしょっぱいものまで幅広く揃い、伝統的な日本料理も豊富でした。日本酒の試飲も無料で楽しめました。アメニティも全て揃っていました。読書室には様々な言語の本も用意されていました。スタッフは予約内容の確認にも親切に対応してくれました。チェックインとチェックアウトもスムーズでした。","部屋はヨーロッパの基準よりは狭いものの、Booking.comに掲載されている説明通りの広さで、部屋の入り口にある狭い廊下でスーツケースを2つ開けるのに十分な広さがあります。","Alice","","FALSE","Booking.com","8","2026-03-23","","","","","","","Ralf"
"","FALSE","Trip.com","10","2026-03-15","Отличный отель","","","素晴らしいホテル","","","f‍o‍v‍i‍t‍a‍l‍i‍k","","FALSE","Google","4","2026-03-23","グリーンズの株主優待が利用できます。 秋葉原も近いです。 14時から17時までにチェックインすると人形焼が無料でもらえます🆓 ラウンジは広くウェルカムドリンクが飲み放題です🥤コンセントも充実しています🔌 ユニットバスは広いです。 モーニングも充実しています。パンケーキ自動製作機は面白いし美味しいです🥞","","","グリーンズの株主優待が利用できます。 秋葉原も近いです。 14時から17時までにチェックインすると人形焼が無料でもらえます🆓 ラウンジは広くウェルカムドリンクが飲み放題です🥤コンセントも充実しています🔌 ユニットバスは広いです。 モーニングも充実しています。パンケーキ自動製作機は面白いし美味しいです🥞","","","優待太郎"
"","FALSE","Trip.com","10","2026-03-14","This was my second visit to this hotel. And despite the constant flow of tourists, the staff manages to keep the service level at its best. Everything is just as good as the first time. Great job, guys!","","","このホテルに宿泊するのは今回で2回目です。観光客がひっきりなしに訪れるにもかかわらず、スタッフの皆さんは最高のサービスレベルを維持してくれています。すべてが前回と変わらず素晴らしかったです。皆さん、素晴らしい仕事ぶりでした！","","","ゲ‍ス‍ト","","FALSE","Booking.com","10","2026-03-22","","Las instalaciones, la habitación muy confortable, el personal muy amable y atento, desayuno abundante y variado y una ubicación excelente","Nada","","設備は素晴らしく、部屋はとても快適で、スタッフはとても親切で気配りが行き届いており、朝食は種類豊富でボリュームたっぷり、そして立地も最高でした。","何もない","Pradator4"
"","FALSE","Booking.com","10","2026-03-14","","Our stay at this hotel was one of the most relaxing stays we have had so far. This was also our honeymoon trip, and the staff prepared a little origami gift and congratulatory note for us when we got into our room. The staff were really nice, breakfast is abundant and tasty, the amenities and freebies are well thought of, and very accessible. We will surely stay here again the next time we are in Tokyo.","None","","このホテルでの滞在は、これまでで最もリラックスできた滞在の一つでした。新婚旅行だったこともあり、部屋に入るとスタッフの方が小さな折り紙のプレゼントとお祝いのメッセージを用意してくれていました。スタッフはとても親切で、朝食は種類豊富で美味しく、アメニティや無料サービスも充実していて、とても便利でした。次回東京に来る際も、必ずまたこのホテルに泊まりたいと思います。","なし","Monikka","","FALSE","Booking.com","10","2026-03-22","","Super clean, good location, AMAZING breakfast","Room small","","とても清潔で、立地も良く、朝食も最高でした。","部屋が狭い","Malgorzata"
"","FALSE","Trip.com","10","2026-03-14","Самый лучший отель за все время пребывания в Японии! Довольно просторный номер, где есть все самое необходимое (холодильник, сейф, фен, обогреватель, чайник, вайфай и тд). Ремонт свежий, очень чисто как в номере, так и во всем отеле. На первом этаже большая зона для отдыха с библиотекой и бесплатными напитками. Работники замечательные, отзывчивые люди, которые добродушно помогут с любой возникшей проблемой. Спасибо Вам за это большое! Расположение удобное — в самом центре, в пешей доступности разные станции метро, большое количество комбини и очень бюджетная круглосуточная прачечная!","","","日本で泊まったホテルの中で最高でした！部屋はとても広々としていて、必要なものはすべて揃っています（冷蔵庫、金庫、ヘアドライヤー、ヒーター、電気ケトル、Wi-Fiなど）。改装されたばかりで、部屋もホテル全体もとても清潔です。1階には、ライブラリーと無料のドリンクが楽しめる広いラウンジエリアがあります。スタッフは素晴らしく、親切で、どんな問題にも快く対応してくれます。本当にありがとうございました！立地も便利で、中心部に位置し、様々な地下鉄駅、数多くのコンビニエンスストア、そして非常にリーズナブルな24時間営業のランドリーサービスまで徒歩圏内です！","","","ゲ‍ス‍ト","","FALSE","楽天トラベル","4","2026-03-22","チェックイン・チェックアウトが機械を通してでしたがスムーズにできて良かったです。室内やバストイレも綺麗でしたので気持ちよく利用できました。連泊でしたが2泊目はタオル類と歯ブラシ全て新しいものを届けてくださっていたのも嬉しかったです。荷物の預かりもありましたが、クローク内ではなく外に置いて網掛けされるようでしたので近くの駅のロッカーを使用しました。","","","チェックイン・チェックアウトが機械を通してでしたがスムーズにできて良かったです。室内やバストイレも綺麗でしたので気持ちよく利用できました。連泊でしたが2泊目はタオル類と歯ブラシ全て新しいものを届けてくださっていたのも嬉しかったです。荷物の預かりもありましたが、クローク内ではなく外に置いて網掛けされるようでしたので近くの駅のロッカーを使用しました。","","","さあーさん"
"","FALSE","Booking.com","8","2026-03-14","","Overall, the hotel was good. Given that it's Japan, the room is not super spacious, but it worked for me and my boyfriend. The bed was made and towels changed everyday unlike other places we stayed at. The air conditioning/heating system worked great. The place is kept well.","The location is a tad out of the way to hit the public metro. It takes almost 10 minutes to hit a subway station, but had a convenient bus stop. It was a bit expensive for the days we stayed since it was almost hitting mid-March so I was not surprised.","","全体的に見て、ホテルは良かったです。日本なので部屋はそれほど広くはありませんでしたが、私と彼氏には十分でした。他のホテルとは違い、ベッドメイキングとタオル交換は毎日行われていました。冷暖房設備も問題なく作動しました。施設全体が清潔に保たれていました。","公共の地下鉄駅まではちょっと不便な場所にあります。地下鉄駅まで10分近くかかりますが、便利なバス停がありました。滞在期間は3月中旬近くだったので、料金は少し高めでしたが、特に驚きませんでした。","Nga","","FALSE","Google","5","2026-03-21","大変温かく迎えられ、滞在を満喫しました。朝食は和食と洋食がバランスよく提供されました。一部の客室からはスカイツリーが見えます。周辺エリアも気に入りました。近くに小さなレストランがいくつかあり、多くの鉄道駅や地下鉄駅にも近いです。広めの客室（クイーンエコノミー）には、大きなスーツケース2個が楽に収まります。","","","大変温かく迎えられ、滞在を満喫しました。朝食は和食と洋食がバランスよく提供されました。一部の客室からはスカイツリーが見えます。周辺エリアも気に入りました。近くに小さなレストランがいくつかあり、多くの鉄道駅や地下鉄駅にも近いです。広めの客室（クイーンエコノミー）には、大きなスーツケース2個が楽に収まります。","","","Utz Späth"
"","FALSE","Booking.com","10","2026-03-13","","Ótimo hotel.","","","素晴らしいホテルでした。","","Joao","","FALSE","Booking.com","10","2026-03-21","","Ottimo rapporto qualità prezzo. Camera un po più grande della media giapponese (18mq la nostra) e onestamente fa la differenza, potevamo tranquillamente aprire tutte le valigie contemporaneamente e comunque avere spazio per camminare. Lo staff è gentilissimo. Cambio asciugamani tutti i giorni e lenzuola su richiesta. Se non si voleva la pulizia in camera comunque lasciavano asciugamani puliti fuori dalla porta. Prodotti da bagno di ottima qualità, snack gratuiti durante alcune ore del giorno. Ottima posizione, vicino a ben 3/4 linee metro (7 min a piedi), in una zona carina e tranquilla. Non c’è ristorante ma è pieno di ristoranti e kombini nei paraggi.","Alcune cose sono un po datate e sarebbero da cambiare (tende sporche, tenda della doccia)","","コストパフォーマンス抜群です。部屋は日本の平均的な広さより少し広く（私たちの部屋は18平方メートル）、正直言ってその差は歴然です。スーツケースを全部一度に開けても、まだ歩き回る余裕がありました。スタッフはとてもフレンドリーです。タオルは毎日交換され、シーツはリクエストに応じて交換してくれます。部屋の掃除を希望しない場合は、ドアの外に清潔なタオルを置いてくれます。高品質のアメニティが用意されており、時間帯によっては無料のスナックも提供されます。立地も素晴らしく、地下鉄3/4路線から徒歩7分圏内の静かで素敵なエリアにあります。ホテル内にレストランはありませんが、近くにたくさんのレストランやコンビニがあります。","いくつか時代遅れな点があり、改善が必要かもしれない（汚れたカーテン、シャワーカーテンなど）。","Debora"
"","FALSE","Trip.com","10","2026-03-13","位置很好，房間大小算正常","","","立地は最高で、部屋の広さは平均的です。","","","ゲ‍ス‍ト","","FALSE","Booking.com","10","2026-03-21","","","","","","","Grit"
"","FALSE","じゃらん","5","2026-03-13","駅から少し歩きますがとても綺麗なホテルでコスパ良しです。チェックインがスイートタイムと重なり人形焼きありがとうございました。ライブラリーカフェは静かで飲み物豊富。作業する時とゆったり寛ぎたいとき両方利用してとても大満足しました。部屋は静かでゆっくり休めましたしまた利用したいと思います。","","","駅から少し歩きますがとても綺麗なホテルでコスパ良しです。チェックインがスイートタイムと重なり人形焼きありがとうございました。ライブラリーカフェは静かで飲み物豊富。作業する時とゆったり寛ぎたいとき両方利用してとても大満足しました。部屋は静かでゆっくり休めましたしまた利用したいと思います。","","","noaちゃんさん","","FALSE","Booking.com","9","2026-03-20","","","","","","","Sasha"
"","FALSE","Booking.com","10","2026-03-12","","Nice staff   Nice place","","","スタッフも親切で、場所も良い。","","Sirinapha","","FALSE","Trip.com","10","2026-03-20","Room was clear, with a wide bed and near to the subway. Hotel employees were kind and polite.","","","部屋は清潔で、ベッドも広く、地下鉄の駅にも近かった。ホテルの従業員は親切で礼儀正しかった。","","","ゲ‍ス‍ト"
"","FALSE","Booking.com","8","2026-03-12","","","","","","","山本","","FALSE","Booking.com","8","2026-03-20","","","","","","","Birte"
"","FALSE","Booking.com","7","2026-03-12","","","","","","","冨永","","FALSE","Booking.com","10","2026-03-20","","","","","","","Chantel"
"","FALSE","Booking.com","8","2026-03-11","","Very friendly staff. Nice room. Convenient location close to subway stations. Breakfast was good and varied.","Would have appreciated some high-fibre bread for the breakfast, not only white ones.","","スタッフはとても親切でした。部屋も快適でした。地下鉄の駅にも近く、便利な立地です。朝食も美味しく、種類も豊富でした。","朝食には、白いパンだけでなく、食物繊維の多いパンも出してくれたらよかったのに。","Lars","","FALSE","Google","1","2026-03-20","「朝から気分を台無しにされた。サービスは最悪」  数日間滞在しましたが、残念ながら非常に不快な印象を受けました。立地の良さも台無しです。  一番の問題は、スタッフの全くの無関心です。誕生日に合わせて旅行したので、せめて少しでも気遣い（チェックイン時の挨拶、ポストカード、ちょっとした気遣いなど、普通のホテルならよくあることです）を期待してこのホテルを選びました。ところが、受付スタッフはまるで耳が聞こえないかのように、全く反応を示しませんでした。何の気遣いも、笑顔も、「お誕生日おめでとう」という言葉もありませんでした。チェックインの際、彼らは私の生年月日が記載されたパスポートを手に持っていたにもかかわらずです。","","","「朝から気分を台無しにされた。サービスは最悪」  数日間滞在しましたが、残念ながら非常に不快な印象を受けました。立地の良さも台無しです。  一番の問題は、スタッフの全くの無関心です。誕生日に合わせて旅行したので、せめて少しでも気遣い（チェックイン時の挨拶、ポストカード、ちょっとした気遣いなど、普通のホテルならよくあることです）を期待してこのホテルを選びました。ところが、受付スタッフはまるで耳が聞こえないかのように、全く反応を示しませんでした。何の気遣いも、笑顔も、「お誕生日おめでとう」という言葉もありませんでした。チェックインの際、彼らは私の生年月日が記載されたパスポートを手に持っていたにもかかわらずです。","","","Ирина Лазарева"
"","FALSE","Booking.com","3","2026-03-10","","Some of the staff are very professional,","but otherwise they watch you take the free coffee as if you were a thief. They do not bother to greet you. It is the first time in Japan that I have seen impolite people in a hotel","","スタッフの中には非常にプロフェッショナルな人もいます。","しかし、それ以外の場面では、まるで泥棒を見るかのように、無料のコーヒーを飲むのをじっと見つめてきます。挨拶すらしてくれません。日本でホテルの従業員にこんなに失礼な人を見たのは初めてです。","Clement","","FALSE","Trip.com","10","2026-03-20","Everything was perfect from check-in to checkout. We felt very welcome and cared and didn't miss a thing.","","","チェックインからチェックアウトまで、すべてが完璧でした。温かく迎えられ、細やかな気配りを感じ、何一つ不自由を感じませんでした。","","","ゲ‍ス‍ト"
"","FALSE","Google","2","2026-03-10","スタッフの中にはとてもプロフェッショナルな人もいますが、そうでない場合は、まるで泥棒でもしているかのように、無料のコーヒーを飲むのをじっと見ています。挨拶もしません。日本でホテルで失礼な人を見たのは初めてです。","","","スタッフの中にはとてもプロフェッショナルな人もいますが、そうでない場合は、まるで泥棒でもしているかのように、無料のコーヒーを飲むのをじっと見ています。挨拶もしません。日本でホテルで失礼な人を見たのは初めてです。","","","R0CH3 V1LL3 (Pirate)","","FALSE","Booking.com","10","2026-03-19","","Ci ha piaciuto tutto! Ogni sera ci siamo addormentati pensando che avevamo scelto l albergo migliore di tutti 💚 super posizione, accoglienza e pulizia top, colazione stupenda!! Torneremo volentieri, un posto meraviglioso con letti super comodi! Grazie di tutto❤️","Non c’ era nulla che non ci piacesse.","","全てが最高でした！毎晩、最高のホテルを選んだと思って眠りにつきました💚最高のロケーション、最高のホスピタリティと清潔さ、素晴らしい朝食！！またぜひ泊まりたいです。とても快適なベッドのある素敵な場所です！全てに感謝します❤️","気に入らない点は何もなかった。","Claudia"
"","FALSE","Google","5","2026-03-10","良い選択肢、良い価格、地下鉄駅に近く、秋葉原から徒歩15分","","","良い選択肢、良い価格、地下鉄駅に近く、秋葉原から徒歩15分","","","mar vignon","","FALSE","Booking.com","10","2026-03-19","","朝食が美味しかった 立地が良い","","","朝食が美味しかった 立地が良い","","莉子"
"","FALSE","Booking.com","10","2026-03-10","","","","","","","Stylianos","","FALSE","Booking.com","10","2026-03-19","","","","","","","Toby"
"","FALSE","Booking.com","8","2026-03-10","","Il servizio nella sala adibita a colazione dove vi erano sempre buone cose per aperitivo o dolciumi. Aperta da dopo colazione fino alle 22,00 il tutto a disposizione della clientela in omaggio. Personale di alto livello gentilissimo come ovunque qui in Giappone. Camera riscaldata autonomamente temperatura perfetta ( viaggio fatto tra febbraio e marzo) Qui colazione continentale buona (dolci, Nutella, Cornetti ... etc ) finalmente. Colazione all'inglese ottima come ovunque.","Stanza piccola con un lato del letto attaccato al muro. Difficile salire e scendere da quella parte. Luci simpatiche ma non creano una atmosfera rilassante. Non c'è ristorante ma indicano posti vicino all'albergo per poter mangiare.","","朝食ルームにはいつも美味しい前菜やスイーツが豊富に用意されていました。朝食後から午後10時まで営業しており、宿泊客はすべて無料で利用できました。スタッフは一流で、日本中どこでもそうであるように、とてもフレンドリーでした。部屋は個別に暖房されており、快適な温度に保たれていました（私たちは2月から3月にかけて旅行しました）。最後に、コンチネンタルブレックファーストは美味しかったです（ペストリー、ヌテラ、クロワッサンなど）。イングリッシュブレックファーストは、他のホテルと同様に素晴らしかったです。","部屋は狭く、ベッドの片側が壁に接しているため、出入りがしにくい。照明は心地よいが、リラックスできる雰囲気ではない。レストランはないが、ホテルの近くにある飲食店を紹介してくれる。","Enrico","","FALSE","Google","5","2026-03-18","他の方同様に清潔感については非の打ちどころがありません。大手チェーン店ではタバコ臭かったり何かしらの不具合に見舞われますが、ここにはありませんでした。","","","他の方同様に清潔感については非の打ちどころがありません。大手チェーン店ではタバコ臭かったり何かしらの不具合に見舞われますが、ここにはありませんでした。","","","bubu bubu"
"","","","","","","","","","","","","","FALSE","Booking.com","10","2026-03-18","","La grandeur des chambres","Un petit peu chère","","部屋の大きさ","少し高価","Sandrine"
"","","","","","","","","","","","","","FALSE","Booking.com","7","2026-03-17","","","","","","","Danchin"
"","","","","","","","","","","","","","FALSE","Google","4","2026-03-17","位置很方便，地处几条地铁JR的交接处，楼下就是7-11。 距离浅草 秋叶原 清澄白河 都是2-3站地铁。 距离东京站 银座都在半小时内。 去新宿 涩谷也在30分钟左右。 酒店提供免费的早饭，不算精致 但应有尽有。 房间紧凑，但有可以放下2-3个箱子。 酒店性价比很高。","","","立地は非常に便利で、地下鉄とJRの複数の路線が交差する場所に位置し、階下にはセブンイレブンがあります。浅草、秋葉原、清澄白川までは地下鉄で2～3駅です。東京駅と銀座まではどちらも30分以内、新宿と渋谷までは約30分です。ホテルでは無料の朝食を提供しており、豪華ではありませんが必要なものはすべて揃っています。客室はコンパクトですが、スーツケース2～3個を収納できます。このホテルは価格に見合った価値を提供しています。","","","Jonas Jiang"
"","","","","","","","","","","","","","FALSE","Booking.com","10","2026-03-17","","The hotel was lovely and spacious. The location was great, in a quiet neighbourhood where you can rest well but a short walk to the metro (and not too far from other places if you don’t mine a 20-30 minute walk. The bed and pillows were great. Rooms were made up every day and there were snacks and drinks available each evening for free. The staff were also very friendly.","Nothing- it was great!","","ホテルは素敵で広々としていました。立地も素晴らしく、静かな住宅街にあり、ゆっくり休めますが、地下鉄の駅までは徒歩圏内です（20～30分ほど歩くのが苦にならないなら、他の場所へもそれほど遠くありません）。ベッドと枕は快適でした。部屋は毎日清掃され、毎晩無料の軽食と飲み物が用意されていました。スタッフもとても親切でした。","何も問題ないよ。最高だった！","Seda"
"","","","","","","","","","","","","","FALSE","Google","4","2026-03-17","立地は非常に便利で、複数の地下鉄とJR路線が交差する場所に位置し、1階にはセブンイレブンがあります。浅草、秋葉原、清澄白川までは地下鉄で2～3駅です。東京駅と銀座まではどちらも30分以内、新宿と渋谷までは約30分です。  ホテルでは無料の朝食を提供しています。豪華ではありませんが、必要なものはすべて揃っています。  客室はコンパクトですが、スーツケース2～3個は収納可能です。  このホテルはコストパフォーマンスに優れています。","","","立地は非常に便利で、複数の地下鉄とJR路線が交差する場所に位置し、1階にはセブンイレブンがあります。浅草、秋葉原、清澄白川までは地下鉄で2～3駅です。東京駅と銀座まではどちらも30分以内、新宿と渋谷までは約30分です。  ホテルでは無料の朝食を提供しています。豪華ではありませんが、必要なものはすべて揃っています。  客室はコンパクトですが、スーツケース2～3個は収納可能です。  このホテルはコストパフォーマンスに優れています。","","","Jonas Jiang"
"","","","","","","","","","","","","","FALSE","Google","1","2026-03-16","何か必要なことがあっても、スタッフは全く助けてくれません。「申し訳ありませんが、できません」と言うだけです。簡単なことすらまともにできません。他のスタッフならもっとうまくやってくれるでしょう。","","","何か必要なことがあっても、スタッフは全く助けてくれません。「申し訳ありませんが、できません」と言うだけです。簡単なことすらまともにできません。他のスタッフならもっとうまくやってくれるでしょう。","","","ja ti"
"","","","","","","","","","","","","","FALSE","Booking.com","10","2026-03-16","","The staff is really nice. The rooms are quite small (like everywhere in Japan), but they are clean and really useful. The bathroom in clean and big enough.","The location is a bit unconvenient because you have to walk a little more to the stations.","","スタッフはとても親切です。部屋は（日本のどこもそうですが）かなり狭いですが、清潔でとても便利です。バスルームも清潔で十分な広さです。","駅まで少し歩かなければならないので、立地は少し不便です。","Ariana"
"","","","","","","","","","","","","","FALSE","Google","1","2026-03-16","The staff is absolutely not helping when you need anything.  They just say ""sorry not possible"". They did not manage the easiest things. Every other staff would do it better.","","","何か必要なことがあっても、スタッフは全く助けてくれません。「申し訳ありませんが、できません」と言うだけです。簡単なことすらまともにできません。他のスタッフならもっとうまくやってくれるでしょう。","","","ja ti"
"","","","","","","","","","","","","","FALSE","Trip.com","10","2026-03-16","房間寬敞，服務細緻，安靜！","","","部屋は広々としていて、サービスも行き届いていて、しかも静かでした！","","","ゲ‍ス‍ト"
"","","","","","","","","","","","","","FALSE","Booking.com","10","2026-03-15","","It was clean!","Kinda small.","","清潔だった！","ちょっと小さいですね。","Martinez"
"","","","","","","","","","","","","","FALSE","Trip.com","10","2026-03-15","在這邊住了九天八夜，飯店的地理位置、服務、設施都非常棒，每天都有人換毛巾等備品，即使貼免打擾也會放一袋給我們自己換，床單都會幫忙重鋪 附近滿安靜的，晚上睡覺不會被打擾，房內空間很大，朋友看到都覺得不錯，已經推薦給他們","","","9日間8泊滞在しました。ホテルの立地、サービス、設備はどれも素晴らしかったです。タオルやその他のアメニティは毎日交換され、「お休みください」モードにしていたにもかかわらず、着替え用のバッグも用意してくれました。シーツも新しくしてくれました。周辺はとても静かで、夜も騒音に悩まされることはありませんでした。部屋は広々としていて、友人たちも皆気に入っていました。すでに友人たちにもおすすめしました。","","","ゲ‍ス‍ト"
"","","","","","","","","","","","","","FALSE","Booking.com","10","2026-03-15","","La posizione a dieci minuti a piedi dalla stazione di Kanda e a cinque minuti da Bakurocho.  La colazione a buffet sia dolce sia salata, con anche piatti tipici giapponesi e una grande varietà.  La degustazione di sake gratuita.  Tutti gli amenities a disposizione.  La presenza di una sala lettura con anche libri a disposizione in varie lingue.  La disponibilità dello staff nell'accertarsi dei dettagli della nostra prenotazione.  La facilità di check-in e check-out.","La stanza è più piccola rispetto agli standard europei, però comunque conforme alla descrizione qui su Booking e grande quanto basta per poter aprire due valigie nel piccolo corridoio all'ingresso della stanza.","","神田駅から徒歩10分、馬呂町から徒歩5分という立地は最高でした。朝食ビュッフェは、甘いものからしょっぱいものまで幅広く揃い、伝統的な日本料理も豊富でした。日本酒の試飲も無料で楽しめました。アメニティも全て揃っていました。読書室には様々な言語の本も用意されていました。スタッフは予約内容の確認にも親切に対応してくれました。チェックインとチェックアウトもスムーズでした。","部屋はヨーロッパの基準よりは狭いものの、Booking.comに掲載されている説明通りの広さで、部屋の入り口にある狭い廊下でスーツケースを2つ開けるのに十分な広さがあります。","Alice"
"","","","","","","","","","","","","","FALSE","Trip.com","10","2026-03-15","Отличный отель","","","素晴らしいホテル","","","f‍o‍v‍i‍t‍a‍l‍i‍k"
"","","","","","","","","","","","","","FALSE","Trip.com","10","2026-03-14","This was my second visit to this hotel. And despite the constant flow of tourists, the staff manages to keep the service level at its best. Everything is just as good as the first time. Great job, guys!","","","このホテルに宿泊するのは今回で2回目です。観光客がひっきりなしに訪れるにもかかわらず、スタッフの皆さんは最高のサービスレベルを維持してくれています。すべてが前回と変わらず素晴らしかったです。皆さん、素晴らしい仕事ぶりでした！","","","ゲ‍ス‍ト"
"","","","","","","","","","","","","","FALSE","Booking.com","10","2026-03-14","","Our stay at this hotel was one of the most relaxing stays we have had so far. This was also our honeymoon trip, and the staff prepared a little origami gift and congratulatory note for us when we got into our room. The staff were really nice, breakfast is abundant and tasty, the amenities and freebies are well thought of, and very accessible. We will surely stay here again the next time we are in Tokyo.","None","","このホテルでの滞在は、これまでで最もリラックスできた滞在の一つでした。新婚旅行だったこともあり、部屋に入るとスタッフの方が小さな折り紙のプレゼントとお祝いのメッセージを用意してくれていました。スタッフはとても親切で、朝食は種類豊富で美味しく、アメニティや無料サービスも充実していて、とても便利でした。次回東京に来る際も、必ずまたこのホテルに泊まりたいと思います。","なし","Monikka"
"","","","","","","","","","","","","","FALSE","Trip.com","10","2026-03-14","Самый лучший отель за все время пребывания в Японии! Довольно просторный номер, где есть все самое необходимое (холодильник, сейф, фен, обогреватель, чайник, вайфай и тд). Ремонт свежий, очень чисто как в номере, так и во всем отеле. На первом этаже большая зона для отдыха с библиотекой и бесплатными напитками. Работники замечательные, отзывчивые люди, которые добродушно помогут с любой возникшей проблемой. Спасибо Вам за это большое! Расположение удобное — в самом центре, в пешей доступности разные станции метро, большое количество комбини и очень бюджетная круглосуточная прачечная!","","","日本で泊まったホテルの中で最高でした！部屋はとても広々としていて、必要なものはすべて揃っています（冷蔵庫、金庫、ヘアドライヤー、ヒーター、電気ケトル、Wi-Fiなど）。改装されたばかりで、部屋もホテル全体もとても清潔です。1階には、ライブラリーと無料のドリンクが楽しめる広いラウンジエリアがあります。スタッフは素晴らしく、親切で、どんな問題にも快く対応してくれます。本当にありがとうございました！立地も便利で、中心部に位置し、様々な地下鉄駅、数多くのコンビニエンスストア、そして非常にリーズナブルな24時間営業のランドリーサービスまで徒歩圏内です！","","","ゲ‍ス‍ト"
"","","","","","","","","","","","","","FALSE","Booking.com","8","2026-03-14","","Overall, the hotel was good. Given that it's Japan, the room is not super spacious, but it worked for me and my boyfriend. The bed was made and towels changed everyday unlike other places we stayed at. The air conditioning/heating system worked great. The place is kept well.","The location is a tad out of the way to hit the public metro. It takes almost 10 minutes to hit a subway station, but had a convenient bus stop. It was a bit expensive for the days we stayed since it was almost hitting mid-March so I was not surprised.","","全体的に見て、ホテルは良かったです。日本なので部屋はそれほど広くはありませんでしたが、私と彼氏には十分でした。他のホテルとは違い、ベッドメイキングとタオル交換は毎日行われていました。冷暖房設備も問題なく作動しました。施設全体が清潔に保たれていました。","公共の地下鉄駅まではちょっと不便な場所にあります。地下鉄駅まで10分近くかかりますが、便利なバス停がありました。滞在期間は3月中旬近くだったので、料金は少し高めでしたが、特に驚きませんでした。","Nga"
"","","","","","","","","","","","","","FALSE","Booking.com","10","2026-03-13","","Ótimo hotel.","","","素晴らしいホテルでした。","","Joao"
"","","","","","","","","","","","","","FALSE","Trip.com","10","2026-03-13","位置很好，房間大小算正常","","","立地は最高で、部屋の広さは平均的です。","","","ゲ‍ス‍ト"
"","","","","","","","","","","","","","FALSE","じゃらん","5","2026-03-13","駅から少し歩きますがとても綺麗なホテルでコスパ良しです。チェックインがスイートタイムと重なり人形焼きありがとうございました。ライブラリーカフェは静かで飲み物豊富。作業する時とゆったり寛ぎたいとき両方利用してとても大満足しました。部屋は静かでゆっくり休めましたしまた利用したいと思います。","","","駅から少し歩きますがとても綺麗なホテルでコスパ良しです。チェックインがスイートタイムと重なり人形焼きありがとうございました。ライブラリーカフェは静かで飲み物豊富。作業する時とゆったり寛ぎたいとき両方利用してとても大満足しました。部屋は静かでゆっくり休めましたしまた利用したいと思います。","","","noaちゃんさん"
"","","","","","","","","","","","","","FALSE","Booking.com","10","2026-03-12","","Nice staff   Nice place","","","スタッフも親切で、場所も良い。","","Sirinapha"
"","","","","","","","","","","","","","FALSE","Booking.com","8","2026-03-12","","","","","","","山本"
"","","","","","","","","","","","","","FALSE","Booking.com","7","2026-03-12","","","","","","","冨永"
"","","","","","","","","","","","","","FALSE","Booking.com","8","2026-03-11","","Very friendly staff. Nice room. Convenient location close to subway stations. Breakfast was good and varied.","Would have appreciated some high-fibre bread for the breakfast, not only white ones.","","スタッフはとても親切でした。部屋も快適でした。地下鉄の駅にも近く、便利な立地です。朝食も美味しく、種類も豊富でした。","朝食には、白いパンだけでなく、食物繊維の多いパンも出してくれたらよかったのに。","Lars"
"","","","","","","","","","","","","","FALSE","Booking.com","3","2026-03-10","","Some of the staff are very professional,","but otherwise they watch you take the free coffee as if you were a thief. They do not bother to greet you. It is the first time in Japan that I have seen impolite people in a hotel","","スタッフの中には非常にプロフェッショナルな人もいます。","しかし、それ以外の場面では、まるで泥棒を見るかのように、無料のコーヒーを飲むのをじっと見つめてきます。挨拶すらしてくれません。日本でホテルの従業員にこんなに失礼な人を見たのは初めてです。","Clement"
"","","","","","","","","","","","","","FALSE","Google","2","2026-03-10","スタッフの中にはとてもプロフェッショナルな人もいますが、そうでない場合は、まるで泥棒でもしているかのように、無料のコーヒーを飲むのをじっと見ています。挨拶もしません。日本でホテルで失礼な人を見たのは初めてです。","","","スタッフの中にはとてもプロフェッショナルな人もいますが、そうでない場合は、まるで泥棒でもしているかのように、無料のコーヒーを飲むのをじっと見ています。挨拶もしません。日本でホテルで失礼な人を見たのは初めてです。","","","R0CH3 V1LL3 (Pirate)"
"","","","","","","","","","","","","","FALSE","Google","5","2026-03-10","良い選択肢、良い価格、地下鉄駅に近く、秋葉原から徒歩15分","","","良い選択肢、良い価格、地下鉄駅に近く、秋葉原から徒歩15分","","","mar vignon"
"","","","","","","","","","","","","","FALSE","Booking.com","10","2026-03-10","","","","","","","Stylianos"
"","","","","","","","","","","","","","FALSE","Booking.com","8","2026-03-10","","Il servizio nella sala adibita a colazione dove vi erano sempre buone cose per aperitivo o dolciumi. Aperta da dopo colazione fino alle 22,00 il tutto a disposizione della clientela in omaggio. Personale di alto livello gentilissimo come ovunque qui in Giappone. Camera riscaldata autonomamente temperatura perfetta ( viaggio fatto tra febbraio e marzo) Qui colazione continentale buona (dolci, Nutella, Cornetti ... etc ) finalmente. Colazione all'inglese ottima come ovunque.","Stanza piccola con un lato del letto attaccato al muro. Difficile salire e scendere da quella parte. Luci simpatiche ma non creano una atmosfera rilassante. Non c'è ristorante ma indicano posti vicino all'albergo per poter mangiare.","","朝食ルームにはいつも美味しい前菜やスイーツが豊富に用意されていました。朝食後から午後10時まで営業しており、宿泊客はすべて無料で利用できました。スタッフは一流で、日本中どこでもそうであるように、とてもフレンドリーでした。部屋は個別に暖房されており、快適な温度に保たれていました（私たちは2月から3月にかけて旅行しました）。最後に、コンチネンタルブレックファーストは美味しかったです（ペストリー、ヌテラ、クロワッサンなど）。イングリッシュブレックファーストは、他のホテルと同様に素晴らしかったです。","部屋は狭く、ベッドの片側が壁に接しているため、出入りがしにくい。照明は心地よいが、リラックスできる雰囲気ではない。レストランはないが、ホテルの近くにある飲食店を紹介してくれる。","Enrico"