"","検索文字 URL： チェック","コートホテル新横浜 サイト名","検索年月： 評価","2026年 投稿日","01月 コメント(全体)","範囲： コメント(良い点)","!A1:K コメント(改善点)","コメント（翻訳:全体)","コメント（翻訳:良い)","コメント（翻訳:改善点)","投稿者","","","","","関数用 2025年 2026年 ","12月 01月 ","","!A2:K75 ","","","","","",""
"","FALSE","Booking.com","6","2026-01-31","","","","","","","Deguchi","","FALSE","Booking.com","6","2026-01-31","","","","","","","Deguchi","",""
"","FALSE","Booking.com","8","2026-01-31","","コーヒーとミネラルウォーターのサービスが良かった","特にない","","コーヒーとミネラルウォーターのサービスが良かった","特にない","Mic","","FALSE","Booking.com","8","2026-01-31","","コーヒーとミネラルウォーターのサービスが良かった","特にない","","コーヒーとミネラルウォーターのサービスが良かった","特にない","Mic","",""
"","FALSE","Booking.com","7","2026-01-31","","スタッフの方がとても愛想良くて話しやすかったです。あと駅から近いのがよかったです。","","","スタッフの方がとても愛想良くて話しやすかったです。あと駅から近いのがよかったです。","","Reina","","FALSE","Booking.com","7","2026-01-31","","スタッフの方がとても愛想良くて話しやすかったです。あと駅から近いのがよかったです。","","","スタッフの方がとても愛想良くて話しやすかったです。あと駅から近いのがよかったです。","","Reina","",""
"","FALSE","Google","5","2026-01-31","チェックインで会社が禁煙ルームを予約していたが、喫煙ルームの空きを快く案内して頂けました。部屋も広く清潔で快適に過ごす事が出来ました。その節はありがとうございました。","","","チェックインで会社が禁煙ルームを予約していたが、喫煙ルームの空きを快く案内して頂けました。部屋も広く清潔で快適に過ごす事が出来ました。その節はありがとうございました。","","","水道家 スイドウヤ","","FALSE","Google","5","2026-01-31","チェックインで会社が禁煙ルームを予約していたが、喫煙ルームの空きを快く案内して頂けました。部屋も広く清潔で快適に過ごす事が出来ました。その節はありがとうございました。","","","チェックインで会社が禁煙ルームを予約していたが、喫煙ルームの空きを快く案内して頂けました。部屋も広く清潔で快適に過ごす事が出来ました。その節はありがとうございました。","","","水道家 スイドウヤ","",""
"","FALSE","Booking.com","4","2026-01-30","","","","","","","Shimotomai","","FALSE","Booking.com","4","2026-01-30","","","","","","","Shimotomai","",""
"","FALSE","Booking.com","7","2026-01-30","","","","","","","Mayu","","FALSE","Booking.com","7","2026-01-30","","","","","","","Mayu","",""
"","FALSE","Booking.com","7","2026-01-30","","綺麗","エアコンが、調整出来なかった。","","綺麗","エアコンが、調整出来なかった。","岩崎","","FALSE","Booking.com","7","2026-01-30","","綺麗","エアコンが、調整出来なかった。","","綺麗","エアコンが、調整出来なかった。","岩崎","",""
"","FALSE","Booking.com","7","2026-01-29","","","","","","","Karin","","FALSE","Booking.com","7","2026-01-29","","","","","","","Karin","",""
"","FALSE","Booking.com","8","2026-01-29","","ベッドが広くてゆったりできた。","特になし","","ベッドが広くてゆったりできた。","特になし","Shigetaka","","FALSE","Booking.com","8","2026-01-29","","ベッドが広くてゆったりできた。","特になし","","ベッドが広くてゆったりできた。","特になし","Shigetaka","",""
"","FALSE","楽天トラベル","4","2026-01-29","部屋の照明が明るく、朝食が美味しく、フロント対応が良いホテル。 さらに良いホテルになって欲しいという意味であえてコメントすると、①二つ枕があるので、片方は高めの枕、もう片方は低めの枕とか、片方は硬めの枕、もう片方はソフトな枕とか、滞在者の好みで選べるようにすると良い かも　② 洗面所の栓がなくコンタクトレンズとか細かいアクセサリーを落とすと取れなくなるので、栓をつけるか排水溝フィルターをつけると良い もちろん総合点は高いので、これからもこのホテルが第一優先ホテルとして使わせていただきます。","","","部屋の照明が明るく、朝食が美味しく、フロント対応が良いホテル。 さらに良いホテルになって欲しいという意味であえてコメントすると、①二つ枕があるので、片方は高めの枕、もう片方は低めの枕とか、片方は硬めの枕、もう片方はソフトな枕とか、滞在者の好みで選べるようにすると良い かも　② 洗面所の栓がなくコンタクトレンズとか細かいアクセサリーを落とすと取れなくなるので、栓をつけるか排水溝フィルターをつけると良い もちろん総合点は高いので、これからもこのホテルが第一優先ホテルとして使わせていただきます。","","","cosmosnavy","","FALSE","楽天トラベル","4","2026-01-29","部屋の照明が明るく、朝食が美味しく、フロント対応が良いホテル。 さらに良いホテルになって欲しいという意味であえてコメントすると、①二つ枕があるので、片方は高めの枕、もう片方は低めの枕とか、片方は硬めの枕、もう片方はソフトな枕とか、滞在者の好みで選べるようにすると良い かも　② 洗面所の栓がなくコンタクトレンズとか細かいアクセサリーを落とすと取れなくなるので、栓をつけるか排水溝フィルターをつけると良い もちろん総合点は高いので、これからもこのホテルが第一優先ホテルとして使わせていただきます。","","","部屋の照明が明るく、朝食が美味しく、フロント対応が良いホテル。 さらに良いホテルになって欲しいという意味であえてコメントすると、①二つ枕があるので、片方は高めの枕、もう片方は低めの枕とか、片方は硬めの枕、もう片方はソフトな枕とか、滞在者の好みで選べるようにすると良い かも　② 洗面所の栓がなくコンタクトレンズとか細かいアクセサリーを落とすと取れなくなるので、栓をつけるか排水溝フィルターをつけると良い もちろん総合点は高いので、これからもこのホテルが第一優先ホテルとして使わせていただきます。","","","cosmosnavy","",""
"","FALSE","楽天トラベル","4","2026-01-28","10階に泊まりました。 フロントの方々はとても親切で、お部屋は3つベッドを置いても余裕があり、とてもゆっくり過ごせました。 ロビーのコーヒー＆紅茶はとても嬉しかったです。何度もいただきました！ 製氷機が壊れてたのと、トイレの流れが悪かった事が少し残念でしたが、全体的には満足でした。","","","10階に泊まりました。 フロントの方々はとても親切で、お部屋は3つベッドを置いても余裕があり、とてもゆっくり過ごせました。 ロビーのコーヒー＆紅茶はとても嬉しかったです。何度もいただきました！ 製氷機が壊れてたのと、トイレの流れが悪かった事が少し残念でしたが、全体的には満足でした。","","","♪✷♪✷♪","","FALSE","楽天トラベル","4","2026-01-28","10階に泊まりました。 フロントの方々はとても親切で、お部屋は3つベッドを置いても余裕があり、とてもゆっくり過ごせました。 ロビーのコーヒー＆紅茶はとても嬉しかったです。何度もいただきました！ 製氷機が壊れてたのと、トイレの流れが悪かった事が少し残念でしたが、全体的には満足でした。","","","10階に泊まりました。 フロントの方々はとても親切で、お部屋は3つベッドを置いても余裕があり、とてもゆっくり過ごせました。 ロビーのコーヒー＆紅茶はとても嬉しかったです。何度もいただきました！ 製氷機が壊れてたのと、トイレの流れが悪かった事が少し残念でしたが、全体的には満足でした。","","","♪✷♪✷♪","",""
"","FALSE","Booking.com","9","2026-01-28","","チェックイン、チェックアウトどちらも楽 以前は鍵だった気がする？電子に変わり使い易い 日の当たるテーブルで朝御飯を食べて元気が出ました","部屋によるのかもしれませんがユニットバスと部屋の段差が怖いかなと思いました","","チェックイン、チェックアウトどちらも楽 以前は鍵だった気がする？電子に変わり使い易い 日の当たるテーブルで朝御飯を食べて元気が出ました","部屋によるのかもしれませんがユニットバスと部屋の段差が怖いかなと思いました","Tachikawa","","FALSE","Booking.com","9","2026-01-28","","チェックイン、チェックアウトどちらも楽 以前は鍵だった気がする？電子に変わり使い易い 日の当たるテーブルで朝御飯を食べて元気が出ました","部屋によるのかもしれませんがユニットバスと部屋の段差が怖いかなと思いました","","チェックイン、チェックアウトどちらも楽 以前は鍵だった気がする？電子に変わり使い易い 日の当たるテーブルで朝御飯を食べて元気が出ました","部屋によるのかもしれませんがユニットバスと部屋の段差が怖いかなと思いました","Tachikawa","",""
"","FALSE","Booking.com","8","2026-01-28","","","Đêm có tí ồn ào","","","その夜は少し騒がしかった。","Đặng","","FALSE","Booking.com","8","2026-01-28","","","Đêm có tí ồn ào","","","その夜は少し騒がしかった。","Đặng","",""
"","FALSE","Booking.com","4","2026-01-28","","Hotel fica numa boa localização","O ar condicionado é central.. então não dá pra regular temperatura. Passamos muito calor!!","","ホテルは立地が良い。","エアコンは集中式なので、温度調節ができません。とても暑くなります！","Juliana","","FALSE","Booking.com","4","2026-01-28","","Hotel fica numa boa localização","O ar condicionado é central.. então não dá pra regular temperatura. Passamos muito calor!!","","ホテルは立地が良い。","エアコンは集中式なので、温度調節ができません。とても暑くなります！","Juliana","",""
"","FALSE","Booking.com","10","2026-01-28","","近年機械でのチェックインが増えている中、ふろんとにてあ対面でのチェックインもいいなと感じました","","","近年機械でのチェックインが増えている中、ふろんとにてあ対面でのチェックインもいいなと感じました","","Hana","","FALSE","Booking.com","10","2026-01-28","","近年機械でのチェックインが増えている中、ふろんとにてあ対面でのチェックインもいいなと感じました","","","近年機械でのチェックインが増えている中、ふろんとにてあ対面でのチェックインもいいなと感じました","","Hana","",""
"","FALSE","Google","4","2026-01-28","横浜駅近くのKアリーナでのライブ遠征にて利用。 翌朝、早くに新幹線に乗りたかったので宿泊地を新横浜駅前で探しました。 駅から徒歩でも気にならない距離にあり便利。 22:00前までならホテルの一階にあるレストランも利用できそう。朝食はこちらで美味しかったです。朝食だけでこのホテルを選んで正解だったなと思った。 部屋は綺麗でしたが、入室してから照明のスイッチを探しました(汗)エアコン含め全て枕元で操作できるのは便利です。バスルームはシャワーの温度調整が中々難しく、子供や若い人だと上手くできないかもしれませんね。 総合的に見てまた横浜、新横浜に来ることがあったら利用したいなと思います。","","","横浜駅近くのKアリーナでのライブ遠征にて利用。 翌朝、早くに新幹線に乗りたかったので宿泊地を新横浜駅前で探しました。 駅から徒歩でも気にならない距離にあり便利。 22:00前までならホテルの一階にあるレストランも利用できそう。朝食はこちらで美味しかったです。朝食だけでこのホテルを選んで正解だったなと思った。 部屋は綺麗でしたが、入室してから照明のスイッチを探しました(汗)エアコン含め全て枕元で操作できるのは便利です。バスルームはシャワーの温度調整が中々難しく、子供や若い人だと上手くできないかもしれませんね。 総合的に見てまた横浜、新横浜に来ることがあったら利用したいなと思います。","","","Name","","FALSE","Google","4","2026-01-28","横浜駅近くのKアリーナでのライブ遠征にて利用。 翌朝、早くに新幹線に乗りたかったので宿泊地を新横浜駅前で探しました。 駅から徒歩でも気にならない距離にあり便利。 22:00前までならホテルの一階にあるレストランも利用できそう。朝食はこちらで美味しかったです。朝食だけでこのホテルを選んで正解だったなと思った。 部屋は綺麗でしたが、入室してから照明のスイッチを探しました(汗)エアコン含め全て枕元で操作できるのは便利です。バスルームはシャワーの温度調整が中々難しく、子供や若い人だと上手くできないかもしれませんね。 総合的に見てまた横浜、新横浜に来ることがあったら利用したいなと思います。","","","横浜駅近くのKアリーナでのライブ遠征にて利用。 翌朝、早くに新幹線に乗りたかったので宿泊地を新横浜駅前で探しました。 駅から徒歩でも気にならない距離にあり便利。 22:00前までならホテルの一階にあるレストランも利用できそう。朝食はこちらで美味しかったです。朝食だけでこのホテルを選んで正解だったなと思った。 部屋は綺麗でしたが、入室してから照明のスイッチを探しました(汗)エアコン含め全て枕元で操作できるのは便利です。バスルームはシャワーの温度調整が中々難しく、子供や若い人だと上手くできないかもしれませんね。 総合的に見てまた横浜、新横浜に来ることがあったら利用したいなと思います。","","","Name","",""
"","FALSE","Google","4","2026-01-28","素晴らしいビジネスホテル、とても清潔、とてもフレンドリーなスタッフ、大きな新横浜駅に近い","","","素晴らしいビジネスホテル、とても清潔、とてもフレンドリーなスタッフ、大きな新横浜駅に近い","","","Giulio","","FALSE","Google","4","2026-01-28","素晴らしいビジネスホテル、とても清潔、とてもフレンドリーなスタッフ、大きな新横浜駅に近い","","","素晴らしいビジネスホテル、とても清潔、とてもフレンドリーなスタッフ、大きな新横浜駅に近い","","","Giulio","",""
"","FALSE","Google","4","2026-01-28","Ottimo business hotel, pulitissimo, personale molto gentile, vicino alla grande stazione dei treni di Shin-Yokohama","","","非常に清潔で、スタッフもとてもフレンドリーな素晴らしいビジネスホテルです。新横浜駅にも近く便利です。","","","Giulio","","FALSE","Google","4","2026-01-28","Ottimo business hotel, pulitissimo, personale molto gentile, vicino alla grande stazione dei treni di Shin-Yokohama","","","非常に清潔で、スタッフもとてもフレンドリーな素晴らしいビジネスホテルです。新横浜駅にも近く便利です。","","","Giulio","",""
"","FALSE","Booking.com","8","2026-01-27","","","","","","","Ryuta","","FALSE","Booking.com","8","2026-01-27","","","","","","","Ryuta","",""
"","FALSE","Booking.com","7","2026-01-27","","新横浜駅から近くで立地が良かった。","各部屋の騒音がうるさかった。","","新横浜駅から近くで立地が良かった。","各部屋の騒音がうるさかった。","Masaharu","","FALSE","Booking.com","7","2026-01-27","","新横浜駅から近くで立地が良かった。","各部屋の騒音がうるさかった。","","新横浜駅から近くで立地が良かった。","各部屋の騒音がうるさかった。","Masaharu","",""
"","FALSE","Booking.com","4","2026-01-26","","","","","","","正宏","","FALSE","Booking.com","4","2026-01-26","","","","","","","正宏","",""
"","FALSE","Booking.com","8","2026-01-26","","素泊まりだったので良くわかりません。","素泊まりだったので良くわかりません。","","素泊まりだったので良くわかりません。","素泊まりだったので良くわかりません。","Kenichi","","FALSE","Booking.com","8","2026-01-26","","素泊まりだったので良くわかりません。","素泊まりだったので良くわかりません。","","素泊まりだったので良くわかりません。","素泊まりだったので良くわかりません。","Kenichi","",""
"","FALSE","楽天トラベル","2","2026-01-26","喫煙所が設置されていない","","","喫煙所が設置されていない","","","wata115","","FALSE","楽天トラベル","2","2026-01-26","喫煙所が設置されていない","","","喫煙所が設置されていない","","","wata115","",""
"","FALSE","Booking.com","5","2026-01-26","","スタッフの方の対応が親切丁寧","施設設備が少し古く感じました","","スタッフの方の対応が親切丁寧","施設設備が少し古く感じました","Toshitaka","","FALSE","Booking.com","5","2026-01-26","","スタッフの方の対応が親切丁寧","施設設備が少し古く感じました","","スタッフの方の対応が親切丁寧","施設設備が少し古く感じました","Toshitaka","",""
"","FALSE","Booking.com","7","2026-01-26","","","","","","","Kazuya","","FALSE","Booking.com","7","2026-01-26","","","","","","","Kazuya","",""
"","FALSE","Booking.com","6","2026-01-25","","","","","","","志渡","","FALSE","Booking.com","6","2026-01-25","","","","","","","志渡","",""
"","FALSE","Booking.com","9","2026-01-25","","新横浜駅からも近く、かつリーズナブルな価格帯でした。","蛇口が熱湯が出る古いタイプで、冷水の蛇口と調節しないといけなかったので、ちょっとめんどくさかったです。","","新横浜駅からも近く、かつリーズナブルな価格帯でした。","蛇口が熱湯が出る古いタイプで、冷水の蛇口と調節しないといけなかったので、ちょっとめんどくさかったです。","Mayuko","","FALSE","Booking.com","9","2026-01-25","","新横浜駅からも近く、かつリーズナブルな価格帯でした。","蛇口が熱湯が出る古いタイプで、冷水の蛇口と調節しないといけなかったので、ちょっとめんどくさかったです。","","新横浜駅からも近く、かつリーズナブルな価格帯でした。","蛇口が熱湯が出る古いタイプで、冷水の蛇口と調節しないといけなかったので、ちょっとめんどくさかったです。","Mayuko","",""
"","FALSE","Booking.com","9","2026-01-25","","無料コーヒーあり 荷物預かり","","","無料コーヒーあり 荷物預かり","","Junji","","FALSE","Booking.com","9","2026-01-25","","無料コーヒーあり 荷物預かり","","","無料コーヒーあり 荷物預かり","","Junji","",""
"","FALSE","Booking.com","8","2026-01-25","","","バスとトイレの仕切りのカーテンの匂いが気になった","","","バスとトイレの仕切りのカーテンの匂いが気になった","Saya","","FALSE","Booking.com","8","2026-01-25","","","バスとトイレの仕切りのカーテンの匂いが気になった","","","バスとトイレの仕切りのカーテンの匂いが気になった","Saya","",""
"","FALSE","Booking.com","9","2026-01-25","","スタッフの方の対応がとても良かったです。","声がまあまあ聞こえる","","スタッフの方の対応がとても良かったです。","声がまあまあ聞こえる","Chinami","","FALSE","Booking.com","9","2026-01-25","","スタッフの方の対応がとても良かったです。","声がまあまあ聞こえる","","スタッフの方の対応がとても良かったです。","声がまあまあ聞こえる","Chinami","",""
"","FALSE","Booking.com","5","2026-01-25","","","トイレの便座がずれていた。臭い。  鏡の椅子が。ベットでだせれず、座りにくい。","","","トイレの便座がずれていた。臭い。  鏡の椅子が。ベットでだせれず、座りにくい。","かよちゃん","","FALSE","Booking.com","5","2026-01-25","","","トイレの便座がずれていた。臭い。  鏡の椅子が。ベットでだせれず、座りにくい。","","","トイレの便座がずれていた。臭い。  鏡の椅子が。ベットでだせれず、座りにくい。","かよちゃん","",""
"","FALSE","Booking.com","6","2026-01-25","","ホテルの部屋は普通です。  今回OPで朝食つけましたが、とても美味しく頂きました。  地下鉄からも然程遠くなく、便利な場所です。","荷物置き場が有れば便利","","ホテルの部屋は普通です。  今回OPで朝食つけましたが、とても美味しく頂きました。  地下鉄からも然程遠くなく、便利な場所です。","荷物置き場が有れば便利","Masami","","FALSE","Booking.com","6","2026-01-25","","ホテルの部屋は普通です。  今回OPで朝食つけましたが、とても美味しく頂きました。  地下鉄からも然程遠くなく、便利な場所です。","荷物置き場が有れば便利","","ホテルの部屋は普通です。  今回OPで朝食つけましたが、とても美味しく頂きました。  地下鉄からも然程遠くなく、便利な場所です。","荷物置き場が有れば便利","Masami","",""
"","FALSE","Booking.com","8","2026-01-25","","","","","","","Erica","","FALSE","Booking.com","8","2026-01-25","","","","","","","Erica","",""
"","FALSE","Booking.com","7","2026-01-25","","スタッフの対応がよく、ウェルカムドリンクが良かったです。","清潔だが、全体的に年数が感じられた。","","スタッフの対応がよく、ウェルカムドリンクが良かったです。","清潔だが、全体的に年数が感じられた。","カヨ","","FALSE","Booking.com","7","2026-01-25","","スタッフの対応がよく、ウェルカムドリンクが良かったです。","清潔だが、全体的に年数が感じられた。","","スタッフの対応がよく、ウェルカムドリンクが良かったです。","清潔だが、全体的に年数が感じられた。","カヨ","",""
"","FALSE","じゃらん","3","2026-01-25","朝食は無添加という事で身体には良さそうだなとは思ったが、正直味は期待してなかった。が、良い意味で期待を裏切られ大変おいしく頂いた。ただフロントの人が朝食ありを朝食無しと間違い少しモメて非常に気分が悪かった。","","","朝食は無添加という事で身体には良さそうだなとは思ったが、正直味は期待してなかった。が、良い意味で期待を裏切られ大変おいしく頂いた。ただフロントの人が朝食ありを朝食無しと間違い少しモメて非常に気分が悪かった。","","","TOMさん","","FALSE","じゃらん","3","2026-01-25","朝食は無添加という事で身体には良さそうだなとは思ったが、正直味は期待してなかった。が、良い意味で期待を裏切られ大変おいしく頂いた。ただフロントの人が朝食ありを朝食無しと間違い少しモメて非常に気分が悪かった。","","","朝食は無添加という事で身体には良さそうだなとは思ったが、正直味は期待してなかった。が、良い意味で期待を裏切られ大変おいしく頂いた。ただフロントの人が朝食ありを朝食無しと間違い少しモメて非常に気分が悪かった。","","","TOMさん","",""
"","FALSE","じゃらん","5","2026-01-25","横浜アリーナでコンサートがあったため宿泊しました。  無料でブルーレイプレイヤーの貸し出しをしているため毎回借りているのですが今回はケーブルが故障していたため映らなくて残念でした。  宅急便で荷物を送って頂きたい時も時間がかかったので、もう少しスムーズに出来たらいいなと思いました。  それ以外は飲食店、コンビニもありますので困ることはなく快適に過ごせました。  また宿泊させて頂きます。","","","横浜アリーナでコンサートがあったため宿泊しました。  無料でブルーレイプレイヤーの貸し出しをしているため毎回借りているのですが今回はケーブルが故障していたため映らなくて残念でした。  宅急便で荷物を送って頂きたい時も時間がかかったので、もう少しスムーズに出来たらいいなと思いました。  それ以外は飲食店、コンビニもありますので困ることはなく快適に過ごせました。  また宿泊させて頂きます。","","","リラックマちゃんさん","","FALSE","じゃらん","5","2026-01-25","横浜アリーナでコンサートがあったため宿泊しました。  無料でブルーレイプレイヤーの貸し出しをしているため毎回借りているのですが今回はケーブルが故障していたため映らなくて残念でした。  宅急便で荷物を送って頂きたい時も時間がかかったので、もう少しスムーズに出来たらいいなと思いました。  それ以外は飲食店、コンビニもありますので困ることはなく快適に過ごせました。  また宿泊させて頂きます。","","","横浜アリーナでコンサートがあったため宿泊しました。  無料でブルーレイプレイヤーの貸し出しをしているため毎回借りているのですが今回はケーブルが故障していたため映らなくて残念でした。  宅急便で荷物を送って頂きたい時も時間がかかったので、もう少しスムーズに出来たらいいなと思いました。  それ以外は飲食店、コンビニもありますので困ることはなく快適に過ごせました。  また宿泊させて頂きます。","","","リラックマちゃんさん","",""
"","FALSE","Booking.com","8","2026-01-24","","Trato de los empleados,limpieza y servicios","","","従業員の待遇、清潔さ、サービス","","ルイス","","FALSE","Booking.com","8","2026-01-24","","Trato de los empleados,limpieza y servicios","","","従業員の待遇、清潔さ、サービス","","ルイス","",""
"","FALSE","Booking.com","10","2026-01-24","","","","","","","Masaru","","FALSE","Booking.com","10","2026-01-24","","","","","","","Masaru","",""
"","FALSE","Google","3","2026-01-24","","","","","","","max pon","","FALSE","Google","3","2026-01-24","","","","","","","max pon","",""
"","FALSE","Booking.com","9","2026-01-23","","","","","","","Shogo","","FALSE","Booking.com","9","2026-01-23","","","","","","","Shogo","",""
"","FALSE","Booking.com","4","2026-01-23","","","","","","","Awazu","","FALSE","Booking.com","4","2026-01-23","","","","","","","Awazu","",""
"","FALSE","Booking.com","4","2026-01-23","","ごく普通に寛げた","お湯の温度調節 部屋着が浴衣でひきずる スタッフに笑顔がなく冷たい態度の人がいた。どこでもそうだがそんな人にあたると途端に印象悪くなります","","ごく普通に寛げた","お湯の温度調節 部屋着が浴衣でひきずる スタッフに笑顔がなく冷たい態度の人がいた。どこでもそうだがそんな人にあたると途端に印象悪くなります","Masami","","FALSE","Booking.com","4","2026-01-23","","ごく普通に寛げた","お湯の温度調節 部屋着が浴衣でひきずる スタッフに笑顔がなく冷たい態度の人がいた。どこでもそうだがそんな人にあたると途端に印象悪くなります","","ごく普通に寛げた","お湯の温度調節 部屋着が浴衣でひきずる スタッフに笑顔がなく冷たい態度の人がいた。どこでもそうだがそんな人にあたると途端に印象悪くなります","Masami","",""
"","FALSE","Google","3","2026-01-23","","","","","","","MR. YO","","FALSE","Google","3","2026-01-23","","","","","","","MR. YO","",""
"","FALSE","Booking.com","9","2026-01-22","","","","","","","Tomoyuki","","FALSE","Booking.com","9","2026-01-22","","","","","","","Tomoyuki","",""
"","FALSE","楽天トラベル","4","2026-01-22","駅に近い場所で、周辺にコンビニや飲食店もあり便利な立地でした。 コスパも良かったです。 一つ気になったのは、部屋にはフロントと通話する電話がなく不便でした。（EV近くに１台電話がありました） 何かで宿泊が必要な時は、また利用しようと思います。  ","","","駅に近い場所で、周辺にコンビニや飲食店もあり便利な立地でした。 コスパも良かったです。 一つ気になったのは、部屋にはフロントと通話する電話がなく不便でした。（EV近くに１台電話がありました） 何かで宿泊が必要な時は、また利用しようと思います。  ","","","ロングヒッター333ヤード","","FALSE","楽天トラベル","4","2026-01-22","駅に近い場所で、周辺にコンビニや飲食店もあり便利な立地でした。 コスパも良かったです。 一つ気になったのは、部屋にはフロントと通話する電話がなく不便でした。（EV近くに１台電話がありました） 何かで宿泊が必要な時は、また利用しようと思います。  ","","","駅に近い場所で、周辺にコンビニや飲食店もあり便利な立地でした。 コスパも良かったです。 一つ気になったのは、部屋にはフロントと通話する電話がなく不便でした。（EV近くに１台電話がありました） 何かで宿泊が必要な時は、また利用しようと思います。  ","","","ロングヒッター333ヤード","",""
"","FALSE","Booking.com","4","2026-01-22","","駅から割と近い所","設備","","駅から割と近い所","装置","Shota","","FALSE","Booking.com","4","2026-01-22","","駅から割と近い所","設備","","駅から割と近い所","装置","Shota","",""
"","FALSE","Booking.com","8","2026-01-22","","部屋は明るく期待以上の清潔さだった","シャワールームが暗くイメージが悪いです。","","部屋は明るく期待以上の清潔さだった","シャワールームが暗くイメージが悪いです。","Nobuya","","FALSE","Booking.com","8","2026-01-22","","部屋は明るく期待以上の清潔さだった","シャワールームが暗くイメージが悪いです。","","部屋は明るく期待以上の清潔さだった","シャワールームが暗くイメージが悪いです。","Nobuya","",""
"","FALSE","Booking.com","8","2026-01-22","","落ち着いた雰囲気","ないです。","","落ち着いた雰囲気","ないです。","Kannaka","","FALSE","Booking.com","8","2026-01-22","","落ち着いた雰囲気","ないです。","","落ち着いた雰囲気","ないです。","Kannaka","",""
"","FALSE","Booking.com","8","2026-01-22","","","","","","","Dai","","FALSE","Booking.com","8","2026-01-22","","","","","","","Dai","",""
"","FALSE","Booking.com","7","2026-01-22","","","","","","","Takeshi","","FALSE","Booking.com","7","2026-01-22","","","","","","","Takeshi","",""
"","FALSE","Booking.com","7","2026-01-22","","","","","","","江下","","FALSE","Booking.com","7","2026-01-22","","","","","","","江下","",""
"","FALSE","Booking.com","4","2026-01-22","","","夜中に何度もドアをノックする人がいて気持ち悪かった","","","夜中に何度もドアをノックする人がいて気持ち悪かった","Chika","","FALSE","Booking.com","4","2026-01-22","","","夜中に何度もドアをノックする人がいて気持ち悪かった","","","夜中に何度もドアをノックする人がいて気持ち悪かった","Chika","",""
"","FALSE","Booking.com","10","2026-01-21","","","","","","","Miyu","","FALSE","Booking.com","10","2026-01-21","","","","","","","Miyu","",""
"","FALSE","Booking.com","8","2026-01-21","","緊急で部屋が取れた","とくにないですね。","","緊急で部屋が取れた","とくにないですね。","水島","","FALSE","Booking.com","8","2026-01-21","","緊急で部屋が取れた","とくにないですね。","","緊急で部屋が取れた","とくにないですね。","水島","",""
"","FALSE","Booking.com","9","2026-01-21","","","","","","","Haruka","","FALSE","Booking.com","9","2026-01-21","","","","","","","Haruka","",""
"","FALSE","じゃらん","3","2026-01-21","駅から近いのでおすすめ。  飲食店も周りに多く、困ることはないかと。  ただ他の方も口コミに書かれていたように、音が結構響く。  宿泊客のマナーがたまたま悪かったのか、そもそも壁が薄いのかはわからないが、2:00,3:00をすぎてもドタドタ聞こえた。  金額はかなり安く泊まれたので、それを考えればよしとしたいところだけど、もし客のマナーの問題ではなく、建物の壁の薄さの問題ならまた利用するかどうかは考えてしまう。","","","駅から近いのでおすすめ。  飲食店も周りに多く、困ることはないかと。  ただ他の方も口コミに書かれていたように、音が結構響く。  宿泊客のマナーがたまたま悪かったのか、そもそも壁が薄いのかはわからないが、2:00,3:00をすぎてもドタドタ聞こえた。  金額はかなり安く泊まれたので、それを考えればよしとしたいところだけど、もし客のマナーの問題ではなく、建物の壁の薄さの問題ならまた利用するかどうかは考えてしまう。","","","めぐみさん","","FALSE","じゃらん","3","2026-01-21","駅から近いのでおすすめ。  飲食店も周りに多く、困ることはないかと。  ただ他の方も口コミに書かれていたように、音が結構響く。  宿泊客のマナーがたまたま悪かったのか、そもそも壁が薄いのかはわからないが、2:00,3:00をすぎてもドタドタ聞こえた。  金額はかなり安く泊まれたので、それを考えればよしとしたいところだけど、もし客のマナーの問題ではなく、建物の壁の薄さの問題ならまた利用するかどうかは考えてしまう。","","","駅から近いのでおすすめ。  飲食店も周りに多く、困ることはないかと。  ただ他の方も口コミに書かれていたように、音が結構響く。  宿泊客のマナーがたまたま悪かったのか、そもそも壁が薄いのかはわからないが、2:00,3:00をすぎてもドタドタ聞こえた。  金額はかなり安く泊まれたので、それを考えればよしとしたいところだけど、もし客のマナーの問題ではなく、建物の壁の薄さの問題ならまた利用するかどうかは考えてしまう。","","","めぐみさん","",""
"","FALSE","じゃらん","4","2026-01-21","無料のコーヒーのボタンを押してもコーヒーがなかなか出てこないので、押せば出るんですよね？と聞いたら、そうですと返ってきただけだった。。。  結局強めに押したら出てきたけど。  エレベータに乗る時も、ごゆっくりお過ごしくださいませとか声をかけられることもあるけど、無言だったので冷たい感じがしました。  エアコンは昔ながらのやつで、調整は風量のみです。","","","無料のコーヒーのボタンを押してもコーヒーがなかなか出てこないので、押せば出るんですよね？と聞いたら、そうですと返ってきただけだった。。。  結局強めに押したら出てきたけど。  エレベータに乗る時も、ごゆっくりお過ごしくださいませとか声をかけられることもあるけど、無言だったので冷たい感じがしました。  エアコンは昔ながらのやつで、調整は風量のみです。","","","しまんちゅさん","","FALSE","じゃらん","4","2026-01-21","無料のコーヒーのボタンを押してもコーヒーがなかなか出てこないので、押せば出るんですよね？と聞いたら、そうですと返ってきただけだった。。。  結局強めに押したら出てきたけど。  エレベータに乗る時も、ごゆっくりお過ごしくださいませとか声をかけられることもあるけど、無言だったので冷たい感じがしました。  エアコンは昔ながらのやつで、調整は風量のみです。","","","無料のコーヒーのボタンを押してもコーヒーがなかなか出てこないので、押せば出るんですよね？と聞いたら、そうですと返ってきただけだった。。。  結局強めに押したら出てきたけど。  エレベータに乗る時も、ごゆっくりお過ごしくださいませとか声をかけられることもあるけど、無言だったので冷たい感じがしました。  エアコンは昔ながらのやつで、調整は風量のみです。","","","しまんちゅさん","",""
"","FALSE","じゃらん","2","2026-01-21","駅から近いのでおすすめ。  飲食店も周りに多く、困ることはないかと。  ただ他の方も口コミに書かれていたように、音が結構響く。  宿泊客のマナーがたまたま悪かったのか、そもそも壁が薄いのかはわからないが、2:00,3:00をすぎてもドタドタ聞こえた。  金額はかなり安く泊まれたので、それを考えればよしとしたいところだけど、もし客のマナーの問題ではなく、建物の壁の薄さの問題ならまた利用するかどうかは考えてしまう。","","","駅から近いのでおすすめ。  飲食店も周りに多く、困ることはないかと。  ただ他の方も口コミに書かれていたように、音が結構響く。  宿泊客のマナーがたまたま悪かったのか、そもそも壁が薄いのかはわからないが、2:00,3:00をすぎてもドタドタ聞こえた。  金額はかなり安く泊まれたので、それを考えればよしとしたいところだけど、もし客のマナーの問題ではなく、建物の壁の薄さの問題ならまた利用するかどうかは考えてしまう。","","","めぐみさん","","FALSE","じゃらん","2","2026-01-21","駅から近いのでおすすめ。  飲食店も周りに多く、困ることはないかと。  ただ他の方も口コミに書かれていたように、音が結構響く。  宿泊客のマナーがたまたま悪かったのか、そもそも壁が薄いのかはわからないが、2:00,3:00をすぎてもドタドタ聞こえた。  金額はかなり安く泊まれたので、それを考えればよしとしたいところだけど、もし客のマナーの問題ではなく、建物の壁の薄さの問題ならまた利用するかどうかは考えてしまう。","","","駅から近いのでおすすめ。  飲食店も周りに多く、困ることはないかと。  ただ他の方も口コミに書かれていたように、音が結構響く。  宿泊客のマナーがたまたま悪かったのか、そもそも壁が薄いのかはわからないが、2:00,3:00をすぎてもドタドタ聞こえた。  金額はかなり安く泊まれたので、それを考えればよしとしたいところだけど、もし客のマナーの問題ではなく、建物の壁の薄さの問題ならまた利用するかどうかは考えてしまう。","","","めぐみさん","",""
"","FALSE","Booking.com","6","2026-01-20","","新横浜からの近さ","建物が古いため汚れが目立つ","","新横浜からの近さ","建物が古いため汚れが目立つ","ひよし","","FALSE","Booking.com","6","2026-01-20","","新横浜からの近さ","建物が古いため汚れが目立つ","","新横浜からの近さ","建物が古いため汚れが目立つ","ひよし","",""
"","FALSE","Booking.com","8","2026-01-20","","","","","","","Kin","","FALSE","Booking.com","8","2026-01-20","","","","","","","Kin","",""
"","FALSE","Booking.com","5","2026-01-20","","","","","","","Masato","","FALSE","Booking.com","5","2026-01-20","","","","","","","Masato","",""
"","FALSE","Booking.com","7","2026-01-20","","部屋が広いことと、ベッドがゆったりできるサイズだったこと。","連泊だったのですが、使ったマグカップがそのままだったこと。","","部屋が広いことと、ベッドがゆったりできるサイズだったこと。","連泊だったのですが、使ったマグカップがそのままだったこと。","Midori","","FALSE","Booking.com","7","2026-01-20","","部屋が広いことと、ベッドがゆったりできるサイズだったこと。","連泊だったのですが、使ったマグカップがそのままだったこと。","","部屋が広いことと、ベッドがゆったりできるサイズだったこと。","連泊だったのですが、使ったマグカップがそのままだったこと。","Midori","",""
"","FALSE","じゃらん","4","2026-01-20","今回出張で宿泊をさせていただきました。部屋もかなり広い部屋で宿泊させていただき、かなり良いと感じました。","","","今回出張で宿泊をさせていただきました。部屋もかなり広い部屋で宿泊させていただき、かなり良いと感じました。","","","ひろとさん","","FALSE","じゃらん","4","2026-01-20","今回出張で宿泊をさせていただきました。部屋もかなり広い部屋で宿泊させていただき、かなり良いと感じました。","","","今回出張で宿泊をさせていただきました。部屋もかなり広い部屋で宿泊させていただき、かなり良いと感じました。","","","ひろとさん","",""
"","FALSE","じゃらん","5","2026-01-20","今回出張で宿泊をさせていただきました。部屋もかなり広い部屋で宿泊させていただき、かなり良いと感じました。","","","今回出張で宿泊をさせていただきました。部屋もかなり広い部屋で宿泊させていただき、かなり良いと感じました。","","","ひろとさん","","FALSE","じゃらん","5","2026-01-20","今回出張で宿泊をさせていただきました。部屋もかなり広い部屋で宿泊させていただき、かなり良いと感じました。","","","今回出張で宿泊をさせていただきました。部屋もかなり広い部屋で宿泊させていただき、かなり良いと感じました。","","","ひろとさん","",""
"","FALSE","Booking.com","8","2026-01-19","","","","","","","Tomoko","","FALSE","Booking.com","8","2026-01-19","","","","","","","Tomoko","",""
"","FALSE","Booking.com","7","2026-01-19","","","","","","","Mao","","FALSE","Booking.com","7","2026-01-19","","","","","","","Mao","",""
"","FALSE","Booking.com","10","2026-01-19","","","","","","","Tazuko","","FALSE","Booking.com","10","2026-01-19","","","","","","","Tazuko","",""
"","FALSE","Booking.com","6","2026-01-19","","新横浜駅から徒歩で数分なので非常に利便が良いです。また、付にローソンとファミマが有り必要な物も揃えやすかったです。","お風呂にあるシャンプー、リンス、ボディソープは髪や肌がガサガサになるのでオススメしません。 持参するか、新横浜駅にある薬局で旅行タイプの物を購入して使用されるのが良いです。","","新横浜駅から徒歩で数分なので非常に利便が良いです。また、付にローソンとファミマが有り必要な物も揃えやすかったです。","お風呂にあるシャンプー、リンス、ボディソープは髪や肌がガサガサになるのでオススメしません。 持参するか、新横浜駅にある薬局で旅行タイプの物を購入して使用されるのが良いです。","Yuto","","FALSE","Booking.com","6","2026-01-19","","新横浜駅から徒歩で数分なので非常に利便が良いです。また、付にローソンとファミマが有り必要な物も揃えやすかったです。","お風呂にあるシャンプー、リンス、ボディソープは髪や肌がガサガサになるのでオススメしません。 持参するか、新横浜駅にある薬局で旅行タイプの物を購入して使用されるのが良いです。","","新横浜駅から徒歩で数分なので非常に利便が良いです。また、付にローソンとファミマが有り必要な物も揃えやすかったです。","お風呂にあるシャンプー、リンス、ボディソープは髪や肌がガサガサになるのでオススメしません。 持参するか、新横浜駅にある薬局で旅行タイプの物を購入して使用されるのが良いです。","Yuto","",""
"","FALSE","Booking.com","6","2026-01-19","","","部屋に内線電話がない！　","","","部屋に内線電話がない！　","Yosihiko","","FALSE","Booking.com","6","2026-01-19","","","部屋に内線電話がない！　","","","部屋に内線電話がない！　","Yosihiko","",""
"","FALSE","Booking.com","6","2026-01-19","","余計なものがない、ベッドは清潔感がありました","大浴場などがない","","余計なものがない、ベッドは清潔感がありました","大浴場などがない","Takaki","","FALSE","Booking.com","6","2026-01-19","","余計なものがない、ベッドは清潔感がありました","大浴場などがない","","余計なものがない、ベッドは清潔感がありました","大浴場などがない","Takaki","",""
"","FALSE","Booking.com","7","2026-01-19","","","","","","","Rino","","FALSE","Booking.com","7","2026-01-19","","","","","","","Rino","",""
"","FALSE","Google","4","2026-01-19","アリーナの帰りに宿泊させていただきました。 駅も会場も近いです。 チェックインの際のスタッフの対応も丁寧に対応なされていました。 部屋もきれいで、シャワーも大丈夫です。 電子レンジあり。 フロントに自由に飲めるコーヒーが置いてたり、アメニティは選べるようになってます。 一つ残念な店は空調で、調整が難しかったです。","","","アリーナの帰りに宿泊させていただきました。 駅も会場も近いです。 チェックインの際のスタッフの対応も丁寧に対応なされていました。 部屋もきれいで、シャワーも大丈夫です。 電子レンジあり。 フロントに自由に飲めるコーヒーが置いてたり、アメニティは選べるようになってます。 一つ残念な店は空調で、調整が難しかったです。","","","ごま","","FALSE","Google","4","2026-01-19","アリーナの帰りに宿泊させていただきました。 駅も会場も近いです。 チェックインの際のスタッフの対応も丁寧に対応なされていました。 部屋もきれいで、シャワーも大丈夫です。 電子レンジあり。 フロントに自由に飲めるコーヒーが置いてたり、アメニティは選べるようになってます。 一つ残念な店は空調で、調整が難しかったです。","","","アリーナの帰りに宿泊させていただきました。 駅も会場も近いです。 チェックインの際のスタッフの対応も丁寧に対応なされていました。 部屋もきれいで、シャワーも大丈夫です。 電子レンジあり。 フロントに自由に飲めるコーヒーが置いてたり、アメニティは選べるようになってます。 一つ残念な店は空調で、調整が難しかったです。","","","ごま","",""
"","FALSE","じゃらん","3","2026-01-19","今回、出張で3泊利用させていただきました。  お部屋の清掃は無しにしましたが、タオル類は、毎回フロントに取りに行かないといけないのが面倒でした。  せっかく、エレベータは1階から直接部屋まで行けるのに、わざわざフロントに寄らないといけなかったです。  他のホテルだと、ドアノブに掛けていただいたりするので、便利なのですが、特に、今回はフロントの方がいらっしゃる時間に戻って来れましたが、もし、いらっしゃらない時間だとタオル類はいただけなったのかと思うと、やはり不便です。","","","今回、出張で3泊利用させていただきました。  お部屋の清掃は無しにしましたが、タオル類は、毎回フロントに取りに行かないといけないのが面倒でした。  せっかく、エレベータは1階から直接部屋まで行けるのに、わざわざフロントに寄らないといけなかったです。  他のホテルだと、ドアノブに掛けていただいたりするので、便利なのですが、特に、今回はフロントの方がいらっしゃる時間に戻って来れましたが、もし、いらっしゃらない時間だとタオル類はいただけなったのかと思うと、やはり不便です。","","","Nyokoさん","","FALSE","じゃらん","3","2026-01-19","今回、出張で3泊利用させていただきました。  お部屋の清掃は無しにしましたが、タオル類は、毎回フロントに取りに行かないといけないのが面倒でした。  せっかく、エレベータは1階から直接部屋まで行けるのに、わざわざフロントに寄らないといけなかったです。  他のホテルだと、ドアノブに掛けていただいたりするので、便利なのですが、特に、今回はフロントの方がいらっしゃる時間に戻って来れましたが、もし、いらっしゃらない時間だとタオル類はいただけなったのかと思うと、やはり不便です。","","","今回、出張で3泊利用させていただきました。  お部屋の清掃は無しにしましたが、タオル類は、毎回フロントに取りに行かないといけないのが面倒でした。  せっかく、エレベータは1階から直接部屋まで行けるのに、わざわざフロントに寄らないといけなかったです。  他のホテルだと、ドアノブに掛けていただいたりするので、便利なのですが、特に、今回はフロントの方がいらっしゃる時間に戻って来れましたが、もし、いらっしゃらない時間だとタオル類はいただけなったのかと思うと、やはり不便です。","","","Nyokoさん","",""
"","FALSE","Booking.com","2","2026-01-18","","フロントの対応は、親切であった印象。  コーヒーメイカー時間がかかり行列！香のよいところが、救われました。ありがとう。","1）洗面台の取り付けが、外れていた。  外観も台座が外れていて、ひどい状態であった。チェックインが遅くなったので、修理は、無理であろうと判断。  文句を言う気も起こらず。  2）便器ぼ、蓋とずれており。これで、高い料金を取るのか？と疑いたくなった。紹介してくれた友人には、写真を見せておきました。","","フロントの対応は、親切であった印象。  コーヒーメイカー時間がかかり行列！香のよいところが、救われました。ありがとう。","1）洗面台の取り付けが、外れていた。  外観も台座が外れていて、ひどい状態であった。チェックインが遅くなったので、修理は、無理であろうと判断。  文句を言う気も起こらず。  2）便器ぼ、蓋とずれており。これで、高い料金を取るのか？と疑いたくなった。紹介してくれた友人には、写真を見せておきました。","Kaneda","","FALSE","Booking.com","2","2026-01-18","","フロントの対応は、親切であった印象。  コーヒーメイカー時間がかかり行列！香のよいところが、救われました。ありがとう。","1）洗面台の取り付けが、外れていた。  外観も台座が外れていて、ひどい状態であった。チェックインが遅くなったので、修理は、無理であろうと判断。  文句を言う気も起こらず。  2）便器ぼ、蓋とずれており。これで、高い料金を取るのか？と疑いたくなった。紹介してくれた友人には、写真を見せておきました。","","フロントの対応は、親切であった印象。  コーヒーメイカー時間がかかり行列！香のよいところが、救われました。ありがとう。","1）洗面台の取り付けが、外れていた。  外観も台座が外れていて、ひどい状態であった。チェックインが遅くなったので、修理は、無理であろうと判断。  文句を言う気も起こらず。  2）便器ぼ、蓋とずれており。これで、高い料金を取るのか？と疑いたくなった。紹介してくれた友人には、写真を見せておきました。","Kaneda","",""
"","FALSE","Booking.com","5","2025-12-31","","駅から近い","壁が薄いのか少し騒音が気になりました","","駅から近い","壁が薄いのか少し騒音が気になりました","Satomi","","","","","","","","","","","","","",""
"","FALSE","じゃらん","4","2025-12-31","アスリートの方が食べているようで、無添加とか色々こだわりがあるようで大変美味しく、ついつい食べ過ぎました。フロントスタッフの方は外国の方でしたか、日本語もうまく、とても親切に対応していただきました。","","","アスリートの方が食べているようで、無添加とか色々こだわりがあるようで大変美味しく、ついつい食べ過ぎました。フロントスタッフの方は外国の方でしたか、日本語もうまく、とても親切に対応していただきました。","","","じゅんちゃんさん","","","","","","","","","","","","","",""
"","FALSE","じゃらん","3","2025-12-31","アスリートの方が食べているようで、無添加とか色々こだわりがあるようで大変美味しく、ついつい食べ過ぎました。フロントスタッフの方は外国の方でしたか、日本語もうまく、とても親切に対応していただきました。","","","アスリートの方が食べているようで、無添加とか色々こだわりがあるようで大変美味しく、ついつい食べ過ぎました。フロントスタッフの方は外国の方でしたか、日本語もうまく、とても親切に対応していただきました。","","","じゅんちゃんさん","","","","","","","","","","","","","",""
"","FALSE","楽天トラベル","5","2025-12-30","朝食がとっても美味しくて大感激でした！ ベッドも快適で安眠できました。 接客も大満足！快適な時間をありがとうございました。 また横浜に来るときは、利用させていただきたいと思います。","","","朝食がとっても美味しくて大感激でした！ ベッドも快適で安眠できました。 接客も大満足！快適な時間をありがとうございました。 また横浜に来るときは、利用させていただきたいと思います。","","","かよ、かよ","","","","","","","","","","","","","",""
"","FALSE","Booking.com","8","2025-12-30","","always staying there. no surprises. i like the location and the easiness of the lobby.","i got one key for one room.","","いつもそこに泊まっています。特に驚くようなことはありません。立地もロビーの使いやすさも気に入っています。","私は1部屋分の鍵を1つ持っています。","Julien","","","","","","","","","","","","","",""
"","FALSE","Booking.com","7","2025-12-30","","","","","","","Yuta","","","","","","","","","","","","","",""
"","FALSE","Booking.com","9","2025-12-30","","","","","","","Yuki","","","","","","","","","","","","","",""
"","FALSE","Google","3","2025-12-30","","","","","","","今村良平","","","","","","","","","","","","","",""
"","FALSE","Booking.com","7","2025-12-29","","","","","","","Haryono","","","","","","","","","","","","","",""
"","FALSE","Booking.com","8","2025-12-29","","","","","","","Yuta","","","","","","","","","","","","","",""
"","FALSE","Booking.com","8","2025-12-29","","","","","","","Nao","","","","","","","","","","","","","",""
"","FALSE","Booking.com","7","2025-12-29","","","","","","","Natsumi","","","","","","","","","","","","","",""
"","FALSE","Booking.com","7","2025-12-29","","設備の古さはあるが、清潔に掃除がされていた。お湯の出が良い。ベットメイクの外国人の従業員とすれ違ったが笑顔で挨拶をしてくれて、良く教育されていると感じた。","特にない。","","設備の古さはあるが、清潔に掃除がされていた。お湯の出が良い。ベットメイクの外国人の従業員とすれ違ったが笑顔で挨拶をしてくれて、良く教育されていると感じた。","特にない。","Hideaki","","","","","","","","","","","","","",""
"","FALSE","Booking.com","7","2025-12-29","","朝ごはんが美味しかった","スマホの充電設備がコンセントしかなかったので、USBジャックが欲しかった","","朝ごはんが美味しかった","スマホの充電設備がコンセントしかなかったので、USBジャックが欲しかった","Namiko","","","","","","","","","","","","","",""
"","FALSE","Booking.com","7","2025-12-29","","清潔だった。フロントの対応がよかった。","シャワーのベッドを変えた方が良い。","","清潔だった。フロントの対応がよかった。","シャワーのベッドを変えた方が良い。","甲斐","","","","","","","","","","","","","",""
"","FALSE","Booking.com","8","2025-12-29","","","","","","","Horie","","","","","","","","","","","","","",""
"","FALSE","Booking.com","5","2025-12-29","","Room size was good","","","部屋の広さは良かった","","Karimulla","","","","","","","","","","","","","",""
"","FALSE","Google","3","2025-12-29","室内は若干古さは否めないけど、チェックイン、アウトは楽だし、フロントの方もちゃんとしてる感じ。 室内も綺麗なので、値段的にちょうど良い感じでした。 バスの混合栓じゃないタイプだったりはしょうがないかとはおもいますが、駅から徒歩圏内ですし飲食店もこの辺りにありますので、困ることはあまりないかと。 コンビニも近い。 壁は薄めなのと自分の部屋は入口すぐ横のクローゼット使いづらい感じかなと感じました。","","","室内は若干古さは否めないけど、チェックイン、アウトは楽だし、フロントの方もちゃんとしてる感じ。 室内も綺麗なので、値段的にちょうど良い感じでした。 バスの混合栓じゃないタイプだったりはしょうがないかとはおもいますが、駅から徒歩圏内ですし飲食店もこの辺りにありますので、困ることはあまりないかと。 コンビニも近い。 壁は薄めなのと自分の部屋は入口すぐ横のクローゼット使いづらい感じかなと感じました。","","","かき（いでくす）","","","","","","","","","","","","","",""
"","FALSE","じゃらん","4","2025-12-29","駅そばでコスパも良く。ウェルカムドリンクもあるし、何よりチェックアウトが楽で朝早い方はオススメでした。","","","駅そばでコスパも良く。ウェルカムドリンクもあるし、何よりチェックアウトが楽で朝早い方はオススメでした。","","","マッキーさん","","","","","","","","","","","","","",""
"","FALSE","Trip.com","9","2025-12-28","とても親切でした。服のほつれが見つかり、裁縫セットを借りようとしたらくださいました。ハサミもお借りでき、解決しました。感じのいいフロントマンばかりでした。","","","とても親切でした。服のほつれが見つかり、裁縫セットを借りようとしたらくださいました。ハサミもお借りでき、解決しました。感じのいいフロントマンばかりでした。","","","ゲ‍ス‍ト","","","","","","","","","","","","","",""
"","FALSE","Booking.com","10","2025-12-28","","","","","","","聡子","","","","","","","","","","","","","",""
"","FALSE","Booking.com","7","2025-12-28","","対応もよかったです。","","","対応もよかったです。","","Sigetaka","","","","","","","","","","","","","",""
"","FALSE","Booking.com","5","2025-12-28","","スタッフの対応は、良かったです。","部屋の温度設定が暑かった。","","スタッフの対応は、良かったです。","部屋の温度設定が暑かった。","Mitsue","","","","","","","","","","","","","",""
"","FALSE","Booking.com","8","2025-12-28","","思った以上にお部屋が荷物を置くスペースがありました。  フロントの外国人の方々の対応が丁寧でとても感じが良かったです。また日本人のフロントの方も控えてくださったので安心しました。","電気ケトルがお部屋にあったら便利だなと思いました。","","思った以上にお部屋が荷物を置くスペースがありました。  フロントの外国人の方々の対応が丁寧でとても感じが良かったです。また日本人のフロントの方も控えてくださったので安心しました。","電気ケトルがお部屋にあったら便利だなと思いました。","海老原","","","","","","","","","","","","","",""
"","FALSE","Booking.com","10","2025-12-27","","","","","","","Kyoko","","","","","","","","","","","","","",""
"","FALSE","Booking.com","5","2025-12-27","","","","","","","Chung","","","","","","","","","","","","","",""
"","FALSE","Booking.com","9","2025-12-27","","","","","","","Tsukasa","","","","","","","","","","","","","",""
"","FALSE","Booking.com","8","2025-12-26","","外国人のスタッフさんがみんなとても丁寧で優しく対応してくださり気持ちが良かった。分からないことを聞いても嫌な顔せず分かりやすく教えていただき助かった。 チェックイン前、チェックアウト後の荷物預かりがあったのでロッカーを探さずに行動できたのでありがたかった。","トイレに知らない人の毛が落ちていて少し気持ちが悪かった。","","外国人のスタッフさんがみんなとても丁寧で優しく対応してくださり気持ちが良かった。分からないことを聞いても嫌な顔せず分かりやすく教えていただき助かった。 チェックイン前、チェックアウト後の荷物預かりがあったのでロッカーを探さずに行動できたのでありがたかった。","トイレに知らない人の毛が落ちていて少し気持ちが悪かった。","Mana","","","","","","","","","","","","","",""
"","FALSE","Booking.com","8","2025-12-26","","","","","","","Nicolle","","","","","","","","","","","","","",""
"","FALSE","Trip.com","9","2025-12-25","スタッフの対応も良くお部屋も綺麗でアメニティもいろいろあってとても良かったです。エレベーター近くの部屋要望も対応していただきまた次回もこのホテルを利用したいと思います。","","","スタッフの対応も良くお部屋も綺麗でアメニティもいろいろあってとても良かったです。エレベーター近くの部屋要望も対応していただきまた次回もこのホテルを利用したいと思います。","","","ゲ‍ス‍ト","","","","","","","","","","","","","",""
"","FALSE","Booking.com","10","2025-12-25","","","","","","","Arman","","","","","","","","","","","","","",""
"","FALSE","Booking.com","4","2025-12-25","","領収書をお願いして いたのを私が忘れてしまって そしたら 階段で降りて来て 持って来てくれました","フロントの方が他国の人で 言葉がぁ…ちょと聞き取りずらかった…そして 深夜2時を過ぎても…部屋の音が響いてたり 廊下の音が気になりましたね ちょと う～んて感じでした！宿泊費が安かったので利用したのですがぁ…ちょと残念でした","","領収書をお願いして いたのを私が忘れてしまって そしたら 階段で降りて来て 持って来てくれました","フロントの方が他国の人で 言葉がぁ…ちょと聞き取りずらかった…そして 深夜2時を過ぎても…部屋の音が響いてたり 廊下の音が気になりましたね ちょと う～んて感じでした！宿泊費が安かったので利用したのですがぁ…ちょと残念でした","Usui","","","","","","","","","","","","","",""
"","FALSE","Google","1","2025-12-25","エアコンが無く、冬なのにも関わらずめちゃめちゃ暑くて一睡もできませんでした。シャワーや水道も温度調節が難しいタイプでした。電気のスイッチのところに焦げたような跡があり、不衛生でした。もう行きたくないです。","","","エアコンが無く、冬なのにも関わらずめちゃめちゃ暑くて一睡もできませんでした。シャワーや水道も温度調節が難しいタイプでした。電気のスイッチのところに焦げたような跡があり、不衛生でした。もう行きたくないです。","","","まつもと","","","","","","","","","","","","","",""
"","FALSE","Booking.com","5","2025-12-24","","","","","","","Katsumi","","","","","","","","","","","","","",""
"","FALSE","Booking.com","4","2025-12-24","","清潔でした。","空調設備がイマイチでした。 とても暑く窓を開けて寝ました。","","清潔でした。","空調設備がイマイチでした。 とても暑く窓を開けて寝ました。","Kyoko","","","","","","","","","","","","","",""
"","FALSE","Booking.com","10","2025-12-24","","","","","","","Masaru","","","","","","","","","","","","","",""
"","FALSE","Booking.com","7","2025-12-24","","料金が安い","室温の調節が難しい サーモ水栓ではないので湯温の調節に手間取った 椅子が引き出せなかった","","料金が安い","室温の調節が難しい サーモ水栓ではないので湯温の調節に手間取った 椅子が引き出せなかった","Atsuko","","","","","","","","","","","","","",""
"","FALSE","Booking.com","10","2025-12-23","","チェックイン受付の階に入ると 優しい気持ちの良い案内と雰囲気がとてもほっとしました。 朝ごはんが大変美味しかったです。冷凍食品がひとつもなかったです。1品全て手作りでした。 またぜひ宿泊したいです。","特にないです。","","チェックイン受付の階に入ると 優しい気持ちの良い案内と雰囲気がとてもほっとしました。 朝ごはんが大変美味しかったです。冷凍食品がひとつもなかったです。1品全て手作りでした。 またぜひ宿泊したいです。","特にないです。","Maki","","","","","","","","","","","","","",""
"","FALSE","Booking.com","9","2025-12-23","","遅いチェックインになりましたが、しっかり対応して頂きました。","","","遅いチェックインになりましたが、しっかり対応して頂きました。","","守","","","","","","","","","","","","","",""
"","FALSE","Booking.com","8","2025-12-23","","","","","","","Hase","","","","","","","","","","","","","",""
"","FALSE","Booking.com","5","2025-12-23","","","","","","","Mamimo","","","","","","","","","","","","","",""
"","FALSE","Booking.com","3","2025-12-23","","値段","空調","","値段","エアコン","Kato","","","","","","","","","","","","","",""
"","FALSE","Booking.com","7","2025-12-22","","","","","","","Kiyomi","","","","","","","","","","","","","",""
"","FALSE","Booking.com","9","2025-12-22","","","","","","","Hiromi","","","","","","","","","","","","","",""
"","FALSE","Booking.com","10","2025-12-22","","朝食でだんご汁が食べられて、どこかお店で食べたいなと思っていたから、味見程度に食べられて良かった","特になし","","朝食でだんご汁が食べられて、どこかお店で食べたいなと思っていたから、味見程度に食べられて良かった","特になし","","","","","","","","","","","","","","",""
"","FALSE","Booking.com","7","2025-12-22","","","","","","","山浦","","","","","","","","","","","","","",""
"","FALSE","Booking.com","8","2025-12-22","","駅近なのにとてもリーズナブル","設備が少し旧式","","駅近なのにとてもリーズナブル","設備が少し旧式","Tatsuya","","","","","","","","","","","","","",""
"","FALSE","Booking.com","7","2025-12-22","","新横浜駅から近く、コンビニもたくさんあるので便利 タオルなど清潔に感じた コーヒー紅茶などいつでも頂けて有難い    ペットボトルに水も補充させて頂きました","お湯の適温になるまで調節に時間がかかり、どうしても出したままになるので勿体ないと思った バスが少し下水の匂いがした すごく気になる訳ではない  部屋がとても暖かくなっていて有難いが、途中暑くなり窓を開けた これも個人差があると思う","","新横浜駅から近く、コンビニもたくさんあるので便利 タオルなど清潔に感じた コーヒー紅茶などいつでも頂けて有難い    ペットボトルに水も補充させて頂きました","お湯の適温になるまで調節に時間がかかり、どうしても出したままになるので勿体ないと思った バスが少し下水の匂いがした すごく気になる訳ではない  部屋がとても暖かくなっていて有難いが、途中暑くなり窓を開けた これも個人差があると思う","Etsuko","","","","","","","","","","","","","",""
"","FALSE","Booking.com","8","2025-12-22","","最低限のアメニティは揃っているし値段を考えれば良いホテル","USBタイプの充電ポートがあれば良かった","","最低限のアメニティは揃っているし値段を考えれば良いホテル","USBタイプの充電ポートがあれば良かった","Rio","","","","","","","","","","","","","",""
"","FALSE","Booking.com","5","2025-12-22","","値段が安くて良かった","設備が古かった","","値段が安くて良かった","設備が古かった","Shigeki","","","","","","","","","","","","","",""
"","FALSE","じゃらん","4","2025-12-22","以前も利用したんですが、やはり駅から歩いて近いのも有りますし、急な泊まりだったのでゆっくりな時間を過ごせて良かったです。","","","以前も利用したんですが、やはり駅から歩いて近いのも有りますし、急な泊まりだったのでゆっくりな時間を過ごせて良かったです。","","","雪だるまさん","","","","","","","","","","","","","",""
"","FALSE","Booking.com","6","2025-12-21","","","","","","","Keiji","","","","","","","","","","","","","",""
"","FALSE","Booking.com","6","2025-12-21","","早期に予約したのでかなりコスパが良かった事。 駅近。 朝食を当日付け、そんなに期待はしてなかったがメニューも豊富で味も良かった。普通大概の朝食バイキングはしょっぱいけどどれもちょうどいい味付けで美味しかった。 この朝食をまた食べたいから再度利用したいと思えるくらい。","朝部屋の近くでハウスキーパーの方のおしゃべりの声が結構大きかった。自分は起きてたからいいけど、寝てる神経質な人は起きちゃうかなと。 一人の方の声がほとんどだったからもしかして同僚に指導しながらかも？と思った。 まだ寝てる方もいるのでそこは配慮すべきだと思います。","","早期に予約したのでかなりコスパが良かった事。 駅近。 朝食を当日付け、そんなに期待はしてなかったがメニューも豊富で味も良かった。普通大概の朝食バイキングはしょっぱいけどどれもちょうどいい味付けで美味しかった。 この朝食をまた食べたいから再度利用したいと思えるくらい。","朝部屋の近くでハウスキーパーの方のおしゃべりの声が結構大きかった。自分は起きてたからいいけど、寝てる神経質な人は起きちゃうかなと。 一人の方の声がほとんどだったからもしかして同僚に指導しながらかも？と思った。 まだ寝てる方もいるのでそこは配慮すべきだと思います。","Michie","","","","","","","","","","","","","",""
"","FALSE","Booking.com","5","2025-12-21","","チェックアウトが10時な事","壁に汚れがあった事と角部屋の為かベットと机の間が狭くて椅子が出せず機能しない。 コーヒー等は部屋に用意して欲しい。","","チェックアウトが10時な事","壁に汚れがあった事と角部屋の為かベットと机の間が狭くて椅子が出せず機能しない。 コーヒー等は部屋に用意して欲しい。","Maki","","","","","","","","","","","","","",""
"","FALSE","Booking.com","7","2025-12-21","","チェックアウト時ルームキーが紛失してしまいましたが、直ぐ部屋を探して下さりベッドの下に落ちていたとの事で、たすかりました。","","","チェックアウト時ルームキーが紛失してしまいましたが、直ぐ部屋を探して下さりベッドの下に落ちていたとの事で、たすかりました。","","さゆみ","","","","","","","","","","","","","",""
"","FALSE","Booking.com","5","2025-12-20","","","","","","","Tamoru","","","","","","","","","","","","","",""
"","FALSE","Booking.com","5","2025-12-20","","","","","","","白石","","","","","","","","","","","","","",""
"","FALSE","Booking.com","10","2025-12-19","","","","","","","朋博","","","","","","","","","","","","","",""
"","FALSE","楽天トラベル","3","2025-12-19","駅から近くて良かったです。 壁が薄いのか周りの声がすごく聞こえます。","","","駅から近くて良かったです。 壁が薄いのか周りの声がすごく聞こえます。","","","れなち12","","","","","","","","","","","","","",""
"","FALSE","Google","2","2025-12-18","ライブで利用しました。ダブルルームで 2名利用でしたが、荷物を置く場所も無く 椅子も1つしかなくて、とても不便でした。 お風呂も古く、便器？か洗面台？からは プラスチックの焼けたような匂いがして 臭かったです。机とベッドの間が狭く 2人での利用は、とても不便でした。 浴槽に、他の人の髪の毛が…  あと、前の人の食べこぼし？お菓子みたいなものが落ちていました。清掃はきちんとして欲しいです。  1泊2万以上だったので、値段に見合って いないと思いました。 これなら以前泊まったダイワロイネットホテル の方が広く綺麗で値段も変わらないので そちらの方が良かったと思いました。","","","ライブで利用しました。ダブルルームで 2名利用でしたが、荷物を置く場所も無く 椅子も1つしかなくて、とても不便でした。 お風呂も古く、便器？か洗面台？からは プラスチックの焼けたような匂いがして 臭かったです。机とベッドの間が狭く 2人での利用は、とても不便でした。 浴槽に、他の人の髪の毛が…  あと、前の人の食べこぼし？お菓子みたいなものが落ちていました。清掃はきちんとして欲しいです。  1泊2万以上だったので、値段に見合って いないと思いました。 これなら以前泊まったダイワロイネットホテル の方が広く綺麗で値段も変わらないので そちらの方が良かったと思いました。","","","ひのき","","","","","","","","","","","","","",""
"","FALSE","楽天トラベル","4","2025-12-18","新横浜駅から近くで良い。","","","新横浜駅から近くで良い。","","","タケサン0444","","","","","","","","","","","","","",""
"","FALSE","Booking.com","8","2025-12-18","","","","","","","Kasumi","","","","","","","","","","","","","",""
"","FALSE","Booking.com","8","2025-12-18","","","","","","","Shinya","","","","","","","","","","","","","",""
"","FALSE","楽天トラベル","4","2025-12-18","新横浜駅から近くて便利です。又泊まりたいと思える快適さでした。","","","新横浜駅から近くて便利です。又泊まりたいと思える快適さでした。","","","娘と旅行好き","","","","","","","","","","","","","",""
"","FALSE","じゃらん","4","2025-12-17","ライブの遠征で娘と宿泊、4回目になります。ベッドが広く、椅子も2脚あり部屋でゆっくり買ってきたものを食べることもできます。残念なのはお風呂の蛇口が硬く温度調整が難しかったです。 新横浜の常宿です！","","","ライブの遠征で娘と宿泊、4回目になります。ベッドが広く、椅子も2脚あり部屋でゆっくり買ってきたものを食べることもできます。残念なのはお風呂の蛇口が硬く温度調整が難しかったです。 新横浜の常宿です！","","","そらちゃんさん","","","","","","","","","","","","","",""
"","FALSE","Booking.com","8","2025-12-16","","","","","","","前山","","","","","","","","","","","","","",""
"","FALSE","Booking.com","8","2025-12-16","","","","","","","Ryuichi","","","","","","","","","","","","","",""
"","FALSE","Booking.com","4","2025-12-16","","宿泊費が安かった所と新横浜駅から近かった所が良かった","全体的に部屋が汚い（清掃は行き届いていた）  ひげ剃りがなかった  一人での宿泊と伝えていた。浴衣二着は不要。  部屋の照明スイッチがベッドサイドは分かりにくい。チェックイン時に伝えて欲しかった。","","宿泊費が安かった所と新横浜駅から近かった所が良かった","全体的に部屋が汚い（清掃は行き届いていた）  ひげ剃りがなかった  一人での宿泊と伝えていた。浴衣二着は不要。  部屋の照明スイッチがベッドサイドは分かりにくい。チェックイン時に伝えて欲しかった。","Msakazu","","","","","","","","","","","","","",""
"","FALSE","Booking.com","8","2025-12-16","","","","","","","Shoko","","","","","","","","","","","","","",""
"","FALSE","Booking.com","5","2025-12-16","","","","","","","Jun","","","","","","","","","","","","","",""
"","FALSE","Google","1","2025-12-16","出張で連泊させていただきました。 中々ショッキングだったので共有します。  ❶水周りがカビまみれ シャワーの持ち手やカーテンが中々にざんねんな有様です。特にシャワーの持ち手は私たちが手にする範疇にも関わらずかなり黒い。ショックでした。  ❷浴室の照明がかなり暗い シンプルに暗くて不便でした (浴室のタオルに毛も着いていた)  ❸部屋の机が驚くほど汚れていた 人の指紋やベタベタが残っていたので自分で拭きました  今回は仕事ということもあったのでグッと耐えましたが、プライベートで来るのはやめておこうと思います","","","出張で連泊させていただきました。 中々ショッキングだったので共有します。  ❶水周りがカビまみれ シャワーの持ち手やカーテンが中々にざんねんな有様です。特にシャワーの持ち手は私たちが手にする範疇にも関わらずかなり黒い。ショックでした。  ❷浴室の照明がかなり暗い シンプルに暗くて不便でした (浴室のタオルに毛も着いていた)  ❸部屋の机が驚くほど汚れていた 人の指紋やベタベタが残っていたので自分で拭きました  今回は仕事ということもあったのでグッと耐えましたが、プライベートで来るのはやめておこうと思います","","","ちゃむ","","","","","","","","","","","","","",""
"","FALSE","Booking.com","4","2025-12-15","","ドリンクバーで好きな飲み物を持っていけたのと、アメニティも自分で選んで必要分貰えたので良かった。","部屋についてのご案内などが基本的になくて残念だった。部屋の引き出しやテーブルの上に【 当ホテルについて】などの物が置いてあると嬉しい。土日なので部屋が埋まってるかと思い問い合わせしませんでしたがトイレが全然使えなくてちょっと大変でした。流れないわけではないけど30秒くらいはずっと洗浄レバー(大)を押し続けないと何も流れてくれない流れたと思ってもトイレットペーパーがふわーと浮いて流れてない… せめて一言トイレについてフロントで教えて欲しかった…他の部屋も同じだったのだろうか… 無料のものを借りたくてフロントに連絡しようとしたら部屋の中に受話器なしでわざわざフロントまで行きましたが、あとからエレベーター横に受話器あるのに気づきました…それも教えて欲しかったかなぁ 何度も利用してる方は勝手がわかってるかと思いますが、あまりホテルを利用したことがない人には優しくないなと思いました。 空気清浄も両手に抱えて自分で部屋まで持っていくことになったのはフロントに直接行ったからなのかな代車とか貸してもらえたら運びやすかったけど抱えて部屋まで運ぶのはちょっと大変だったかも…これは自分で聞かなかったのが悪いかな","","ドリンクバーで好きな飲み物を持っていけたのと、アメニティも自分で選んで必要分貰えたので良かった。","部屋についてのご案内などが基本的になくて残念だった。部屋の引き出しやテーブルの上に【 当ホテルについて】などの物が置いてあると嬉しい。土日なので部屋が埋まってるかと思い問い合わせしませんでしたがトイレが全然使えなくてちょっと大変でした。流れないわけではないけど30秒くらいはずっと洗浄レバー(大)を押し続けないと何も流れてくれない流れたと思ってもトイレットペーパーがふわーと浮いて流れてない… せめて一言トイレについてフロントで教えて欲しかった…他の部屋も同じだったのだろうか… 無料のものを借りたくてフロントに連絡しようとしたら部屋の中に受話器なしでわざわざフロントまで行きましたが、あとからエレベーター横に受話器あるのに気づきました…それも教えて欲しかったかなぁ 何度も利用してる方は勝手がわかってるかと思いますが、あまりホテルを利用したことがない人には優しくないなと思いました。 空気清浄も両手に抱えて自分で部屋まで持っていくことになったのはフロントに直接行ったからなのかな代車とか貸してもらえたら運びやすかったけど抱えて部屋まで運ぶのはちょっと大変だったかも…これは自分で聞かなかったのが悪いかな","サザ","","","","","","","","","","","","","",""
"","FALSE","Booking.com","3","2025-12-15","","","","","","","Honda","","","","","","","","","","","","","",""
"","FALSE","Booking.com","9","2025-12-15","","アクセス良好、時間帯を問わず徒歩5分圏内にほぼなんでもある","製氷機が故障で使えなかった、電子レンジの数が少ない","","アクセス良好、時間帯を問わず徒歩5分圏内にほぼなんでもある","製氷機が故障で使えなかった、電子レンジの数が少ない","Kohei","","","","","","","","","","","","","",""
"","","","","","","","","","","","","","FALSE","Booking.com","5","2025-12-31","","駅から近い","壁が薄いのか少し騒音が気になりました","","駅から近い","壁が薄いのか少し騒音が気になりました","Satomi","",""
"","","","","","","","","","","","","","FALSE","じゃらん","4","2025-12-31","アスリートの方が食べているようで、無添加とか色々こだわりがあるようで大変美味しく、ついつい食べ過ぎました。フロントスタッフの方は外国の方でしたか、日本語もうまく、とても親切に対応していただきました。","","","アスリートの方が食べているようで、無添加とか色々こだわりがあるようで大変美味しく、ついつい食べ過ぎました。フロントスタッフの方は外国の方でしたか、日本語もうまく、とても親切に対応していただきました。","","","じゅんちゃんさん","",""
"","","","","","","","","","","","","","FALSE","じゃらん","3","2025-12-31","アスリートの方が食べているようで、無添加とか色々こだわりがあるようで大変美味しく、ついつい食べ過ぎました。フロントスタッフの方は外国の方でしたか、日本語もうまく、とても親切に対応していただきました。","","","アスリートの方が食べているようで、無添加とか色々こだわりがあるようで大変美味しく、ついつい食べ過ぎました。フロントスタッフの方は外国の方でしたか、日本語もうまく、とても親切に対応していただきました。","","","じゅんちゃんさん","",""
"","","","","","","","","","","","","","FALSE","楽天トラベル","5","2025-12-30","朝食がとっても美味しくて大感激でした！ ベッドも快適で安眠できました。 接客も大満足！快適な時間をありがとうございました。 また横浜に来るときは、利用させていただきたいと思います。","","","朝食がとっても美味しくて大感激でした！ ベッドも快適で安眠できました。 接客も大満足！快適な時間をありがとうございました。 また横浜に来るときは、利用させていただきたいと思います。","","","かよ、かよ","",""
"","","","","","","","","","","","","","FALSE","Booking.com","8","2025-12-30","","always staying there. no surprises. i like the location and the easiness of the lobby.","i got one key for one room.","","いつもそこに泊まっています。特に驚くようなことはありません。立地もロビーの使いやすさも気に入っています。","私は1部屋分の鍵を1つ持っています。","Julien","",""
"","","","","","","","","","","","","","FALSE","Booking.com","7","2025-12-30","","","","","","","Yuta","",""
"","","","","","","","","","","","","","FALSE","Booking.com","9","2025-12-30","","","","","","","Yuki","",""
"","","","","","","","","","","","","","FALSE","Google","3","2025-12-30","","","","","","","今村良平","",""
"","","","","","","","","","","","","","FALSE","Booking.com","7","2025-12-29","","","","","","","Haryono","",""
"","","","","","","","","","","","","","FALSE","Booking.com","8","2025-12-29","","","","","","","Yuta","",""
"","","","","","","","","","","","","","FALSE","Booking.com","8","2025-12-29","","","","","","","Nao","",""
"","","","","","","","","","","","","","FALSE","Booking.com","7","2025-12-29","","","","","","","Natsumi","",""
"","","","","","","","","","","","","","FALSE","Booking.com","7","2025-12-29","","設備の古さはあるが、清潔に掃除がされていた。お湯の出が良い。ベットメイクの外国人の従業員とすれ違ったが笑顔で挨拶をしてくれて、良く教育されていると感じた。","特にない。","","設備の古さはあるが、清潔に掃除がされていた。お湯の出が良い。ベットメイクの外国人の従業員とすれ違ったが笑顔で挨拶をしてくれて、良く教育されていると感じた。","特にない。","Hideaki","",""
"","","","","","","","","","","","","","FALSE","Booking.com","7","2025-12-29","","朝ごはんが美味しかった","スマホの充電設備がコンセントしかなかったので、USBジャックが欲しかった","","朝ごはんが美味しかった","スマホの充電設備がコンセントしかなかったので、USBジャックが欲しかった","Namiko","",""
"","","","","","","","","","","","","","FALSE","Booking.com","7","2025-12-29","","清潔だった。フロントの対応がよかった。","シャワーのベッドを変えた方が良い。","","清潔だった。フロントの対応がよかった。","シャワーのベッドを変えた方が良い。","甲斐","",""
"","","","","","","","","","","","","","FALSE","Booking.com","8","2025-12-29","","","","","","","Horie","",""
"","","","","","","","","","","","","","FALSE","Booking.com","5","2025-12-29","","Room size was good","","","部屋の広さは良かった","","Karimulla","",""
"","","","","","","","","","","","","","FALSE","Google","3","2025-12-29","室内は若干古さは否めないけど、チェックイン、アウトは楽だし、フロントの方もちゃんとしてる感じ。 室内も綺麗なので、値段的にちょうど良い感じでした。 バスの混合栓じゃないタイプだったりはしょうがないかとはおもいますが、駅から徒歩圏内ですし飲食店もこの辺りにありますので、困ることはあまりないかと。 コンビニも近い。 壁は薄めなのと自分の部屋は入口すぐ横のクローゼット使いづらい感じかなと感じました。","","","室内は若干古さは否めないけど、チェックイン、アウトは楽だし、フロントの方もちゃんとしてる感じ。 室内も綺麗なので、値段的にちょうど良い感じでした。 バスの混合栓じゃないタイプだったりはしょうがないかとはおもいますが、駅から徒歩圏内ですし飲食店もこの辺りにありますので、困ることはあまりないかと。 コンビニも近い。 壁は薄めなのと自分の部屋は入口すぐ横のクローゼット使いづらい感じかなと感じました。","","","かき（いでくす）","",""
"","","","","","","","","","","","","","FALSE","じゃらん","4","2025-12-29","駅そばでコスパも良く。ウェルカムドリンクもあるし、何よりチェックアウトが楽で朝早い方はオススメでした。","","","駅そばでコスパも良く。ウェルカムドリンクもあるし、何よりチェックアウトが楽で朝早い方はオススメでした。","","","マッキーさん","",""
"","","","","","","","","","","","","","FALSE","Trip.com","9","2025-12-28","とても親切でした。服のほつれが見つかり、裁縫セットを借りようとしたらくださいました。ハサミもお借りでき、解決しました。感じのいいフロントマンばかりでした。","","","とても親切でした。服のほつれが見つかり、裁縫セットを借りようとしたらくださいました。ハサミもお借りでき、解決しました。感じのいいフロントマンばかりでした。","","","ゲ‍ス‍ト","",""
"","","","","","","","","","","","","","FALSE","Booking.com","10","2025-12-28","","","","","","","聡子","",""
"","","","","","","","","","","","","","FALSE","Booking.com","7","2025-12-28","","対応もよかったです。","","","対応もよかったです。","","Sigetaka","",""
"","","","","","","","","","","","","","FALSE","Booking.com","5","2025-12-28","","スタッフの対応は、良かったです。","部屋の温度設定が暑かった。","","スタッフの対応は、良かったです。","部屋の温度設定が暑かった。","Mitsue","",""
"","","","","","","","","","","","","","FALSE","Booking.com","8","2025-12-28","","思った以上にお部屋が荷物を置くスペースがありました。  フロントの外国人の方々の対応が丁寧でとても感じが良かったです。また日本人のフロントの方も控えてくださったので安心しました。","電気ケトルがお部屋にあったら便利だなと思いました。","","思った以上にお部屋が荷物を置くスペースがありました。  フロントの外国人の方々の対応が丁寧でとても感じが良かったです。また日本人のフロントの方も控えてくださったので安心しました。","電気ケトルがお部屋にあったら便利だなと思いました。","海老原","",""
"","","","","","","","","","","","","","FALSE","Booking.com","10","2025-12-27","","","","","","","Kyoko","",""
"","","","","","","","","","","","","","FALSE","Booking.com","5","2025-12-27","","","","","","","Chung","",""
"","","","","","","","","","","","","","FALSE","Booking.com","9","2025-12-27","","","","","","","Tsukasa","",""
"","","","","","","","","","","","","","FALSE","Booking.com","8","2025-12-26","","外国人のスタッフさんがみんなとても丁寧で優しく対応してくださり気持ちが良かった。分からないことを聞いても嫌な顔せず分かりやすく教えていただき助かった。 チェックイン前、チェックアウト後の荷物預かりがあったのでロッカーを探さずに行動できたのでありがたかった。","トイレに知らない人の毛が落ちていて少し気持ちが悪かった。","","外国人のスタッフさんがみんなとても丁寧で優しく対応してくださり気持ちが良かった。分からないことを聞いても嫌な顔せず分かりやすく教えていただき助かった。 チェックイン前、チェックアウト後の荷物預かりがあったのでロッカーを探さずに行動できたのでありがたかった。","トイレに知らない人の毛が落ちていて少し気持ちが悪かった。","Mana","",""
"","","","","","","","","","","","","","FALSE","Booking.com","8","2025-12-26","","","","","","","Nicolle","",""
"","","","","","","","","","","","","","FALSE","Trip.com","9","2025-12-25","スタッフの対応も良くお部屋も綺麗でアメニティもいろいろあってとても良かったです。エレベーター近くの部屋要望も対応していただきまた次回もこのホテルを利用したいと思います。","","","スタッフの対応も良くお部屋も綺麗でアメニティもいろいろあってとても良かったです。エレベーター近くの部屋要望も対応していただきまた次回もこのホテルを利用したいと思います。","","","ゲ‍ス‍ト","",""
"","","","","","","","","","","","","","FALSE","Booking.com","10","2025-12-25","","","","","","","Arman","",""
"","","","","","","","","","","","","","FALSE","Booking.com","4","2025-12-25","","領収書をお願いして いたのを私が忘れてしまって そしたら 階段で降りて来て 持って来てくれました","フロントの方が他国の人で 言葉がぁ…ちょと聞き取りずらかった…そして 深夜2時を過ぎても…部屋の音が響いてたり 廊下の音が気になりましたね ちょと う～んて感じでした！宿泊費が安かったので利用したのですがぁ…ちょと残念でした","","領収書をお願いして いたのを私が忘れてしまって そしたら 階段で降りて来て 持って来てくれました","フロントの方が他国の人で 言葉がぁ…ちょと聞き取りずらかった…そして 深夜2時を過ぎても…部屋の音が響いてたり 廊下の音が気になりましたね ちょと う～んて感じでした！宿泊費が安かったので利用したのですがぁ…ちょと残念でした","Usui","",""
"","","","","","","","","","","","","","FALSE","Google","1","2025-12-25","エアコンが無く、冬なのにも関わらずめちゃめちゃ暑くて一睡もできませんでした。シャワーや水道も温度調節が難しいタイプでした。電気のスイッチのところに焦げたような跡があり、不衛生でした。もう行きたくないです。","","","エアコンが無く、冬なのにも関わらずめちゃめちゃ暑くて一睡もできませんでした。シャワーや水道も温度調節が難しいタイプでした。電気のスイッチのところに焦げたような跡があり、不衛生でした。もう行きたくないです。","","","まつもと","",""
"","","","","","","","","","","","","","FALSE","Booking.com","5","2025-12-24","","","","","","","Katsumi","",""
"","","","","","","","","","","","","","FALSE","Booking.com","4","2025-12-24","","清潔でした。","空調設備がイマイチでした。 とても暑く窓を開けて寝ました。","","清潔でした。","空調設備がイマイチでした。 とても暑く窓を開けて寝ました。","Kyoko","",""
"","","","","","","","","","","","","","FALSE","Booking.com","10","2025-12-24","","","","","","","Masaru","",""
"","","","","","","","","","","","","","FALSE","Booking.com","7","2025-12-24","","料金が安い","室温の調節が難しい サーモ水栓ではないので湯温の調節に手間取った 椅子が引き出せなかった","","料金が安い","室温の調節が難しい サーモ水栓ではないので湯温の調節に手間取った 椅子が引き出せなかった","Atsuko","",""
"","","","","","","","","","","","","","FALSE","Booking.com","10","2025-12-23","","チェックイン受付の階に入ると 優しい気持ちの良い案内と雰囲気がとてもほっとしました。 朝ごはんが大変美味しかったです。冷凍食品がひとつもなかったです。1品全て手作りでした。 またぜひ宿泊したいです。","特にないです。","","チェックイン受付の階に入ると 優しい気持ちの良い案内と雰囲気がとてもほっとしました。 朝ごはんが大変美味しかったです。冷凍食品がひとつもなかったです。1品全て手作りでした。 またぜひ宿泊したいです。","特にないです。","Maki","",""
"","","","","","","","","","","","","","FALSE","Booking.com","9","2025-12-23","","遅いチェックインになりましたが、しっかり対応して頂きました。","","","遅いチェックインになりましたが、しっかり対応して頂きました。","","守","",""
"","","","","","","","","","","","","","FALSE","Booking.com","8","2025-12-23","","","","","","","Hase","",""
"","","","","","","","","","","","","","FALSE","Booking.com","5","2025-12-23","","","","","","","Mamimo","",""
"","","","","","","","","","","","","","FALSE","Booking.com","3","2025-12-23","","値段","空調","","値段","エアコン","Kato","",""
"","","","","","","","","","","","","","FALSE","Booking.com","7","2025-12-22","","","","","","","Kiyomi","",""
"","","","","","","","","","","","","","FALSE","Booking.com","9","2025-12-22","","","","","","","Hiromi","",""
"","","","","","","","","","","","","","FALSE","Booking.com","10","2025-12-22","","朝食でだんご汁が食べられて、どこかお店で食べたいなと思っていたから、味見程度に食べられて良かった","特になし","","朝食でだんご汁が食べられて、どこかお店で食べたいなと思っていたから、味見程度に食べられて良かった","特になし","","",""
"","","","","","","","","","","","","","FALSE","Booking.com","7","2025-12-22","","","","","","","山浦","",""
"","","","","","","","","","","","","","FALSE","Booking.com","8","2025-12-22","","駅近なのにとてもリーズナブル","設備が少し旧式","","駅近なのにとてもリーズナブル","設備が少し旧式","Tatsuya","",""
"","","","","","","","","","","","","","FALSE","Booking.com","7","2025-12-22","","新横浜駅から近く、コンビニもたくさんあるので便利 タオルなど清潔に感じた コーヒー紅茶などいつでも頂けて有難い    ペットボトルに水も補充させて頂きました","お湯の適温になるまで調節に時間がかかり、どうしても出したままになるので勿体ないと思った バスが少し下水の匂いがした すごく気になる訳ではない  部屋がとても暖かくなっていて有難いが、途中暑くなり窓を開けた これも個人差があると思う","","新横浜駅から近く、コンビニもたくさんあるので便利 タオルなど清潔に感じた コーヒー紅茶などいつでも頂けて有難い    ペットボトルに水も補充させて頂きました","お湯の適温になるまで調節に時間がかかり、どうしても出したままになるので勿体ないと思った バスが少し下水の匂いがした すごく気になる訳ではない  部屋がとても暖かくなっていて有難いが、途中暑くなり窓を開けた これも個人差があると思う","Etsuko","",""
"","","","","","","","","","","","","","FALSE","Booking.com","8","2025-12-22","","最低限のアメニティは揃っているし値段を考えれば良いホテル","USBタイプの充電ポートがあれば良かった","","最低限のアメニティは揃っているし値段を考えれば良いホテル","USBタイプの充電ポートがあれば良かった","Rio","",""
"","","","","","","","","","","","","","FALSE","Booking.com","5","2025-12-22","","値段が安くて良かった","設備が古かった","","値段が安くて良かった","設備が古かった","Shigeki","",""
"","","","","","","","","","","","","","FALSE","じゃらん","4","2025-12-22","以前も利用したんですが、やはり駅から歩いて近いのも有りますし、急な泊まりだったのでゆっくりな時間を過ごせて良かったです。","","","以前も利用したんですが、やはり駅から歩いて近いのも有りますし、急な泊まりだったのでゆっくりな時間を過ごせて良かったです。","","","雪だるまさん","",""
"","","","","","","","","","","","","","FALSE","Booking.com","6","2025-12-21","","","","","","","Keiji","",""
"","","","","","","","","","","","","","FALSE","Booking.com","6","2025-12-21","","早期に予約したのでかなりコスパが良かった事。 駅近。 朝食を当日付け、そんなに期待はしてなかったがメニューも豊富で味も良かった。普通大概の朝食バイキングはしょっぱいけどどれもちょうどいい味付けで美味しかった。 この朝食をまた食べたいから再度利用したいと思えるくらい。","朝部屋の近くでハウスキーパーの方のおしゃべりの声が結構大きかった。自分は起きてたからいいけど、寝てる神経質な人は起きちゃうかなと。 一人の方の声がほとんどだったからもしかして同僚に指導しながらかも？と思った。 まだ寝てる方もいるのでそこは配慮すべきだと思います。","","早期に予約したのでかなりコスパが良かった事。 駅近。 朝食を当日付け、そんなに期待はしてなかったがメニューも豊富で味も良かった。普通大概の朝食バイキングはしょっぱいけどどれもちょうどいい味付けで美味しかった。 この朝食をまた食べたいから再度利用したいと思えるくらい。","朝部屋の近くでハウスキーパーの方のおしゃべりの声が結構大きかった。自分は起きてたからいいけど、寝てる神経質な人は起きちゃうかなと。 一人の方の声がほとんどだったからもしかして同僚に指導しながらかも？と思った。 まだ寝てる方もいるのでそこは配慮すべきだと思います。","Michie","",""
"","","","","","","","","","","","","","FALSE","Booking.com","5","2025-12-21","","チェックアウトが10時な事","壁に汚れがあった事と角部屋の為かベットと机の間が狭くて椅子が出せず機能しない。 コーヒー等は部屋に用意して欲しい。","","チェックアウトが10時な事","壁に汚れがあった事と角部屋の為かベットと机の間が狭くて椅子が出せず機能しない。 コーヒー等は部屋に用意して欲しい。","Maki","",""
"","","","","","","","","","","","","","FALSE","Booking.com","7","2025-12-21","","チェックアウト時ルームキーが紛失してしまいましたが、直ぐ部屋を探して下さりベッドの下に落ちていたとの事で、たすかりました。","","","チェックアウト時ルームキーが紛失してしまいましたが、直ぐ部屋を探して下さりベッドの下に落ちていたとの事で、たすかりました。","","さゆみ","",""
"","","","","","","","","","","","","","FALSE","Booking.com","5","2025-12-20","","","","","","","Tamoru","",""
"","","","","","","","","","","","","","FALSE","Booking.com","5","2025-12-20","","","","","","","白石","",""
"","","","","","","","","","","","","","FALSE","Booking.com","10","2025-12-19","","","","","","","朋博","",""
"","","","","","","","","","","","","","FALSE","楽天トラベル","3","2025-12-19","駅から近くて良かったです。 壁が薄いのか周りの声がすごく聞こえます。","","","駅から近くて良かったです。 壁が薄いのか周りの声がすごく聞こえます。","","","れなち12","",""
"","","","","","","","","","","","","","FALSE","Google","2","2025-12-18","ライブで利用しました。ダブルルームで 2名利用でしたが、荷物を置く場所も無く 椅子も1つしかなくて、とても不便でした。 お風呂も古く、便器？か洗面台？からは プラスチックの焼けたような匂いがして 臭かったです。机とベッドの間が狭く 2人での利用は、とても不便でした。 浴槽に、他の人の髪の毛が…  あと、前の人の食べこぼし？お菓子みたいなものが落ちていました。清掃はきちんとして欲しいです。  1泊2万以上だったので、値段に見合って いないと思いました。 これなら以前泊まったダイワロイネットホテル の方が広く綺麗で値段も変わらないので そちらの方が良かったと思いました。","","","ライブで利用しました。ダブルルームで 2名利用でしたが、荷物を置く場所も無く 椅子も1つしかなくて、とても不便でした。 お風呂も古く、便器？か洗面台？からは プラスチックの焼けたような匂いがして 臭かったです。机とベッドの間が狭く 2人での利用は、とても不便でした。 浴槽に、他の人の髪の毛が…  あと、前の人の食べこぼし？お菓子みたいなものが落ちていました。清掃はきちんとして欲しいです。  1泊2万以上だったので、値段に見合って いないと思いました。 これなら以前泊まったダイワロイネットホテル の方が広く綺麗で値段も変わらないので そちらの方が良かったと思いました。","","","ひのき","",""
"","","","","","","","","","","","","","FALSE","楽天トラベル","4","2025-12-18","新横浜駅から近くで良い。","","","新横浜駅から近くで良い。","","","タケサン0444","",""
"","","","","","","","","","","","","","FALSE","Booking.com","8","2025-12-18","","","","","","","Kasumi","",""
"","","","","","","","","","","","","","FALSE","Booking.com","8","2025-12-18","","","","","","","Shinya","",""
"","","","","","","","","","","","","","FALSE","楽天トラベル","4","2025-12-18","新横浜駅から近くて便利です。又泊まりたいと思える快適さでした。","","","新横浜駅から近くて便利です。又泊まりたいと思える快適さでした。","","","娘と旅行好き","",""
"","","","","","","","","","","","","","FALSE","じゃらん","4","2025-12-17","ライブの遠征で娘と宿泊、4回目になります。ベッドが広く、椅子も2脚あり部屋でゆっくり買ってきたものを食べることもできます。残念なのはお風呂の蛇口が硬く温度調整が難しかったです。 新横浜の常宿です！","","","ライブの遠征で娘と宿泊、4回目になります。ベッドが広く、椅子も2脚あり部屋でゆっくり買ってきたものを食べることもできます。残念なのはお風呂の蛇口が硬く温度調整が難しかったです。 新横浜の常宿です！","","","そらちゃんさん","",""
"","","","","","","","","","","","","","FALSE","Booking.com","8","2025-12-16","","","","","","","前山","",""
"","","","","","","","","","","","","","FALSE","Booking.com","8","2025-12-16","","","","","","","Ryuichi","",""
"","","","","","","","","","","","","","FALSE","Booking.com","4","2025-12-16","","宿泊費が安かった所と新横浜駅から近かった所が良かった","全体的に部屋が汚い（清掃は行き届いていた）  ひげ剃りがなかった  一人での宿泊と伝えていた。浴衣二着は不要。  部屋の照明スイッチがベッドサイドは分かりにくい。チェックイン時に伝えて欲しかった。","","宿泊費が安かった所と新横浜駅から近かった所が良かった","全体的に部屋が汚い（清掃は行き届いていた）  ひげ剃りがなかった  一人での宿泊と伝えていた。浴衣二着は不要。  部屋の照明スイッチがベッドサイドは分かりにくい。チェックイン時に伝えて欲しかった。","Msakazu","",""
"","","","","","","","","","","","","","FALSE","Booking.com","8","2025-12-16","","","","","","","Shoko","",""
"","","","","","","","","","","","","","FALSE","Booking.com","5","2025-12-16","","","","","","","Jun","",""
"","","","","","","","","","","","","","FALSE","Google","1","2025-12-16","出張で連泊させていただきました。 中々ショッキングだったので共有します。  ❶水周りがカビまみれ シャワーの持ち手やカーテンが中々にざんねんな有様です。特にシャワーの持ち手は私たちが手にする範疇にも関わらずかなり黒い。ショックでした。  ❷浴室の照明がかなり暗い シンプルに暗くて不便でした (浴室のタオルに毛も着いていた)  ❸部屋の机が驚くほど汚れていた 人の指紋やベタベタが残っていたので自分で拭きました  今回は仕事ということもあったのでグッと耐えましたが、プライベートで来るのはやめておこうと思います","","","出張で連泊させていただきました。 中々ショッキングだったので共有します。  ❶水周りがカビまみれ シャワーの持ち手やカーテンが中々にざんねんな有様です。特にシャワーの持ち手は私たちが手にする範疇にも関わらずかなり黒い。ショックでした。  ❷浴室の照明がかなり暗い シンプルに暗くて不便でした (浴室のタオルに毛も着いていた)  ❸部屋の机が驚くほど汚れていた 人の指紋やベタベタが残っていたので自分で拭きました  今回は仕事ということもあったのでグッと耐えましたが、プライベートで来るのはやめておこうと思います","","","ちゃむ","",""
"","","","","","","","","","","","","","FALSE","Booking.com","4","2025-12-15","","ドリンクバーで好きな飲み物を持っていけたのと、アメニティも自分で選んで必要分貰えたので良かった。","部屋についてのご案内などが基本的になくて残念だった。部屋の引き出しやテーブルの上に【 当ホテルについて】などの物が置いてあると嬉しい。土日なので部屋が埋まってるかと思い問い合わせしませんでしたがトイレが全然使えなくてちょっと大変でした。流れないわけではないけど30秒くらいはずっと洗浄レバー(大)を押し続けないと何も流れてくれない流れたと思ってもトイレットペーパーがふわーと浮いて流れてない… せめて一言トイレについてフロントで教えて欲しかった…他の部屋も同じだったのだろうか… 無料のものを借りたくてフロントに連絡しようとしたら部屋の中に受話器なしでわざわざフロントまで行きましたが、あとからエレベーター横に受話器あるのに気づきました…それも教えて欲しかったかなぁ 何度も利用してる方は勝手がわかってるかと思いますが、あまりホテルを利用したことがない人には優しくないなと思いました。 空気清浄も両手に抱えて自分で部屋まで持っていくことになったのはフロントに直接行ったからなのかな代車とか貸してもらえたら運びやすかったけど抱えて部屋まで運ぶのはちょっと大変だったかも…これは自分で聞かなかったのが悪いかな","","ドリンクバーで好きな飲み物を持っていけたのと、アメニティも自分で選んで必要分貰えたので良かった。","部屋についてのご案内などが基本的になくて残念だった。部屋の引き出しやテーブルの上に【 当ホテルについて】などの物が置いてあると嬉しい。土日なので部屋が埋まってるかと思い問い合わせしませんでしたがトイレが全然使えなくてちょっと大変でした。流れないわけではないけど30秒くらいはずっと洗浄レバー(大)を押し続けないと何も流れてくれない流れたと思ってもトイレットペーパーがふわーと浮いて流れてない… せめて一言トイレについてフロントで教えて欲しかった…他の部屋も同じだったのだろうか… 無料のものを借りたくてフロントに連絡しようとしたら部屋の中に受話器なしでわざわざフロントまで行きましたが、あとからエレベーター横に受話器あるのに気づきました…それも教えて欲しかったかなぁ 何度も利用してる方は勝手がわかってるかと思いますが、あまりホテルを利用したことがない人には優しくないなと思いました。 空気清浄も両手に抱えて自分で部屋まで持っていくことになったのはフロントに直接行ったからなのかな代車とか貸してもらえたら運びやすかったけど抱えて部屋まで運ぶのはちょっと大変だったかも…これは自分で聞かなかったのが悪いかな","サザ","",""
"","","","","","","","","","","","","","FALSE","Booking.com","3","2025-12-15","","","","","","","Honda","",""
"","","","","","","","","","","","","","FALSE","Booking.com","9","2025-12-15","","アクセス良好、時間帯を問わず徒歩5分圏内にほぼなんでもある","製氷機が故障で使えなかった、電子レンジの数が少ない","","アクセス良好、時間帯を問わず徒歩5分圏内にほぼなんでもある","製氷機が故障で使えなかった、電子レンジの数が少ない","Kohei","",""