"","検索文字 URL： チェック","ハートンホテル東品川 サイト名","検索年月： 評価","2026年 投稿日"," 👇見たい月を選ぶ 04月 コメント(全体)","範囲： コメント(良い点)","!A1:K コメント(改善点)","コメント（翻訳:全体)","コメント（翻訳:良い)","コメント（翻訳:改善点)","投稿者","","","","","関数用 2026年 2026年 ","03月 04月 ","","!A2:K75 ","","","",""
"","FALSE","Google","4","2026-04-25","","","","","","","Dice Noda","","FALSE","Google","4","2026-04-25","","","","","","","Dice Noda"
"","FALSE","楽天トラベル","4","2026-04-25","駅近で便利です。しかもすぐそばに大きなイオンもあります。お部屋はきれいで快適です。唯一難点を挙げるなら、湯温調整の難しさです。","","","駅近で便利です。しかもすぐそばに大きなイオンもあります。お部屋はきれいで快適です。唯一難点を挙げるなら、湯温調整の難しさです。","","","楽天アマゾンズ","","FALSE","楽天トラベル","4","2026-04-25","駅近で便利です。しかもすぐそばに大きなイオンもあります。お部屋はきれいで快適です。唯一難点を挙げるなら、湯温調整の難しさです。","","","駅近で便利です。しかもすぐそばに大きなイオンもあります。お部屋はきれいで快適です。唯一難点を挙げるなら、湯温調整の難しさです。","","","楽天アマゾンズ"
"","FALSE","Trip.com","10","2026-04-25","Good place to stay! Quite spacious for a solo traveller! Train station is literally across the street.","","","滞在に最適な場所です！一人旅には十分な広さです！駅は文字通り通りの向かい側にあります。","","","A‍i‍m‍a‍n‍ ‍D‍a‍a‍i","","FALSE","Trip.com","10","2026-04-25","Good place to stay! Quite spacious for a solo traveller! Train station is literally across the street.","","","滞在に最適な場所です！一人旅には十分な広さです！駅は文字通り通りの向かい側にあります。","","","A‍i‍m‍a‍n‍ ‍D‍a‍a‍i"
"","FALSE","楽天トラベル","4","2026-04-25","エアコンがかび臭くて使えるものではなかった。消しても問題ない気温なので良かったが、夏だったら無理だった。","","","エアコンがかび臭くて使えるものではなかった。消しても問題ない気温なので良かったが、夏だったら無理だった。","","","ゆっぴぃ2568","","FALSE","楽天トラベル","4","2026-04-25","エアコンがかび臭くて使えるものではなかった。消しても問題ない気温なので良かったが、夏だったら無理だった。","","","エアコンがかび臭くて使えるものではなかった。消しても問題ない気温なので良かったが、夏だったら無理だった。","","","ゆっぴぃ2568"
"","FALSE","Trip.com","8","2026-04-25","滿意 設施：滿意 衞生：滿意 環境：滿意 服務：滿意","","","良好。設備：良好。衛生状態：良好。環境：良好。サービス：良好。","","","ゲ‍ス‍ト","","FALSE","Trip.com","8","2026-04-25","滿意 設施：滿意 衞生：滿意 環境：滿意 服務：滿意","","","良好。設備：良好。衛生状態：良好。環境：良好。サービス：良好。","","","ゲ‍ス‍ト"
"","FALSE","Booking.com","10","2026-04-25","","Very clean and convenient location to trains and shopping. Quiet and welcoming.","N/a","","とても清潔で、電車やショッピングにも便利な立地です。静かで居心地の良い場所です。","該当なし","Glick","","FALSE","Booking.com","10","2026-04-25","","Very clean and convenient location to trains and shopping. Quiet and welcoming.","N/a","","とても清潔で、電車やショッピングにも便利な立地です。静かで居心地の良い場所です。","該当なし","Glick"
"","FALSE","Booking.com","8","2026-04-25","","Located in a very good spot, opposite the train station which makes it extremely convenient when you travel to the next place. Good price with buffet breakfast.","","","駅の向かいという絶好のロケーションにあり、次の目的地へ移動する際に非常に便利です。ビュッフェ式朝食付きで料金もお手頃です。","","Chada","","FALSE","Booking.com","8","2026-04-25","","Located in a very good spot, opposite the train station which makes it extremely convenient when you travel to the next place. Good price with buffet breakfast.","","","駅の向かいという絶好のロケーションにあり、次の目的地へ移動する際に非常に便利です。ビュッフェ式朝食付きで料金もお手頃です。","","Chada"
"","FALSE","Booking.com","9","2026-04-25","","","","","","","Mafalda","","FALSE","Booking.com","9","2026-04-25","","","","","","","Mafalda"
"","FALSE","Trip.com","10","2026-04-24","Good location, surrounding with convenience store, supermarket and restaurants. Easy to get in city like Shibuya and Shinjuku.","","","立地が良く、周辺にはコンビニエンスストア、スーパーマーケット、レストランなどが揃っています。渋谷や新宿といった都心部へのアクセスも便利です。","","","ゲ‍ス‍ト","","FALSE","Trip.com","10","2026-04-24","Good location, surrounding with convenience store, supermarket and restaurants. Easy to get in city like Shibuya and Shinjuku.","","","立地が良く、周辺にはコンビニエンスストア、スーパーマーケット、レストランなどが揃っています。渋谷や新宿といった都心部へのアクセスも便利です。","","","ゲ‍ス‍ト"
"","FALSE","Booking.com","10","2026-04-24","","","","","","","Shinichiro","","FALSE","Booking.com","10","2026-04-24","","","","","","","Shinichiro"
"","FALSE","楽天トラベル","5","2026-04-24","駅にもバスターミナルにも近くて便利です。食事するところがないので、食べてからホテルに行く方がよいかも。","","","駅にもバスターミナルにも近くて便利です。食事するところがないので、食べてからホテルに行く方がよいかも。","","","さゆこわた","","FALSE","楽天トラベル","5","2026-04-24","駅にもバスターミナルにも近くて便利です。食事するところがないので、食べてからホテルに行く方がよいかも。","","","駅にもバスターミナルにも近くて便利です。食事するところがないので、食べてからホテルに行く方がよいかも。","","","さゆこわた"
"","FALSE","Google","4","2026-04-24","ここは喫煙室のある格安ホテルです。","","","ここは喫煙室のある格安ホテルです。","","","Asayake E&R","","FALSE","Google","4","2026-04-24","ここは喫煙室のある格安ホテルです。","","","ここは喫煙室のある格安ホテルです。","","","Asayake E&R"
"","FALSE","Google","5","2026-04-24","青牙閣 | 東京＆大阪 出張アレンジメントサービス  Telegram: @meiyou06 LINE公式アカウント: @951iboll Gleezy: meiyou008 出張や旅行で日本へお越しですか？  静かでリラックスできる夜をお過ごしになりたいですか？😊 青牙閣は、お客様の体験を最優先に考えた、オーダーメイドのアレンジメントをご提供いたします。  ✔️ 予約金不要  ✔️ 電話予約不要（完全オンライン対応）  ✔️ プロのマネージャーによるマンツーマンサポート  ✔️ お客様のニーズに合わせたカスタマイズ提案  ✔️ プライバシー保護、ご来店不要  ✔️ 現地での現金払い  迷うことなくお選びいただけます。  お客様のニーズに合わせて最適なアレンジメントをご提案いたします。ご興味をお持ちいただけましたら、「青牙閣」で検索してみてください。","","","青牙閣 | 東京＆大阪 出張アレンジメントサービス  Telegram: @meiyou06 LINE公式アカウント: @951iboll Gleezy: meiyou008 出張や旅行で日本へお越しですか？  静かでリラックスできる夜をお過ごしになりたいですか？😊 青牙閣は、お客様の体験を最優先に考えた、オーダーメイドのアレンジメントをご提供いたします。  ✔️ 予約金不要  ✔️ 電話予約不要（完全オンライン対応）  ✔️ プロのマネージャーによるマンツーマンサポート  ✔️ お客様のニーズに合わせたカスタマイズ提案  ✔️ プライバシー保護、ご来店不要  ✔️ 現地での現金払い  迷うことなくお選びいただけます。  お客様のニーズに合わせて最適なアレンジメントをご提案いたします。ご興味をお持ちいただけましたら、「青牙閣」で検索してみてください。","","","Rosy Khan","","FALSE","Google","5","2026-04-24","青牙閣 | 東京＆大阪 出張アレンジメントサービス  Telegram: @meiyou06 LINE公式アカウント: @951iboll Gleezy: meiyou008 出張や旅行で日本へお越しですか？  静かでリラックスできる夜をお過ごしになりたいですか？😊 青牙閣は、お客様の体験を最優先に考えた、オーダーメイドのアレンジメントをご提供いたします。  ✔️ 予約金不要  ✔️ 電話予約不要（完全オンライン対応）  ✔️ プロのマネージャーによるマンツーマンサポート  ✔️ お客様のニーズに合わせたカスタマイズ提案  ✔️ プライバシー保護、ご来店不要  ✔️ 現地での現金払い  迷うことなくお選びいただけます。  お客様のニーズに合わせて最適なアレンジメントをご提案いたします。ご興味をお持ちいただけましたら、「青牙閣」で検索してみてください。","","","青牙閣 | 東京＆大阪 出張アレンジメントサービス  Telegram: @meiyou06 LINE公式アカウント: @951iboll Gleezy: meiyou008 出張や旅行で日本へお越しですか？  静かでリラックスできる夜をお過ごしになりたいですか？😊 青牙閣は、お客様の体験を最優先に考えた、オーダーメイドのアレンジメントをご提供いたします。  ✔️ 予約金不要  ✔️ 電話予約不要（完全オンライン対応）  ✔️ プロのマネージャーによるマンツーマンサポート  ✔️ お客様のニーズに合わせたカスタマイズ提案  ✔️ プライバシー保護、ご来店不要  ✔️ 現地での現金払い  迷うことなくお選びいただけます。  お客様のニーズに合わせて最適なアレンジメントをご提案いたします。ご興味をお持ちいただけましたら、「青牙閣」で検索してみてください。","","","Rosy Khan"
"","FALSE","Google","4","2026-04-24","Ucuza konaklaya bileceğiniz bir otel sigara içilen odaları var","","","ここは喫煙室のある格安ホテルです。","","","Asayake E&R","","FALSE","Google","4","2026-04-24","Ucuza konaklaya bileceğiniz bir otel sigara içilen odaları var","","","ここは喫煙室のある格安ホテルです。","","","Asayake E&R"
"","FALSE","Google","5","2026-04-24","青雅館｜東京・大阪 上門安排服務 Telegram：@meiyou06 LINE官方：@951iboll Gleezy：meiyou008 來日本出差或旅行， 想要一個安心又放鬆的夜晚嗎？😊 青雅館提供的是 以客人體驗為優先的客製化安排服務 ✔️ 無需支付訂金 ✔️ 無需電話預約（全程線上對應） ✔️ 專業店長1對1對接 ✔️ 根據需求客製推薦 ✔️ 注重隱私，不需進店 ✔️ 現場現金支付 我們不是讓你自己盲選 而是依照你的需求 幫你篩選適合的安排 有性趣的谷歌（青雅館）","","","青牙閣 | 東京＆大阪 出張アレンジメントサービス Telegram: @meiyou06 LINE Official: @951iboll Gleezy: meiyou008 出張や休暇で日本滞在中に、リラックスして穏やかな夜を過ごしたいですか？😊 青牙閣は、お客様の体験を最優先に考えたオーダーメイドのアレンジメントを提供しています。✔️ デポジット不要 ✔️ 電話予約不要（完全オンラインサポート） ✔️ プロのマネージャーによるマンツーマンサポート ✔️ お客様のニーズに基づいたオーダーメイドの提案 ✔️ プライバシー保護、店舗訪問不要 ✔️ 現地での現金払い お客様に何も考えずに選ばせるのではなく、お客様のニーズに基づいて最適なアレンジメント選びをお手伝いします。ご興味をお持ちですか？ Googleで「青牙閣」と検索してください。","","","Rosy Khan","","FALSE","Google","5","2026-04-24","青雅館｜東京・大阪 上門安排服務 Telegram：@meiyou06 LINE官方：@951iboll Gleezy：meiyou008 來日本出差或旅行， 想要一個安心又放鬆的夜晚嗎？😊 青雅館提供的是 以客人體驗為優先的客製化安排服務 ✔️ 無需支付訂金 ✔️ 無需電話預約（全程線上對應） ✔️ 專業店長1對1對接 ✔️ 根據需求客製推薦 ✔️ 注重隱私，不需進店 ✔️ 現場現金支付 我們不是讓你自己盲選 而是依照你的需求 幫你篩選適合的安排 有性趣的谷歌（青雅館）","","","青牙閣 | 東京＆大阪 出張アレンジメントサービス Telegram: @meiyou06 LINE Official: @951iboll Gleezy: meiyou008 出張や休暇で日本滞在中に、リラックスして穏やかな夜を過ごしたいですか？😊 青牙閣は、お客様の体験を最優先に考えたオーダーメイドのアレンジメントを提供しています。✔️ デポジット不要 ✔️ 電話予約不要（完全オンラインサポート） ✔️ プロのマネージャーによるマンツーマンサポート ✔️ お客様のニーズに基づいたオーダーメイドの提案 ✔️ プライバシー保護、店舗訪問不要 ✔️ 現地での現金払い お客様に何も考えずに選ばせるのではなく、お客様のニーズに基づいて最適なアレンジメント選びをお手伝いします。ご興味をお持ちですか？ Googleで「青牙閣」と検索してください。","","","Rosy Khan"
"","FALSE","Google","5","2026-04-23","","","","","","","Monika k","","FALSE","Google","5","2026-04-23","","","","","","","Monika k"
"","FALSE","楽天トラベル","5","2026-04-23","駅からイオンから近く、まわりに何でもあるため困らないです。","","","駅からイオンから近く、まわりに何でもあるため困らないです。","","","HIRO0029","","FALSE","楽天トラベル","5","2026-04-23","駅からイオンから近く、まわりに何でもあるため困らないです。","","","駅からイオンから近く、まわりに何でもあるため困らないです。","","","HIRO0029"
"","FALSE","Agoda","10","2026-04-23","駅からのアクセスが良く、一晩の宿泊でしたが快適に過ごすことが出来ました。","","","駅からのアクセスが良く、一晩の宿泊でしたが快適に過ごすことが出来ました。","","","真由美","","FALSE","Agoda","10","2026-04-23","駅からのアクセスが良く、一晩の宿泊でしたが快適に過ごすことが出来ました。","","","駅からのアクセスが良く、一晩の宿泊でしたが快適に過ごすことが出来ました。","","","真由美"
"","FALSE","楽天トラベル","4","2026-04-23","じゅうでんきがなく、不便でした。 メモ帳もなかったです。","","","じゅうでんきがなく、不便でした。 メモ帳もなかったです。","","","Ht713","","FALSE","楽天トラベル","4","2026-04-23","じゅうでんきがなく、不便でした。 メモ帳もなかったです。","","","じゅうでんきがなく、不便でした。 メモ帳もなかったです。","","","Ht713"
"","FALSE","Booking.com","9","2026-04-22","","","","","","","Yayo","","FALSE","Booking.com","9","2026-04-22","","","","","","","Yayo"
"","FALSE","Agoda","7","2026-04-22","ビジネスで寝泊まりはちょうどいい。 駅から近く、東京ビックサイトへのアクセスも良好","","","ビジネスで寝泊まりはちょうどいい。 駅から近く、東京ビックサイトへのアクセスも良好","","","satoshi","","FALSE","Agoda","7","2026-04-22","ビジネスで寝泊まりはちょうどいい。 駅から近く、東京ビックサイトへのアクセスも良好","","","ビジネスで寝泊まりはちょうどいい。 駅から近く、東京ビックサイトへのアクセスも良好","","","satoshi"
"","FALSE","Agoda","8","2026-04-22","最寄り駅が品川シーサイドなので、部屋が高層階で海側が窓から見えたので、最高のサイトビューでした。とにかく部屋が静かで綺麗でした。また利用したいと思いました。","","","最寄り駅が品川シーサイドなので、部屋が高層階で海側が窓から見えたので、最高のサイトビューでした。とにかく部屋が静かで綺麗でした。また利用したいと思いました。","","","Takahiro","","FALSE","Agoda","8","2026-04-22","最寄り駅が品川シーサイドなので、部屋が高層階で海側が窓から見えたので、最高のサイトビューでした。とにかく部屋が静かで綺麗でした。また利用したいと思いました。","","","最寄り駅が品川シーサイドなので、部屋が高層階で海側が窓から見えたので、最高のサイトビューでした。とにかく部屋が静かで綺麗でした。また利用したいと思いました。","","","Takahiro"
"","FALSE","Agoda","8","2026-04-22","とにかく都心なのに、静かで部屋が綺麗でよかったです。なんと言っても、高層階から見渡す都会の街並みの眺めが良いです。","","","とにかく都心なのに、静かで部屋が綺麗でよかったです。なんと言っても、高層階から見渡す都会の街並みの眺めが良いです。","","","Takahiro","","FALSE","Agoda","8","2026-04-22","とにかく都心なのに、静かで部屋が綺麗でよかったです。なんと言っても、高層階から見渡す都会の街並みの眺めが良いです。","","","とにかく都心なのに、静かで部屋が綺麗でよかったです。なんと言っても、高層階から見渡す都会の街並みの眺めが良いです。","","","Takahiro"
"","FALSE","楽天トラベル","4","2026-04-22","駅から近く、アクセス抜群です。 徒歩2〜3分圏内にイオンやコンビニがあり、滞在中の利便性を重視する方におすすめです。","","","駅から近く、アクセス抜群です。 徒歩2〜3分圏内にイオンやコンビニがあり、滞在中の利便性を重視する方におすすめです。","","","hisa-5515","","FALSE","楽天トラベル","4","2026-04-22","駅から近く、アクセス抜群です。 徒歩2〜3分圏内にイオンやコンビニがあり、滞在中の利便性を重視する方におすすめです。","","","駅から近く、アクセス抜群です。 徒歩2〜3分圏内にイオンやコンビニがあり、滞在中の利便性を重視する方におすすめです。","","","hisa-5515"
"","FALSE","Agoda","8","2026-04-22","駅前で目の前にイオンがあり、立地最高でした！また利用したいです。 東京ドームまでは電車で４０分前後時間はかかる距離のため混雑は避けれました。","","","駅前で目の前にイオンがあり、立地最高でした！また利用したいです。 東京ドームまでは電車で４０分前後時間はかかる距離のため混雑は避けれました。","","","AKI","","FALSE","Agoda","8","2026-04-22","駅前で目の前にイオンがあり、立地最高でした！また利用したいです。 東京ドームまでは電車で４０分前後時間はかかる距離のため混雑は避けれました。","","","駅前で目の前にイオンがあり、立地最高でした！また利用したいです。 東京ドームまでは電車で４０分前後時間はかかる距離のため混雑は避けれました。","","","AKI"
"","FALSE","じゃらん","4","2026-04-22","出張で二泊しました ツインルーム少し狭いと聞いてましたが、普通でした  駅もイオンもレンタカーも近くでとても便利でした  東京出張時はまたおねがいします","","","出張で二泊しました ツインルーム少し狭いと聞いてましたが、普通でした  駅もイオンもレンタカーも近くでとても便利でした  東京出張時はまたおねがいします","","","ちーちゃんさん","","FALSE","じゃらん","4","2026-04-22","出張で二泊しました ツインルーム少し狭いと聞いてましたが、普通でした  駅もイオンもレンタカーも近くでとても便利でした  東京出張時はまたおねがいします","","","出張で二泊しました ツインルーム少し狭いと聞いてましたが、普通でした  駅もイオンもレンタカーも近くでとても便利でした  東京出張時はまたおねがいします","","","ちーちゃんさん"
"","FALSE","じゃらん","3","2026-04-22","羽田から朝早い飛行機に乗る際に前泊しました。お部屋はお風呂はいたって普通ですが、なんと言っても立地が便利で買い物や食事、羽田へのリムジンバス乗り場が近いので子連れには楽でした。","","","羽田から朝早い飛行機に乗る際に前泊しました。お部屋はお風呂はいたって普通ですが、なんと言っても立地が便利で買い物や食事、羽田へのリムジンバス乗り場が近いので子連れには楽でした。","","","はるさん","","FALSE","じゃらん","3","2026-04-22","羽田から朝早い飛行機に乗る際に前泊しました。お部屋はお風呂はいたって普通ですが、なんと言っても立地が便利で買い物や食事、羽田へのリムジンバス乗り場が近いので子連れには楽でした。","","","羽田から朝早い飛行機に乗る際に前泊しました。お部屋はお風呂はいたって普通ですが、なんと言っても立地が便利で買い物や食事、羽田へのリムジンバス乗り場が近いので子連れには楽でした。","","","はるさん"
"","FALSE","じゃらん","3","2026-04-22","駅から近く近隣にイオンもあるので便利  エレベーターは3機しかないので時間帯によっては困るかもしれない","","","駅から近く近隣にイオンもあるので便利  エレベーターは3機しかないので時間帯によっては困るかもしれない","","","トーコサムマルコルピさん","","FALSE","じゃらん","3","2026-04-22","駅から近く近隣にイオンもあるので便利  エレベーターは3機しかないので時間帯によっては困るかもしれない","","","駅から近く近隣にイオンもあるので便利  エレベーターは3機しかないので時間帯によっては困るかもしれない","","","トーコサムマルコルピさん"
"","FALSE","じゃらん","4","2026-04-22","ライブの為に宿泊。チェックイン前に荷物を預かって頂き、大助かりでした。そのまま、向かい側にあるイオンで食事を済ませ、会場へ。乗り換え等のアクセスも便利でした。終演後も、ホテル近くにテイクアウト可能のお店やコンビニがあり、夜遅くでも食事調達には困らず、安心でした。なんといっても、チェックアウトが12時なので、疲れた体をしっかりと癒やす事が出来て、本当に有り難かったです。  チェックアウト時に受付の女性の方の「いってらっしゃい」の笑顔で、とても清々しい気持ちになり、ホテルを後にしました。  最後になりましたが、ホテルでの忘れ物に対して、迅速にご丁寧に、対応して頂き、どうもありがとうございました。お世話になりました。又、東京に行く際はぜひ使わせて頂きたいと思います。","","","ライブの為に宿泊。チェックイン前に荷物を預かって頂き、大助かりでした。そのまま、向かい側にあるイオンで食事を済ませ、会場へ。乗り換え等のアクセスも便利でした。終演後も、ホテル近くにテイクアウト可能のお店やコンビニがあり、夜遅くでも食事調達には困らず、安心でした。なんといっても、チェックアウトが12時なので、疲れた体をしっかりと癒やす事が出来て、本当に有り難かったです。  チェックアウト時に受付の女性の方の「いってらっしゃい」の笑顔で、とても清々しい気持ちになり、ホテルを後にしました。  最後になりましたが、ホテルでの忘れ物に対して、迅速にご丁寧に、対応して頂き、どうもありがとうございました。お世話になりました。又、東京に行く際はぜひ使わせて頂きたいと思います。","","","むらちゃんさん","","FALSE","じゃらん","4","2026-04-22","ライブの為に宿泊。チェックイン前に荷物を預かって頂き、大助かりでした。そのまま、向かい側にあるイオンで食事を済ませ、会場へ。乗り換え等のアクセスも便利でした。終演後も、ホテル近くにテイクアウト可能のお店やコンビニがあり、夜遅くでも食事調達には困らず、安心でした。なんといっても、チェックアウトが12時なので、疲れた体をしっかりと癒やす事が出来て、本当に有り難かったです。  チェックアウト時に受付の女性の方の「いってらっしゃい」の笑顔で、とても清々しい気持ちになり、ホテルを後にしました。  最後になりましたが、ホテルでの忘れ物に対して、迅速にご丁寧に、対応して頂き、どうもありがとうございました。お世話になりました。又、東京に行く際はぜひ使わせて頂きたいと思います。","","","ライブの為に宿泊。チェックイン前に荷物を預かって頂き、大助かりでした。そのまま、向かい側にあるイオンで食事を済ませ、会場へ。乗り換え等のアクセスも便利でした。終演後も、ホテル近くにテイクアウト可能のお店やコンビニがあり、夜遅くでも食事調達には困らず、安心でした。なんといっても、チェックアウトが12時なので、疲れた体をしっかりと癒やす事が出来て、本当に有り難かったです。  チェックアウト時に受付の女性の方の「いってらっしゃい」の笑顔で、とても清々しい気持ちになり、ホテルを後にしました。  最後になりましたが、ホテルでの忘れ物に対して、迅速にご丁寧に、対応して頂き、どうもありがとうございました。お世話になりました。又、東京に行く際はぜひ使わせて頂きたいと思います。","","","むらちゃんさん"
"","FALSE","Trip.com","10","2026-04-21","ホテルの方の対応がとても良いです。 ２人で泊まりましたが、何も問題ないです。 夜景もよかったです。 コンビニが分かりづらく少し回りましたが、近くにあります。 ディズニーへの立地がとてもよく、色々な線にアクセスしてるので乗り継ぎが便利だった。 また利用させていただきます。","","","ホテルの方の対応がとても良いです。 ２人で泊まりましたが、何も問題ないです。 夜景もよかったです。 コンビニが分かりづらく少し回りましたが、近くにあります。 ディズニーへの立地がとてもよく、色々な線にアクセスしてるので乗り継ぎが便利だった。 また利用させていただきます。","","","ゲ‍ス‍ト","","FALSE","Trip.com","10","2026-04-21","ホテルの方の対応がとても良いです。 ２人で泊まりましたが、何も問題ないです。 夜景もよかったです。 コンビニが分かりづらく少し回りましたが、近くにあります。 ディズニーへの立地がとてもよく、色々な線にアクセスしてるので乗り継ぎが便利だった。 また利用させていただきます。","","","ホテルの方の対応がとても良いです。 ２人で泊まりましたが、何も問題ないです。 夜景もよかったです。 コンビニが分かりづらく少し回りましたが、近くにあります。 ディズニーへの立地がとてもよく、色々な線にアクセスしてるので乗り継ぎが便利だった。 また利用させていただきます。","","","ゲ‍ス‍ト"
"","FALSE","Trip.com","9","2026-04-21","東品川哈頓酒店  酒店位於臨海線的海濱站，出站過馬路即到酒店。酒店看起來很迷你，前台服務親切，房間設施齊全，床品很柔軟，大堂有房間輔助物，附近有永旺超市（AEON）イオン、購物方便，去東京上野新宿也是很方便，早餐一般，品種不多，但住店客人很多，需要排隊等候。","","","東品川ハットンホテルは、りんかい線の海側駅近く、駅のすぐ向かいに位置しています。ホテル自体は小規模ですが、フロントの対応は親切で、客室設備も充実しており、寝具は肌触りが良く、ロビーにはアメニティも用意されています。近くにはイオンがあり、買い物にも便利。上野や新宿へのアクセスも抜群です。朝食は種類は限られていますが、宿泊客に大変人気があるため、行列に並ぶ必要があるかもしれません。","","","J‍i‍n‍j‍i‍n‍g","","FALSE","Trip.com","9","2026-04-21","東品川哈頓酒店  酒店位於臨海線的海濱站，出站過馬路即到酒店。酒店看起來很迷你，前台服務親切，房間設施齊全，床品很柔軟，大堂有房間輔助物，附近有永旺超市（AEON）イオン、購物方便，去東京上野新宿也是很方便，早餐一般，品種不多，但住店客人很多，需要排隊等候。","","","東品川ハットンホテルは、りんかい線の海側駅近く、駅のすぐ向かいに位置しています。ホテル自体は小規模ですが、フロントの対応は親切で、客室設備も充実しており、寝具は肌触りが良く、ロビーにはアメニティも用意されています。近くにはイオンがあり、買い物にも便利。上野や新宿へのアクセスも抜群です。朝食は種類は限られていますが、宿泊客に大変人気があるため、行列に並ぶ必要があるかもしれません。","","","J‍i‍n‍j‍i‍n‍g"
"","FALSE","じゃらん","4","2026-04-21","出張で利用させて頂きました。部屋も綺麗で、窓からは羽田に向かう飛行機が良く見えました。駅近でコンビニも近くて大変便利でした。","","","出張で利用させて頂きました。部屋も綺麗で、窓からは羽田に向かう飛行機が良く見えました。駅近でコンビニも近くて大変便利でした。","","","ひーさん","","FALSE","じゃらん","4","2026-04-21","出張で利用させて頂きました。部屋も綺麗で、窓からは羽田に向かう飛行機が良く見えました。駅近でコンビニも近くて大変便利でした。","","","出張で利用させて頂きました。部屋も綺麗で、窓からは羽田に向かう飛行機が良く見えました。駅近でコンビニも近くて大変便利でした。","","","ひーさん"
"","FALSE","じゃらん","4","2026-04-21","駅近だし近くにイオンもらあるので便利です。  12時チェックアウトだったのでゆっくりできたのも良かったです。","","","駅近だし近くにイオンもらあるので便利です。  12時チェックアウトだったのでゆっくりできたのも良かったです。","","","ややこさん","","FALSE","じゃらん","4","2026-04-21","駅近だし近くにイオンもらあるので便利です。  12時チェックアウトだったのでゆっくりできたのも良かったです。","","","駅近だし近くにイオンもらあるので便利です。  12時チェックアウトだったのでゆっくりできたのも良かったです。","","","ややこさん"
"","FALSE","じゃらん","4","2026-04-21","出張で利用させて頂きました。エコノミーツインという少し狭めの部屋ではありましたが、最近の東京のホテルの値段を考えると、かなり割安に泊まれたかなと思います。ホテルのレストランもありますし、近くにイオンや青物横丁などもあるので、食事も困りません。また、仕事の時はりようしたいです。","","","出張で利用させて頂きました。エコノミーツインという少し狭めの部屋ではありましたが、最近の東京のホテルの値段を考えると、かなり割安に泊まれたかなと思います。ホテルのレストランもありますし、近くにイオンや青物横丁などもあるので、食事も困りません。また、仕事の時はりようしたいです。","","","モフさん","","FALSE","じゃらん","4","2026-04-21","出張で利用させて頂きました。エコノミーツインという少し狭めの部屋ではありましたが、最近の東京のホテルの値段を考えると、かなり割安に泊まれたかなと思います。ホテルのレストランもありますし、近くにイオンや青物横丁などもあるので、食事も困りません。また、仕事の時はりようしたいです。","","","出張で利用させて頂きました。エコノミーツインという少し狭めの部屋ではありましたが、最近の東京のホテルの値段を考えると、かなり割安に泊まれたかなと思います。ホテルのレストランもありますし、近くにイオンや青物横丁などもあるので、食事も困りません。また、仕事の時はりようしたいです。","","","モフさん"
"","FALSE","Booking.com","9","2026-04-20","","The staff very kind and helpful","Ben collegata e al di sopra delle aspettative! L’hotel meriterebbe 4 stelle ⭐️⭐️⭐️⭐️","","スタッフはとても親切で協力的でした","交通の便も良く、期待以上でした！このホテルは4つ星に値します⭐️⭐️⭐️⭐️","Raffaele","","FALSE","Booking.com","9","2026-04-20","","The staff very kind and helpful","Ben collegata e al di sopra delle aspettative! L’hotel meriterebbe 4 stelle ⭐️⭐️⭐️⭐️","","スタッフはとても親切で協力的でした","交通の便も良く、期待以上でした！このホテルは4つ星に値します⭐️⭐️⭐️⭐️","Raffaele"
"","FALSE","Agoda","8","2026-04-20","近くにイオンもあり、買い物も便利でした","","","近くにイオンもあり、買い物も便利でした","","","SHINGO","","FALSE","Agoda","8","2026-04-20","近くにイオンもあり、買い物も便利でした","","","近くにイオンもあり、買い物も便利でした","","","SHINGO"
"","FALSE","じゃらん","1","2026-04-20","立地、接客的にもよいホテルだと思います。  ただ、今回のお部屋の掃除はあまりにも雑でした。  ベッドのわきに前宿泊者の方の使用済み綿棒が落ちていました。  白い糸くずと共に、商品タグを止めるプラスチックの破片が落ちていました。  お部屋の掃除はスピード勝負ですし、  濃い色味の絨毯ですので、ゴミや汚れは目立たないため、  軽い掃除機掛けで終えているのだと思います。  ただ、白い綿棒と糸くずなどを見落としているのにはとても驚きました。  かなり気持ち悪かったです。  そのため、総合評価は１にいたしました。","","","立地、接客的にもよいホテルだと思います。  ただ、今回のお部屋の掃除はあまりにも雑でした。  ベッドのわきに前宿泊者の方の使用済み綿棒が落ちていました。  白い糸くずと共に、商品タグを止めるプラスチックの破片が落ちていました。  お部屋の掃除はスピード勝負ですし、  濃い色味の絨毯ですので、ゴミや汚れは目立たないため、  軽い掃除機掛けで終えているのだと思います。  ただ、白い綿棒と糸くずなどを見落としているのにはとても驚きました。  かなり気持ち悪かったです。  そのため、総合評価は１にいたしました。","","","もいもいさん","","FALSE","じゃらん","1","2026-04-20","立地、接客的にもよいホテルだと思います。  ただ、今回のお部屋の掃除はあまりにも雑でした。  ベッドのわきに前宿泊者の方の使用済み綿棒が落ちていました。  白い糸くずと共に、商品タグを止めるプラスチックの破片が落ちていました。  お部屋の掃除はスピード勝負ですし、  濃い色味の絨毯ですので、ゴミや汚れは目立たないため、  軽い掃除機掛けで終えているのだと思います。  ただ、白い綿棒と糸くずなどを見落としているのにはとても驚きました。  かなり気持ち悪かったです。  そのため、総合評価は１にいたしました。","","","立地、接客的にもよいホテルだと思います。  ただ、今回のお部屋の掃除はあまりにも雑でした。  ベッドのわきに前宿泊者の方の使用済み綿棒が落ちていました。  白い糸くずと共に、商品タグを止めるプラスチックの破片が落ちていました。  お部屋の掃除はスピード勝負ですし、  濃い色味の絨毯ですので、ゴミや汚れは目立たないため、  軽い掃除機掛けで終えているのだと思います。  ただ、白い綿棒と糸くずなどを見落としているのにはとても驚きました。  かなり気持ち悪かったです。  そのため、総合評価は１にいたしました。","","","もいもいさん"
"","FALSE","楽天トラベル","5","2026-04-20","いつ来てもフロントの対応がとても丁寧で素晴らしい。","","","いつ来てもフロントの対応がとても丁寧で素晴らしい。","","","あやゆうまま1123","","FALSE","楽天トラベル","5","2026-04-20","いつ来てもフロントの対応がとても丁寧で素晴らしい。","","","いつ来てもフロントの対応がとても丁寧で素晴らしい。","","","あやゆうまま1123"
"","FALSE","楽天トラベル","1","2026-04-20","何度か泊まらせて頂きましたが、今回に限り部屋のエアコンをかけるとカビ臭いにおいがして、掃除をしていないのではないかと思ってしまうくらいなにおいでした。  あと、部屋着にコーヒーのにおいが染み付いていて、さすがに着ることができませんでした。  アクセスがよく、使い勝手がよいホテルなので今後、改善して頂ければなと思いました。","","","何度か泊まらせて頂きましたが、今回に限り部屋のエアコンをかけるとカビ臭いにおいがして、掃除をしていないのではないかと思ってしまうくらいなにおいでした。  あと、部屋着にコーヒーのにおいが染み付いていて、さすがに着ることができませんでした。  アクセスがよく、使い勝手がよいホテルなので今後、改善して頂ければなと思いました。","","","晴れ時々雨","","FALSE","楽天トラベル","1","2026-04-20","何度か泊まらせて頂きましたが、今回に限り部屋のエアコンをかけるとカビ臭いにおいがして、掃除をしていないのではないかと思ってしまうくらいなにおいでした。  あと、部屋着にコーヒーのにおいが染み付いていて、さすがに着ることができませんでした。  アクセスがよく、使い勝手がよいホテルなので今後、改善して頂ければなと思いました。","","","何度か泊まらせて頂きましたが、今回に限り部屋のエアコンをかけるとカビ臭いにおいがして、掃除をしていないのではないかと思ってしまうくらいなにおいでした。  あと、部屋着にコーヒーのにおいが染み付いていて、さすがに着ることができませんでした。  アクセスがよく、使い勝手がよいホテルなので今後、改善して頂ければなと思いました。","","","晴れ時々雨"
"","FALSE","楽天トラベル","3","2026-04-20","喫煙可能のお部屋だったのですが、煙草を吸わない事が分かるとお部屋を変えてもらえるようなお話をされました。この日は満室で出来なかったのですが、消臭剤の案内などしてくれて、とても気持ちの良い接客でした。チェックアウトも12時で他のホテルよりゆっくり出来るのがよかったです。近くにイオンがあるので、食事などもそこで調達出来て良かったです。残念だったのが電子レンジが1階のロビーにしかなかったので、買った物をそこまで持って行って温めなくてはいけなかった事です。","","","喫煙可能のお部屋だったのですが、煙草を吸わない事が分かるとお部屋を変えてもらえるようなお話をされました。この日は満室で出来なかったのですが、消臭剤の案内などしてくれて、とても気持ちの良い接客でした。チェックアウトも12時で他のホテルよりゆっくり出来るのがよかったです。近くにイオンがあるので、食事などもそこで調達出来て良かったです。残念だったのが電子レンジが1階のロビーにしかなかったので、買った物をそこまで持って行って温めなくてはいけなかった事です。","","","おろみなん","","FALSE","楽天トラベル","3","2026-04-20","喫煙可能のお部屋だったのですが、煙草を吸わない事が分かるとお部屋を変えてもらえるようなお話をされました。この日は満室で出来なかったのですが、消臭剤の案内などしてくれて、とても気持ちの良い接客でした。チェックアウトも12時で他のホテルよりゆっくり出来るのがよかったです。近くにイオンがあるので、食事などもそこで調達出来て良かったです。残念だったのが電子レンジが1階のロビーにしかなかったので、買った物をそこまで持って行って温めなくてはいけなかった事です。","","","喫煙可能のお部屋だったのですが、煙草を吸わない事が分かるとお部屋を変えてもらえるようなお話をされました。この日は満室で出来なかったのですが、消臭剤の案内などしてくれて、とても気持ちの良い接客でした。チェックアウトも12時で他のホテルよりゆっくり出来るのがよかったです。近くにイオンがあるので、食事などもそこで調達出来て良かったです。残念だったのが電子レンジが1階のロビーにしかなかったので、買った物をそこまで持って行って温めなくてはいけなかった事です。","","","おろみなん"
"","FALSE","Trip.com","10","2026-04-20","В лобби есть обменник и компьютер для удобной печати документов. Так же на первом этаже есть большая курилка и вендинг с мороженым.  Вид с 17 этажа открывался на порт и портовые краны.  Сам номер чистый и просторный для одного, но в целом достаточно стандартный для японских отелей. Персонал общительный, и хорошо владел английским.  Рекомендую.","","","ロビーには両替所と便利な書類印刷用のパソコンがあります。1階には広い喫煙エリアとアイスクリームの自動販売機もあります。17階からの眺めは港とクレーンでした。部屋自体は清潔で一人用としては広々としていましたが、全体的に日本のホテルとしてはごく標準的でした。スタッフは親切で英語も堪能でした。おすすめです。","","","S‍h‍a‍d‍o‍W‍o‍f‍A‍l‍e‍x‍3‍5‍7","","FALSE","Trip.com","10","2026-04-20","В лобби есть обменник и компьютер для удобной печати документов. Так же на первом этаже есть большая курилка и вендинг с мороженым.  Вид с 17 этажа открывался на порт и портовые краны.  Сам номер чистый и просторный для одного, но в целом достаточно стандартный для японских отелей. Персонал общительный, и хорошо владел английским.  Рекомендую.","","","ロビーには両替所と便利な書類印刷用のパソコンがあります。1階には広い喫煙エリアとアイスクリームの自動販売機もあります。17階からの眺めは港とクレーンでした。部屋自体は清潔で一人用としては広々としていましたが、全体的に日本のホテルとしてはごく標準的でした。スタッフは親切で英語も堪能でした。おすすめです。","","","S‍h‍a‍d‍o‍W‍o‍f‍A‍l‍e‍x‍3‍5‍7"
"","FALSE","Google","5","2026-04-20","","","","","","","冼台生","","FALSE","Google","5","2026-04-20","","","","","","","冼台生"
"","FALSE","Trip.com","9","2026-04-20","丁寧なご対応をして下さり、とても居心地の良い宿泊が出来ました。","","","丁寧なご対応をして下さり、とても居心地の良い宿泊が出来ました。","","","ゲ‍ス‍ト","","FALSE","Trip.com","9","2026-04-20","丁寧なご対応をして下さり、とても居心地の良い宿泊が出来ました。","","","丁寧なご対応をして下さり、とても居心地の良い宿泊が出来ました。","","","ゲ‍ス‍ト"
"","FALSE","Agoda","10","2026-04-19","仕事で品川辺りのビジネスホテルあちこち利用しますが、シングルにしてはかなりゆったりしている。独立型のお風呂ではないがここも浴槽やバストイレスペースも広め。駅出口Aから秒で着く目の前。道挟んでイオンもあり、スタバやバーガーキング等々食事出来る店もそこにあるので利便がいい。来月も再来月も予約出来ました。予約はまずこちらを覗いてから他を当たろうと思う。またお世話になります。","","","仕事で品川辺りのビジネスホテルあちこち利用しますが、シングルにしてはかなりゆったりしている。独立型のお風呂ではないがここも浴槽やバストイレスペースも広め。駅出口Aから秒で着く目の前。道挟んでイオンもあり、スタバやバーガーキング等々食事出来る店もそこにあるので利便がいい。来月も再来月も予約出来ました。予約はまずこちらを覗いてから他を当たろうと思う。またお世話になります。","","","陽子","","FALSE","Agoda","10","2026-04-19","仕事で品川辺りのビジネスホテルあちこち利用しますが、シングルにしてはかなりゆったりしている。独立型のお風呂ではないがここも浴槽やバストイレスペースも広め。駅出口Aから秒で着く目の前。道挟んでイオンもあり、スタバやバーガーキング等々食事出来る店もそこにあるので利便がいい。来月も再来月も予約出来ました。予約はまずこちらを覗いてから他を当たろうと思う。またお世話になります。","","","仕事で品川辺りのビジネスホテルあちこち利用しますが、シングルにしてはかなりゆったりしている。独立型のお風呂ではないがここも浴槽やバストイレスペースも広め。駅出口Aから秒で着く目の前。道挟んでイオンもあり、スタバやバーガーキング等々食事出来る店もそこにあるので利便がいい。来月も再来月も予約出来ました。予約はまずこちらを覗いてから他を当たろうと思う。またお世話になります。","","","陽子"
"","FALSE","Agoda","8","2026-04-19","街中からちょっと離れているから快適に過ごせるよ。","","","街中からちょっと離れているから快適に過ごせるよ。","","","Takanori","","FALSE","Agoda","8","2026-04-19","街中からちょっと離れているから快適に過ごせるよ。","","","街中からちょっと離れているから快適に過ごせるよ。","","","Takanori"
"","FALSE","Agoda","9","2026-04-19","very good and nice","","","とても良いし素敵です","","","katsunori","","FALSE","Agoda","9","2026-04-19","very good and nice","","","とても良いし素敵です","","","katsunori"
"","FALSE","楽天トラベル","5","2026-04-19","ホテルの従業員の方々の接客が本当に素晴らしいです。どの方も笑顔で、落ち着いた丁寧な話し方。小学生の子どもと宿泊したのですが、朝食時にお願いしなくてもミニストローが必要ではないかとお持ちいただいて、驚きの接客でした。チェックインの受付もスマートで、隣のお客様は外国の方でしたが、別の従業員の方が英語で対応されていました。ベッドが3つのお部屋を予約しましたが、ふかふかのベッドでぐっすり眠ることが出来ました。近くを高速道路が走っていますが、音もほとんど気になりませんでした。他のお部屋の音は全く聞こえません。角のお部屋だったので、通常の夜景に加えて、レインボーブリッジが見える眺望で感動しました。お部屋やバス・トイレも清潔でした。駅からもすぐ近くで、近くにイオンやコンビニもあり、とても便利でした。チェックアウトも12時までとゆっくりさせていただきましたし、チェックアウト後もお荷物の預かりを無料で行って下さるサービスは本当に助かりました。また近くに来た際は、是非こちらに宿泊したいです！","","","ホテルの従業員の方々の接客が本当に素晴らしいです。どの方も笑顔で、落ち着いた丁寧な話し方。小学生の子どもと宿泊したのですが、朝食時にお願いしなくてもミニストローが必要ではないかとお持ちいただいて、驚きの接客でした。チェックインの受付もスマートで、隣のお客様は外国の方でしたが、別の従業員の方が英語で対応されていました。ベッドが3つのお部屋を予約しましたが、ふかふかのベッドでぐっすり眠ることが出来ました。近くを高速道路が走っていますが、音もほとんど気になりませんでした。他のお部屋の音は全く聞こえません。角のお部屋だったので、通常の夜景に加えて、レインボーブリッジが見える眺望で感動しました。お部屋やバス・トイレも清潔でした。駅からもすぐ近くで、近くにイオンやコンビニもあり、とても便利でした。チェックアウトも12時までとゆっくりさせていただきましたし、チェックアウト後もお荷物の預かりを無料で行って下さるサービスは本当に助かりました。また近くに来た際は、是非こちらに宿泊したいです！","","","ぴちこまる","","FALSE","楽天トラベル","5","2026-04-19","ホテルの従業員の方々の接客が本当に素晴らしいです。どの方も笑顔で、落ち着いた丁寧な話し方。小学生の子どもと宿泊したのですが、朝食時にお願いしなくてもミニストローが必要ではないかとお持ちいただいて、驚きの接客でした。チェックインの受付もスマートで、隣のお客様は外国の方でしたが、別の従業員の方が英語で対応されていました。ベッドが3つのお部屋を予約しましたが、ふかふかのベッドでぐっすり眠ることが出来ました。近くを高速道路が走っていますが、音もほとんど気になりませんでした。他のお部屋の音は全く聞こえません。角のお部屋だったので、通常の夜景に加えて、レインボーブリッジが見える眺望で感動しました。お部屋やバス・トイレも清潔でした。駅からもすぐ近くで、近くにイオンやコンビニもあり、とても便利でした。チェックアウトも12時までとゆっくりさせていただきましたし、チェックアウト後もお荷物の預かりを無料で行って下さるサービスは本当に助かりました。また近くに来た際は、是非こちらに宿泊したいです！","","","ホテルの従業員の方々の接客が本当に素晴らしいです。どの方も笑顔で、落ち着いた丁寧な話し方。小学生の子どもと宿泊したのですが、朝食時にお願いしなくてもミニストローが必要ではないかとお持ちいただいて、驚きの接客でした。チェックインの受付もスマートで、隣のお客様は外国の方でしたが、別の従業員の方が英語で対応されていました。ベッドが3つのお部屋を予約しましたが、ふかふかのベッドでぐっすり眠ることが出来ました。近くを高速道路が走っていますが、音もほとんど気になりませんでした。他のお部屋の音は全く聞こえません。角のお部屋だったので、通常の夜景に加えて、レインボーブリッジが見える眺望で感動しました。お部屋やバス・トイレも清潔でした。駅からもすぐ近くで、近くにイオンやコンビニもあり、とても便利でした。チェックアウトも12時までとゆっくりさせていただきましたし、チェックアウト後もお荷物の預かりを無料で行って下さるサービスは本当に助かりました。また近くに来た際は、是非こちらに宿泊したいです！","","","ぴちこまる"
"","FALSE","楽天トラベル","4","2026-04-19","家族4人で素泊まりをさせていただきました。 お値段がとても安く、目の前に小さめのイオンと、横には飲食店が複数入る複合施設があり、コンビニもあるため夕食や朝食の買い出しには困りませんでした。また、羽田空港が近いため、すぐ近くに飛行機が飛んでいたり、高層階だと窓から見える夜景が非常に綺麗でした。 喫煙ルームしか空いていなかったため、室内にこびりついたような匂いがすごかったですが、最低限の設備もあり羽田空港や東京駅へのアクセスも良いため、また東京に行く際には利用させていただきたいです。 ","","","家族4人で素泊まりをさせていただきました。 お値段がとても安く、目の前に小さめのイオンと、横には飲食店が複数入る複合施設があり、コンビニもあるため夕食や朝食の買い出しには困りませんでした。また、羽田空港が近いため、すぐ近くに飛行機が飛んでいたり、高層階だと窓から見える夜景が非常に綺麗でした。 喫煙ルームしか空いていなかったため、室内にこびりついたような匂いがすごかったですが、最低限の設備もあり羽田空港や東京駅へのアクセスも良いため、また東京に行く際には利用させていただきたいです。 ","","","Kaeha","","FALSE","楽天トラベル","4","2026-04-19","家族4人で素泊まりをさせていただきました。 お値段がとても安く、目の前に小さめのイオンと、横には飲食店が複数入る複合施設があり、コンビニもあるため夕食や朝食の買い出しには困りませんでした。また、羽田空港が近いため、すぐ近くに飛行機が飛んでいたり、高層階だと窓から見える夜景が非常に綺麗でした。 喫煙ルームしか空いていなかったため、室内にこびりついたような匂いがすごかったですが、最低限の設備もあり羽田空港や東京駅へのアクセスも良いため、また東京に行く際には利用させていただきたいです。 ","","","家族4人で素泊まりをさせていただきました。 お値段がとても安く、目の前に小さめのイオンと、横には飲食店が複数入る複合施設があり、コンビニもあるため夕食や朝食の買い出しには困りませんでした。また、羽田空港が近いため、すぐ近くに飛行機が飛んでいたり、高層階だと窓から見える夜景が非常に綺麗でした。 喫煙ルームしか空いていなかったため、室内にこびりついたような匂いがすごかったですが、最低限の設備もあり羽田空港や東京駅へのアクセスも良いため、また東京に行く際には利用させていただきたいです。 ","","","Kaeha"
"","FALSE","Google","5","2026-04-19","フロントの方々、支配人様全てが素晴らしい対応をしてくださります","","","フロントの方々、支配人様全てが素晴らしい対応をしてくださります","","","儀藤憲作","","FALSE","Google","5","2026-04-19","フロントの方々、支配人様全てが素晴らしい対応をしてくださります","","","フロントの方々、支配人様全てが素晴らしい対応をしてくださります","","","儀藤憲作"
"","FALSE","Google","5","2026-04-19","","","","","","","本間清司","","FALSE","Google","5","2026-04-19","","","","","","","本間清司"
"","FALSE","Booking.com","10","2026-04-17","","","","","","","Ewa","","FALSE","Booking.com","10","2026-04-17","","","","","","","Ewa"
"","FALSE","Booking.com","4","2026-04-17","","りんかい線駅近くだった。部屋が綺麗だった。","コンビニ食品購入で電子レンジが無い、橋が無いなど。","","りんかい線駅近くだった。部屋が綺麗だった。","コンビニ食品購入で電子レンジが無い、橋が無いなど。","Kiyomitsu","","FALSE","Booking.com","4","2026-04-17","","りんかい線駅近くだった。部屋が綺麗だった。","コンビニ食品購入で電子レンジが無い、橋が無いなど。","","りんかい線駅近くだった。部屋が綺麗だった。","コンビニ食品購入で電子レンジが無い、橋が無いなど。","Kiyomitsu"
"","FALSE","楽天トラベル","3","2026-04-17","腰痛持ちですが、私が泊まった部屋の全ての設備や内装が腰に合わなかったです。シャワーのシャンプー等の位置、部屋の椅子やテーブル、冷蔵庫の位置、全てが低すぎる。腰をかがめられない人はちょっと厳しいと思います。逆にベッドはちょっと位置が高くて起き上がりにくい・・・。","","","腰痛持ちですが、私が泊まった部屋の全ての設備や内装が腰に合わなかったです。シャワーのシャンプー等の位置、部屋の椅子やテーブル、冷蔵庫の位置、全てが低すぎる。腰をかがめられない人はちょっと厳しいと思います。逆にベッドはちょっと位置が高くて起き上がりにくい・・・。","","","ふわもちくん","","FALSE","楽天トラベル","3","2026-04-17","腰痛持ちですが、私が泊まった部屋の全ての設備や内装が腰に合わなかったです。シャワーのシャンプー等の位置、部屋の椅子やテーブル、冷蔵庫の位置、全てが低すぎる。腰をかがめられない人はちょっと厳しいと思います。逆にベッドはちょっと位置が高くて起き上がりにくい・・・。","","","腰痛持ちですが、私が泊まった部屋の全ての設備や内装が腰に合わなかったです。シャワーのシャンプー等の位置、部屋の椅子やテーブル、冷蔵庫の位置、全てが低すぎる。腰をかがめられない人はちょっと厳しいと思います。逆にベッドはちょっと位置が高くて起き上がりにくい・・・。","","","ふわもちくん"
"","FALSE","Booking.com","10","2026-04-16","","","","","","","Sanae","","FALSE","Booking.com","10","2026-04-16","","","","","","","Sanae"
"","FALSE","楽天トラベル","4","2026-04-16","立地がとても良い、駅まで徒歩2分程、 夕食も徒歩10程で飲食街に行ける、 また、目の前にイオンがあるので便利だと思う","","","立地がとても良い、駅まで徒歩2分程、 夕食も徒歩10程で飲食街に行ける、 また、目の前にイオンがあるので便利だと思う","","","なおなおh","","FALSE","楽天トラベル","4","2026-04-16","立地がとても良い、駅まで徒歩2分程、 夕食も徒歩10程で飲食街に行ける、 また、目の前にイオンがあるので便利だと思う","","","立地がとても良い、駅まで徒歩2分程、 夕食も徒歩10程で飲食街に行ける、 また、目の前にイオンがあるので便利だと思う","","","なおなおh"
"","FALSE","楽天トラベル","4","2026-04-16","建物は多少古さを感じさせますが、とても清潔で、使いやすかったです。最寄り駅から3分とありますが、地上に出たらすぐ目の前にあり、ロケーションは抜群でした。イオンの隣にも飲食店が入ったビルがあり、スタッフの方に教えて頂いて、朝食はそちらで取りました。歩いて直ぐなので、助かりました。チェックアウトが12時までなので、朝食で外に出ても、戻ってからも時間に余裕があり、12時チェックアウトの魅力を痛感しました。スタッフの方は皆さんとても親切で、お陰様でよい滞在となりました。","","","建物は多少古さを感じさせますが、とても清潔で、使いやすかったです。最寄り駅から3分とありますが、地上に出たらすぐ目の前にあり、ロケーションは抜群でした。イオンの隣にも飲食店が入ったビルがあり、スタッフの方に教えて頂いて、朝食はそちらで取りました。歩いて直ぐなので、助かりました。チェックアウトが12時までなので、朝食で外に出ても、戻ってからも時間に余裕があり、12時チェックアウトの魅力を痛感しました。スタッフの方は皆さんとても親切で、お陰様でよい滞在となりました。","","","いぢわるマリー","","FALSE","楽天トラベル","4","2026-04-16","建物は多少古さを感じさせますが、とても清潔で、使いやすかったです。最寄り駅から3分とありますが、地上に出たらすぐ目の前にあり、ロケーションは抜群でした。イオンの隣にも飲食店が入ったビルがあり、スタッフの方に教えて頂いて、朝食はそちらで取りました。歩いて直ぐなので、助かりました。チェックアウトが12時までなので、朝食で外に出ても、戻ってからも時間に余裕があり、12時チェックアウトの魅力を痛感しました。スタッフの方は皆さんとても親切で、お陰様でよい滞在となりました。","","","建物は多少古さを感じさせますが、とても清潔で、使いやすかったです。最寄り駅から3分とありますが、地上に出たらすぐ目の前にあり、ロケーションは抜群でした。イオンの隣にも飲食店が入ったビルがあり、スタッフの方に教えて頂いて、朝食はそちらで取りました。歩いて直ぐなので、助かりました。チェックアウトが12時までなので、朝食で外に出ても、戻ってからも時間に余裕があり、12時チェックアウトの魅力を痛感しました。スタッフの方は皆さんとても親切で、お陰様でよい滞在となりました。","","","いぢわるマリー"
"","FALSE","Agoda","8","2026-04-16","朝ごはんが美味しかった！ かなりお腹いっぱいなった。","","","朝ごはんが美味しかった！ かなりお腹いっぱいなった。","","","Mayuko","","FALSE","Agoda","8","2026-04-16","朝ごはんが美味しかった！ かなりお腹いっぱいなった。","","","朝ごはんが美味しかった！ かなりお腹いっぱいなった。","","","Mayuko"
"","FALSE","Booking.com","7","2026-04-16","","","","","","","勝山","","FALSE","Booking.com","7","2026-04-16","","","","","","","勝山"
"","FALSE","Booking.com","10","2026-04-16","","สถานที่ใกล้รถไฟ","","","駅の近くに置く","","Nuntawit","","FALSE","Booking.com","10","2026-04-16","","สถานที่ใกล้รถไฟ","","","駅の近くに置く","","Nuntawit"
"","FALSE","Booking.com","10","2026-04-16","","","","","","","Piraya","","FALSE","Booking.com","10","2026-04-16","","","","","","","Piraya"
"","FALSE","Trip.com","9","2026-04-16","いつも綺麗で過ごしやすいです。","","","いつも綺麗で過ごしやすいです。","","","ゲ‍ス‍ト","","FALSE","Trip.com","9","2026-04-16","いつも綺麗で過ごしやすいです。","","","いつも綺麗で過ごしやすいです。","","","ゲ‍ス‍ト"
"","FALSE","Trip.com","10","2026-04-16","호텔은 시설은 연식이 된 것 같았지만 직원들은 매우 친절했습니다. 침대 및 욕실 상태가 항상 청결 상태가 유지되어 매우 만족스러웠습니다.","","","ホテルは施設が年式になったようだったが、スタッフはとてもフレンドリーでした。ベッドとバスルームの状態は常に清潔に保たれ、非常に満足していました。","","","ゲ‍ス‍ト","","FALSE","Trip.com","10","2026-04-16","호텔은 시설은 연식이 된 것 같았지만 직원들은 매우 친절했습니다. 침대 및 욕실 상태가 항상 청결 상태가 유지되어 매우 만족스러웠습니다.","","","ホテルは施設が年式になったようだったが、スタッフはとてもフレンドリーでした。ベッドとバスルームの状態は常に清潔に保たれ、非常に満足していました。","","","ゲ‍ス‍ト"
"","FALSE","Trip.com","9","2026-04-16","Pas mal j’ai réservé pour qlq jours en avance donc c’était l’un des moins cher, localisation ça va ça reste pas mal. Dans l’ensemble je recommande mais un détail que j’aime pas du tout franchement à ce prix il faut au moins des douches modernes et pas les 2 leviers ( 1 pour le chaud, et 1 pour le froid ) sinon tout était ok.","","","悪くなかったです。数日前に予約したので、かなり安かったです。立地も悪くなく、申し分ありません。全体的にはおすすめできますが、一つだけどうしても気に入らなかった点があります。正直言って、この値段なら、せめてモダンなシャワー設備が必要で、お湯と水が出るレバーが2つしかないのはいただけません。それ以外は全て問題ありませんでした。","","","W‍a‍l‍i‍d‍7‍7‍1","","FALSE","Trip.com","9","2026-04-16","Pas mal j’ai réservé pour qlq jours en avance donc c’était l’un des moins cher, localisation ça va ça reste pas mal. Dans l’ensemble je recommande mais un détail que j’aime pas du tout franchement à ce prix il faut au moins des douches modernes et pas les 2 leviers ( 1 pour le chaud, et 1 pour le froid ) sinon tout était ok.","","","悪くなかったです。数日前に予約したので、かなり安かったです。立地も悪くなく、申し分ありません。全体的にはおすすめできますが、一つだけどうしても気に入らなかった点があります。正直言って、この値段なら、せめてモダンなシャワー設備が必要で、お湯と水が出るレバーが2つしかないのはいただけません。それ以外は全て問題ありませんでした。","","","W‍a‍l‍i‍d‍7‍7‍1"
"","FALSE","Google","4","2026-04-16","品川シーサイド駅から地上に出ると目の前にあると言う立地の良さ。イオンモールがあり、困ることはありません。  3時のチェックイン前でしたが、荷物だけでも預かってもらえるか聞こうとしたら、部屋の準備ができているのでチェックインできますとのこと。頑なに時間になるまでチェックインさせてくれないホテルもありましたが、この臨機応変な所は好印象です。  部屋には歯ブラシしかないので、他のアメニティグッズはフロント横から持って行くスタイル。入浴剤があったら良かったなと思います。  部屋の窓からは大井ふ頭のコンビナート？が見られ、いつもと違う夜景も楽しかったです。  部屋は狭いですが、寝るだけなので問題なし。個別空調で喜んでいましたが、エアコンの調子が良くなかったのは残念でした。部屋着は丈の長いシャツタイプなので、パンツも付いているといいなぁと思います。(私はパジャマ持参派)  総じて満足の行くホテルでしたので、また機会があれば利用したいと思います。","","","品川シーサイド駅から地上に出ると目の前にあると言う立地の良さ。イオンモールがあり、困ることはありません。  3時のチェックイン前でしたが、荷物だけでも預かってもらえるか聞こうとしたら、部屋の準備ができているのでチェックインできますとのこと。頑なに時間になるまでチェックインさせてくれないホテルもありましたが、この臨機応変な所は好印象です。  部屋には歯ブラシしかないので、他のアメニティグッズはフロント横から持って行くスタイル。入浴剤があったら良かったなと思います。  部屋の窓からは大井ふ頭のコンビナート？が見られ、いつもと違う夜景も楽しかったです。  部屋は狭いですが、寝るだけなので問題なし。個別空調で喜んでいましたが、エアコンの調子が良くなかったのは残念でした。部屋着は丈の長いシャツタイプなので、パンツも付いているといいなぁと思います。(私はパジャマ持参派)  総じて満足の行くホテルでしたので、また機会があれば利用したいと思います。","","","Porco Rosso","","FALSE","Google","4","2026-04-16","品川シーサイド駅から地上に出ると目の前にあると言う立地の良さ。イオンモールがあり、困ることはありません。  3時のチェックイン前でしたが、荷物だけでも預かってもらえるか聞こうとしたら、部屋の準備ができているのでチェックインできますとのこと。頑なに時間になるまでチェックインさせてくれないホテルもありましたが、この臨機応変な所は好印象です。  部屋には歯ブラシしかないので、他のアメニティグッズはフロント横から持って行くスタイル。入浴剤があったら良かったなと思います。  部屋の窓からは大井ふ頭のコンビナート？が見られ、いつもと違う夜景も楽しかったです。  部屋は狭いですが、寝るだけなので問題なし。個別空調で喜んでいましたが、エアコンの調子が良くなかったのは残念でした。部屋着は丈の長いシャツタイプなので、パンツも付いているといいなぁと思います。(私はパジャマ持参派)  総じて満足の行くホテルでしたので、また機会があれば利用したいと思います。","","","品川シーサイド駅から地上に出ると目の前にあると言う立地の良さ。イオンモールがあり、困ることはありません。  3時のチェックイン前でしたが、荷物だけでも預かってもらえるか聞こうとしたら、部屋の準備ができているのでチェックインできますとのこと。頑なに時間になるまでチェックインさせてくれないホテルもありましたが、この臨機応変な所は好印象です。  部屋には歯ブラシしかないので、他のアメニティグッズはフロント横から持って行くスタイル。入浴剤があったら良かったなと思います。  部屋の窓からは大井ふ頭のコンビナート？が見られ、いつもと違う夜景も楽しかったです。  部屋は狭いですが、寝るだけなので問題なし。個別空調で喜んでいましたが、エアコンの調子が良くなかったのは残念でした。部屋着は丈の長いシャツタイプなので、パンツも付いているといいなぁと思います。(私はパジャマ持参派)  総じて満足の行くホテルでしたので、また機会があれば利用したいと思います。","","","Porco Rosso"
"","FALSE","Google","4","2026-04-16","","","","","","","小林高広","","FALSE","Google","4","2026-04-16","","","","","","","小林高広"
"","FALSE","Trip.com","10","2026-04-16","This is a very great hotel in Shinagawa! Very convenient and comfortable!","","","品川にあるとても素晴らしいホテルです！とても便利で快適です！","","","ゲ‍ス‍ト","","FALSE","Trip.com","10","2026-04-16","This is a very great hotel in Shinagawa! Very convenient and comfortable!","","","品川にあるとても素晴らしいホテルです！とても便利で快適です！","","","ゲ‍ス‍ト"
"","FALSE","じゃらん","5","2026-04-16","有明でコンサートがあり２泊連泊しました。駅前にありとても便利。駅直結のイオンモールが目の前にあり食べ物には困らない。お部屋は16平方メートルでツインなのに、配置がスッキリしており、それほど狭さを感じない。ユニットバスも広めで良かったです。また泊まりたいです。","","","有明でコンサートがあり２泊連泊しました。駅前にありとても便利。駅直結のイオンモールが目の前にあり食べ物には困らない。お部屋は16平方メートルでツインなのに、配置がスッキリしており、それほど狭さを感じない。ユニットバスも広めで良かったです。また泊まりたいです。","","","りんりんさん","","FALSE","じゃらん","5","2026-04-16","有明でコンサートがあり２泊連泊しました。駅前にありとても便利。駅直結のイオンモールが目の前にあり食べ物には困らない。お部屋は16平方メートルでツインなのに、配置がスッキリしており、それほど狭さを感じない。ユニットバスも広めで良かったです。また泊まりたいです。","","","有明でコンサートがあり２泊連泊しました。駅前にありとても便利。駅直結のイオンモールが目の前にあり食べ物には困らない。お部屋は16平方メートルでツインなのに、配置がスッキリしており、それほど狭さを感じない。ユニットバスも広めで良かったです。また泊まりたいです。","","","りんりんさん"
"","FALSE","楽天トラベル","4","2026-04-15","駅近で部屋も広くお風呂もきれいでした！","","","駅近で部屋も広くお風呂もきれいでした！","","","45ボンバイエ","","FALSE","楽天トラベル","4","2026-04-15","駅近で部屋も広くお風呂もきれいでした！","","","駅近で部屋も広くお風呂もきれいでした！","","","45ボンバイエ"
"","FALSE","Booking.com","8","2026-04-15","","駅近くとチェックアウトが12時がゆっくり出来て良いです。","大浴場があればと枕が選べたら良いなと思います。","","駅近くとチェックアウトが12時がゆっくり出来て良いです。","大浴場があればと枕が選べたら良いなと思います。","Hiromi","","FALSE","Booking.com","8","2026-04-15","","駅近くとチェックアウトが12時がゆっくり出来て良いです。","大浴場があればと枕が選べたら良いなと思います。","","駅近くとチェックアウトが12時がゆっくり出来て良いです。","大浴場があればと枕が選べたら良いなと思います。","Hiromi"
"","FALSE","Trip.com","10","2026-04-15","การเดินทางสะดวกค่ะ ทางเข้า keikyu line อยู่หน้าโรงแรมเลย แล้วก็มีห้าง Aeon ตรงข้ามโรงแรมด้วยค่ะ","","","立地は便利です。ホテルの目の前に京急線の駅があり、ホテルの向かいにはイオンモールもあります。","","","N‍a‍t‍t‍i‍d‍a‍ ‍C‍h‍u‍m‍c‍h‍u‍r","","FALSE","Trip.com","10","2026-04-15","การเดินทางสะดวกค่ะ ทางเข้า keikyu line อยู่หน้าโรงแรมเลย แล้วก็มีห้าง Aeon ตรงข้ามโรงแรมด้วยค่ะ","","","立地は便利です。ホテルの目の前に京急線の駅があり、ホテルの向かいにはイオンモールもあります。","","","N‍a‍t‍t‍i‍d‍a‍ ‍C‍h‍u‍m‍c‍h‍u‍r"
"","FALSE","Trip.com","9","2026-04-15","Spacious and good pricing. Location a bit far but there's a small train line passing","","","広々としていて値段も手頃。立地は少し遠いですが、小さな電車が通っています。","","","S‍a‍r‍u‍n‍ ‍P‍i‍n‍y‍a‍r‍a‍t","","FALSE","Trip.com","9","2026-04-15","Spacious and good pricing. Location a bit far but there's a small train line passing","","","広々としていて値段も手頃。立地は少し遠いですが、小さな電車が通っています。","","","S‍a‍r‍u‍n‍ ‍P‍i‍n‍y‍a‍r‍a‍t"
"","FALSE","Google","4","2026-04-15","","","","","","","M M","","FALSE","Google","4","2026-04-15","","","","","","","M M"
"","FALSE","Booking.com","8","2026-04-13","","駅から近い","グラスに口紅が付いていた","","駅から近い","グラスに口紅が付いていた","Mihoko","","FALSE","Booking.com","8","2026-04-13","","駅から近い","グラスに口紅が付いていた","","駅から近い","グラスに口紅が付いていた","Mihoko"
"","FALSE","Booking.com","8","2026-04-13","","","","","","","Puppo","","FALSE","Booking.com","8","2026-04-13","","","","","","","Puppo"
"","FALSE","Booking.com","9","2026-03-31","","朝食が美味しく　駅が近い    対応が　気持ちよく　親切","","","朝食が美味しく　駅が近い    対応が　気持ちよく　親切","","恵之","","","","","","","","","","","",""
"","FALSE","楽天トラベル","3","2026-03-31","こちらの確認不足で仕方ないことなのですが喫煙室を予約してしまっていました 空気清浄機もお借りして過ごしましたが 残念な一泊となってしまいました ただ、移動にはとても良い場所にあり 近くにはイオンもあって とても助かりました。 ","","","こちらの確認不足で仕方ないことなのですが喫煙室を予約してしまっていました 空気清浄機もお借りして過ごしましたが 残念な一泊となってしまいました ただ、移動にはとても良い場所にあり 近くにはイオンもあって とても助かりました。 ","","","すもも57571377","","","","","","","","","","","",""
"","FALSE","Trip.com","8","2026-03-31","Comfortable rooms, larger than average for Tokyo. Only issue is the location: while conveniently located next to the metro, it’s still a little far out from central Tokyo.","","","部屋は快適で、東京のホテルとしては平均よりも広い。唯一の難点は立地だ。地下鉄の駅に隣接していて便利ではあるが、都心からは少し離れている。","","","ゲ‍ス‍ト","","","","","","","","","","","",""
"","FALSE","Booking.com","8","2026-03-31","","とても清潔感がありました 最寄り駅からすぐで、目の前にショッピングモールがあるのでとても便利でした","特にありません","","とても清潔感がありました 最寄り駅からすぐで、目の前にショッピングモールがあるのでとても便利でした","特にありません","Naoko","","","","","","","","","","","",""
"","FALSE","楽天トラベル","5","2026-03-31","清潔感があり、周辺も静かです。 チェックアウトが12時までなのでモーニングをたべたり、ゆっくり準備できました。また利用したいです。","","","清潔感があり、周辺も静かです。 チェックアウトが12時までなのでモーニングをたべたり、ゆっくり準備できました。また利用したいです。","","","maruru","","","","","","","","","","","",""
"","FALSE","Agoda","8","2026-03-31","","とても清潔感がありました 最寄り駅からすぐで、目の前にショッピングモールがあるのでとても便利でした","特にありません","","とても清潔感がありました 最寄り駅からすぐで、目の前にショッピングモールがあるのでとても便利でした","特にありません","NAOKO","","","","","","","","","","","",""
"","FALSE","Agoda","9","2026-03-31","","朝食が美味しく　駅が近い    対応が　気持ちよく　親切","","","朝食が美味しく　駅が近い    対応が　気持ちよく　親切","","恵之","","","","","","","","","","","",""
"","FALSE","じゃらん","4","2026-03-31","まず、駅を上げればすぐにホテルなので、立地的にはかなり便利です。お値段も昨今の東京のホテルの値段から考えるとかなりリーゾナブルでコスパは高いです。出張で寝るだけと考えるとかなりおすすめではないでしょうか。","","","まず、駅を上げればすぐにホテルなので、立地的にはかなり便利です。お値段も昨今の東京のホテルの値段から考えるとかなりリーゾナブルでコスパは高いです。出張で寝るだけと考えるとかなりおすすめではないでしょうか。","","","たっちんさん","","","","","","","","","","","",""
"","FALSE","Booking.com","9","2026-03-30","","","","","","","齊藤","","","","","","","","","","","",""
"","FALSE","楽天トラベル","4","2026-03-30","素泊まりで利用しました。最寄り駅がりんかい線なので少し不便でしたが、ホテル自体は満足でした。","","","素泊まりで利用しました。最寄り駅がりんかい線なので少し不便でしたが、ホテル自体は満足でした。","","","僕がキラだ","","","","","","","","","","","",""
"","FALSE","楽天トラベル","5","2026-03-30","お部屋のブラインドが壊れていたけど、すぐに直しにきてくださいました。 りんかい線の入口もすぐ、空港行きのバス乗り場もすぐ、空港までもすぐ、飲食店、コンビニ、イオンと助かりました。 都内のホテル高騰の中助かりました。また東京旅行後半に使わせていただきたいです。","","","お部屋のブラインドが壊れていたけど、すぐに直しにきてくださいました。 りんかい線の入口もすぐ、空港行きのバス乗り場もすぐ、空港までもすぐ、飲食店、コンビニ、イオンと助かりました。 都内のホテル高騰の中助かりました。また東京旅行後半に使わせていただきたいです。","","","なおころっし","","","","","","","","","","","",""
"","FALSE","Trip.com","8","2026-03-30","3回目の宿泊でした。 素泊まりで利用しました。","","","3回目の宿泊でした。 素泊まりで利用しました。","","","匿‍名‍ユ‍ー‍ザ‍ー","","","","","","","","","","","",""
"","FALSE","Agoda","8","2026-03-30","立地がいい！ 海側の部屋で2泊しました。 チェックアウト時間が遅いのもお勧めポイントです。 またリピートしたいと思います。","","","立地がいい！ 海側の部屋で2泊しました。 チェックアウト時間が遅いのもお勧めポイントです。 またリピートしたいと思います。","","","Takako","","","","","","","","","","","",""
"","FALSE","Booking.com","10","2026-03-30","","","","","","","村上","","","","","","","","","","","",""
"","FALSE","Booking.com","8","2026-03-30","","Very clean place, good place to stay the night after long day of travel to Japan. Staff was very nice! :)","","","とても清潔な場所で、日本への長旅の後に一泊するのに最適です。スタッフの方々もとても親切でした！ :)","","Cedar","","","","","","","","","","","",""
"","FALSE","Booking.com","9","2026-03-30","","","","","","","Yi-ying","","","","","","","","","","","",""
"","FALSE","Trip.com","10","2026-03-30","everything is fine, only the location is a bit far from the city center","","","全て問題ないのですが、場所が市内中心部から少し離れているのが難点です。","","","ゲ‍ス‍ト","","","","","","","","","","","",""
"","FALSE","楽天トラベル","4","2026-03-30","はじめての利用でした。 駅から、とても近いのとイオンもあって 便利でした。 ","","","はじめての利用でした。 駅から、とても近いのとイオンもあって 便利でした。 ","","","はなはなひまり","","","","","","","","","","","",""
"","FALSE","楽天トラベル","4","2026-03-30","近くにイオンがあり、ご飯には困りませんでした。イオンの前にバス停もあり、交通の便もよかったです。","","","近くにイオンがあり、ご飯には困りませんでした。イオンの前にバス停もあり、交通の便もよかったです。","","","def8","","","","","","","","","","","",""
"","FALSE","じゃらん","5","2026-03-30","新宿 渋谷へのアクセス、羽田空港へも早朝はバスで  15分。部屋も清潔感あるし、すばらしいと思います。  早朝羽田空港の際は必ずつかいます。","","","新宿 渋谷へのアクセス、羽田空港へも早朝はバスで  15分。部屋も清潔感あるし、すばらしいと思います。  早朝羽田空港の際は必ずつかいます。","","","サトシさん","","","","","","","","","","","",""
"","FALSE","じゃらん","4","2026-03-30","駅から近く、すぐ側にイオンあり買い物便利。また、お部屋は狭かったが清潔感があり、ベッドも寝心地良かった。運河が見えるお部屋を希望したら、18階の運河沿いのお部屋にしてくれ、窓の下は運河が流れていて、夜には夜景が素晴らしかったです。","","","駅から近く、すぐ側にイオンあり買い物便利。また、お部屋は狭かったが清潔感があり、ベッドも寝心地良かった。運河が見えるお部屋を希望したら、18階の運河沿いのお部屋にしてくれ、窓の下は運河が流れていて、夜には夜景が素晴らしかったです。","","","まいさん","","FALSE","Booking.com","9","2026-03-31","","朝食が美味しく　駅が近い    対応が　気持ちよく　親切","","","朝食が美味しく　駅が近い    対応が　気持ちよく　親切","","恵之"
"","FALSE","Booking.com","9","2026-03-29","","La ubicación, limpieza","","","立地、清潔さ","","Pepi","","FALSE","楽天トラベル","3","2026-03-31","こちらの確認不足で仕方ないことなのですが喫煙室を予約してしまっていました 空気清浄機もお借りして過ごしましたが 残念な一泊となってしまいました ただ、移動にはとても良い場所にあり 近くにはイオンもあって とても助かりました。 ","","","こちらの確認不足で仕方ないことなのですが喫煙室を予約してしまっていました 空気清浄機もお借りして過ごしましたが 残念な一泊となってしまいました ただ、移動にはとても良い場所にあり 近くにはイオンもあって とても助かりました。 ","","","すもも57571377"
"","FALSE","楽天トラベル","4","2026-03-29","お部屋もきれいでエコノミーツインで一つがソファーベッドとなってましたが思ってた程狭くなく大変、満足でした。 ただ、コンビニ1分となってましたが1分？と思ってしまいました。 チェックインの時間が大幅に変更となり途中で遅れて連絡したところそれぞれ事情があるのにあまり気分の良い対応ではなくホテルに行く前から気分が悪かったです。 また、荷物を往復宅配便で送ったのですがホテルから自宅に送る際にガムテープを貸してくれずホテルの方のきちんとやっておきますという言葉を信じてお願いしたところ自宅に着いたダンボールは、きちんとガムテープがされておらず半開き状態でした。 最初からガムテープ貸してくれれば良いのにと思いました。その宅配便のやり取りの際に対応してない人がずっとこちらを直視して気分が悪かったです。 口コミでも拝見しましたがフロントの一部の方の対応で気分を害することもありますので改善していただければ星5でも良いかと思いました。","","","お部屋もきれいでエコノミーツインで一つがソファーベッドとなってましたが思ってた程狭くなく大変、満足でした。 ただ、コンビニ1分となってましたが1分？と思ってしまいました。 チェックインの時間が大幅に変更となり途中で遅れて連絡したところそれぞれ事情があるのにあまり気分の良い対応ではなくホテルに行く前から気分が悪かったです。 また、荷物を往復宅配便で送ったのですがホテルから自宅に送る際にガムテープを貸してくれずホテルの方のきちんとやっておきますという言葉を信じてお願いしたところ自宅に着いたダンボールは、きちんとガムテープがされておらず半開き状態でした。 最初からガムテープ貸してくれれば良いのにと思いました。その宅配便のやり取りの際に対応してない人がずっとこちらを直視して気分が悪かったです。 口コミでも拝見しましたがフロントの一部の方の対応で気分を害することもありますので改善していただければ星5でも良いかと思いました。","","","おたらさん","","FALSE","Trip.com","8","2026-03-31","Comfortable rooms, larger than average for Tokyo. Only issue is the location: while conveniently located next to the metro, it’s still a little far out from central Tokyo.","","","部屋は快適で、東京のホテルとしては平均よりも広い。唯一の難点は立地だ。地下鉄の駅に隣接していて便利ではあるが、都心からは少し離れている。","","","ゲ‍ス‍ト"
"","FALSE","楽天トラベル","5","2026-03-29","駅の目の前でアクセスが良くお部屋もお風呂も一般的なビジネスホテルよりも広く快適に過ごせました。価格も東京のホテルにしては割とリーズナブルでまた利用したいです。ありがとうございました。","","","駅の目の前でアクセスが良くお部屋もお風呂も一般的なビジネスホテルよりも広く快適に過ごせました。価格も東京のホテルにしては割とリーズナブルでまた利用したいです。ありがとうございました。","","","旅行好きななお","","FALSE","Booking.com","8","2026-03-31","","とても清潔感がありました 最寄り駅からすぐで、目の前にショッピングモールがあるのでとても便利でした","特にありません","","とても清潔感がありました 最寄り駅からすぐで、目の前にショッピングモールがあるのでとても便利でした","特にありません","Naoko"
"","FALSE","Google","5","2026-03-29","","","","","","","Gracia Amanda","","FALSE","楽天トラベル","5","2026-03-31","清潔感があり、周辺も静かです。 チェックアウトが12時までなのでモーニングをたべたり、ゆっくり準備できました。また利用したいです。","","","清潔感があり、周辺も静かです。 チェックアウトが12時までなのでモーニングをたべたり、ゆっくり準備できました。また利用したいです。","","","maruru"
"","FALSE","Google","4","2026-03-29","","","","","","","真砂楓","","FALSE","Agoda","8","2026-03-31","","とても清潔感がありました 最寄り駅からすぐで、目の前にショッピングモールがあるのでとても便利でした","特にありません","","とても清潔感がありました 最寄り駅からすぐで、目の前にショッピングモールがあるのでとても便利でした","特にありません","NAOKO"
"","FALSE","じゃらん","3","2026-03-29","駅近く最高に便利です。  イオンが横にあり買い物に便利。  近所に居酒屋、飲食店がたくさんあり、食に苦労しません。  次回もリピート確定です。","","","駅近く最高に便利です。  イオンが横にあり買い物に便利。  近所に居酒屋、飲食店がたくさんあり、食に苦労しません。  次回もリピート確定です。","","","かつみさん","","FALSE","Agoda","9","2026-03-31","","朝食が美味しく　駅が近い    対応が　気持ちよく　親切","","","朝食が美味しく　駅が近い    対応が　気持ちよく　親切","","恵之"
"","FALSE","Booking.com","8","2026-03-28","","Dicht bij treinstation","Het is oké voor 1 nacht als tussenstop","","駅に近い","一泊の乗り継ぎなら問題ありません。","C","","FALSE","じゃらん","4","2026-03-31","まず、駅を上げればすぐにホテルなので、立地的にはかなり便利です。お値段も昨今の東京のホテルの値段から考えるとかなりリーゾナブルでコスパは高いです。出張で寝るだけと考えるとかなりおすすめではないでしょうか。","","","まず、駅を上げればすぐにホテルなので、立地的にはかなり便利です。お値段も昨今の東京のホテルの値段から考えるとかなりリーゾナブルでコスパは高いです。出張で寝るだけと考えるとかなりおすすめではないでしょうか。","","","たっちんさん"
"","FALSE","Booking.com","7","2026-03-28","","","","","","","Miyu","","FALSE","Booking.com","9","2026-03-30","","","","","","","齊藤"
"","FALSE","Booking.com","10","2026-03-28","","Para nosotros fue todo perfecto, el tamaño de la habitación si bien era pequeña permita moverse dentro, a diferencia de otros hospedajes en Japón. La cama cómoda. Limpieza excelente y atención del personal también. Sin dudas volveríamos alojarnos aquí, la ubicación no es céntrica pero está muy bien comunicado con metro, tren y buses por lo que para Tokio lo hace una opción excelente","","","全てが完璧でした。部屋は狭かったものの、日本の他の宿泊施設とは違い、快適に動き回ることができました。ベッドも快適でした。清潔さも申し分なく、スタッフの方々もとても親切でした。ぜひまた利用したいと思います。立地は都心からは少し離れていますが、地下鉄、電車、バスの交通アクセスが非常に良く、東京観光には最適な選択肢です。","","German","","FALSE","楽天トラベル","4","2026-03-30","素泊まりで利用しました。最寄り駅がりんかい線なので少し不便でしたが、ホテル自体は満足でした。","","","素泊まりで利用しました。最寄り駅がりんかい線なので少し不便でしたが、ホテル自体は満足でした。","","","僕がキラだ"
"","FALSE","Trip.com","9","2026-03-28","出差來日本看展會，離big site不算遠，所以住在這了，除了外面風太大晚上出去散步比較痛苦以外沒什麼毛病","","","展示会に出席するため、出張で日本に来ました。ビッグサイトからもそれほど遠くないので、ここに滞在しています。外は風が強すぎて夜に散歩するのはかなり不快ですが、それ以外は特に問題ありません。","","","ゲ‍ス‍ト","","FALSE","楽天トラベル","5","2026-03-30","お部屋のブラインドが壊れていたけど、すぐに直しにきてくださいました。 りんかい線の入口もすぐ、空港行きのバス乗り場もすぐ、空港までもすぐ、飲食店、コンビニ、イオンと助かりました。 都内のホテル高騰の中助かりました。また東京旅行後半に使わせていただきたいです。","","","お部屋のブラインドが壊れていたけど、すぐに直しにきてくださいました。 りんかい線の入口もすぐ、空港行きのバス乗り場もすぐ、空港までもすぐ、飲食店、コンビニ、イオンと助かりました。 都内のホテル高騰の中助かりました。また東京旅行後半に使わせていただきたいです。","","","なおころっし"
"","FALSE","Trip.com","10","2026-03-28","連續住了三年了，都是選的抽煙房，窗户對着東京港，很美。","","","私はここに3年連続で宿泊していますが、いつも喫煙室を選んでいます。窓からは東京港が見えて、景色が素晴らしいです。","","","A‍n‍b‍o‍a‍n‍b‍o","","FALSE","Trip.com","8","2026-03-30","3回目の宿泊でした。 素泊まりで利用しました。","","","3回目の宿泊でした。 素泊まりで利用しました。","","","匿‍名‍ユ‍ー‍ザ‍ー"
"","FALSE","Booking.com","10","2026-03-28","","駅から近くて分かりやすかった","コンビニがもっと近くだといいのにな","","駅から近くて分かりやすかった","コンビニがもっと近くだといいのにな","Maki","","FALSE","Agoda","8","2026-03-30","立地がいい！ 海側の部屋で2泊しました。 チェックアウト時間が遅いのもお勧めポイントです。 またリピートしたいと思います。","","","立地がいい！ 海側の部屋で2泊しました。 チェックアウト時間が遅いのもお勧めポイントです。 またリピートしたいと思います。","","","Takako"
"","FALSE","Booking.com","8","2026-03-28","","","","","","","Tomoyoshi","","FALSE","Booking.com","10","2026-03-30","","","","","","","村上"
"","FALSE","Booking.com","8","2026-03-28","","Personnel disponible  Petit déjeuner copieux  Chambre correcte Bien situé pour repartir vers l'aéroport Haneda  Centre commercial juste en face","Un peu bruyant","","親切なスタッフ、ボリュームたっぷりの朝食、快適な客室、羽田空港へのフライトに便利な立地、通りの向かいにはショッピングセンターあり","少しうるさい","Gil","","FALSE","Booking.com","8","2026-03-30","","Very clean place, good place to stay the night after long day of travel to Japan. Staff was very nice! :)","","","とても清潔な場所で、日本への長旅の後に一泊するのに最適です。スタッフの方々もとても親切でした！ :)","","Cedar"
"","FALSE","Booking.com","10","2026-03-27","","","","","","","Toyoharu","","FALSE","Booking.com","9","2026-03-30","","","","","","","Yi-ying"
"","FALSE","Booking.com","6","2026-03-27","","","","","","","Ken","","FALSE","Trip.com","10","2026-03-30","everything is fine, only the location is a bit far from the city center","","","全て問題ないのですが、場所が市内中心部から少し離れているのが難点です。","","","ゲ‍ス‍ト"
"","FALSE","Google","3","2026-03-27","","","","","","","DSファイター","","FALSE","楽天トラベル","4","2026-03-30","はじめての利用でした。 駅から、とても近いのとイオンもあって 便利でした。 ","","","はじめての利用でした。 駅から、とても近いのとイオンもあって 便利でした。 ","","","はなはなひまり"
"","FALSE","じゃらん","4","2026-03-27","領収書の課題は再訪の際には解決しており、レセプションスタッフにも引き継がれていた。ハード面は引き続き問題なし","","","領収書の課題は再訪の際には解決しており、レセプションスタッフにも引き継がれていた。ハード面は引き続き問題なし","","","はげともさん","","FALSE","楽天トラベル","4","2026-03-30","近くにイオンがあり、ご飯には困りませんでした。イオンの前にバス停もあり、交通の便もよかったです。","","","近くにイオンがあり、ご飯には困りませんでした。イオンの前にバス停もあり、交通の便もよかったです。","","","def8"
"","FALSE","Booking.com","9","2026-03-27","","Sehr freundliches und hilfsbereites Personal, das uns bei einer Suchaktion in der Kommunikation mit den anderen Unterkünften sehr gut geholfen hat.","","","非常に親切で協力的だったスタッフの方々は、捜索活動中に他の宿泊施設との連絡を取る際に大変助けてくれました。","","Mo","","FALSE","じゃらん","5","2026-03-30","新宿 渋谷へのアクセス、羽田空港へも早朝はバスで  15分。部屋も清潔感あるし、すばらしいと思います。  早朝羽田空港の際は必ずつかいます。","","","新宿 渋谷へのアクセス、羽田空港へも早朝はバスで  15分。部屋も清潔感あるし、すばらしいと思います。  早朝羽田空港の際は必ずつかいます。","","","サトシさん"
"","FALSE","Booking.com","7","2026-03-27","","","","","","","Clarissa","","FALSE","じゃらん","4","2026-03-30","駅から近く、すぐ側にイオンあり買い物便利。また、お部屋は狭かったが清潔感があり、ベッドも寝心地良かった。運河が見えるお部屋を希望したら、18階の運河沿いのお部屋にしてくれ、窓の下は運河が流れていて、夜には夜景が素晴らしかったです。","","","駅から近く、すぐ側にイオンあり買い物便利。また、お部屋は狭かったが清潔感があり、ベッドも寝心地良かった。運河が見えるお部屋を希望したら、18階の運河沿いのお部屋にしてくれ、窓の下は運河が流れていて、夜には夜景が素晴らしかったです。","","","まいさん"
"","FALSE","じゃらん","4","2026-03-27","「全体的に可もなく不可もなく、快適に過ごせました。浴室の換気ボタンが見当たらず少し戸惑いましたが、大きな問題はありませんでした。壁がやや薄いのか隣の部屋のくしゃみが聞こえる場面はありましたが、総合的には満足です。」","","","「全体的に可もなく不可もなく、快適に過ごせました。浴室の換気ボタンが見当たらず少し戸惑いましたが、大きな問題はありませんでした。壁がやや薄いのか隣の部屋のくしゃみが聞こえる場面はありましたが、総合的には満足です。」","","","さっちむさん","","FALSE","Booking.com","9","2026-03-29","","La ubicación, limpieza","","","立地、清潔さ","","Pepi"
"","FALSE","じゃらん","4","2026-03-27","出張時いつも利用させて頂いています。  海側の部屋はベットが広く、また高層階でもシャワーの水圧が高く  快適に過ごせます。  唯一お願いしたいのは、パジャマタイプに寝具を変更して欲しいです。  クリーニング、サイズ、コストの問題があるかと考えますが、  ご検討して頂ければと考えます。","","","出張時いつも利用させて頂いています。  海側の部屋はベットが広く、また高層階でもシャワーの水圧が高く  快適に過ごせます。  唯一お願いしたいのは、パジャマタイプに寝具を変更して欲しいです。  クリーニング、サイズ、コストの問題があるかと考えますが、  ご検討して頂ければと考えます。","","","パパぱんださん","","FALSE","楽天トラベル","4","2026-03-29","お部屋もきれいでエコノミーツインで一つがソファーベッドとなってましたが思ってた程狭くなく大変、満足でした。 ただ、コンビニ1分となってましたが1分？と思ってしまいました。 チェックインの時間が大幅に変更となり途中で遅れて連絡したところそれぞれ事情があるのにあまり気分の良い対応ではなくホテルに行く前から気分が悪かったです。 また、荷物を往復宅配便で送ったのですがホテルから自宅に送る際にガムテープを貸してくれずホテルの方のきちんとやっておきますという言葉を信じてお願いしたところ自宅に着いたダンボールは、きちんとガムテープがされておらず半開き状態でした。 最初からガムテープ貸してくれれば良いのにと思いました。その宅配便のやり取りの際に対応してない人がずっとこちらを直視して気分が悪かったです。 口コミでも拝見しましたがフロントの一部の方の対応で気分を害することもありますので改善していただければ星5でも良いかと思いました。","","","お部屋もきれいでエコノミーツインで一つがソファーベッドとなってましたが思ってた程狭くなく大変、満足でした。 ただ、コンビニ1分となってましたが1分？と思ってしまいました。 チェックインの時間が大幅に変更となり途中で遅れて連絡したところそれぞれ事情があるのにあまり気分の良い対応ではなくホテルに行く前から気分が悪かったです。 また、荷物を往復宅配便で送ったのですがホテルから自宅に送る際にガムテープを貸してくれずホテルの方のきちんとやっておきますという言葉を信じてお願いしたところ自宅に着いたダンボールは、きちんとガムテープがされておらず半開き状態でした。 最初からガムテープ貸してくれれば良いのにと思いました。その宅配便のやり取りの際に対応してない人がずっとこちらを直視して気分が悪かったです。 口コミでも拝見しましたがフロントの一部の方の対応で気分を害することもありますので改善していただければ星5でも良いかと思いました。","","","おたらさん"
"","FALSE","じゃらん","5","2026-03-27","駅から近くて、というのが移動しながらのお泊まりだったので、とっても良かったです  大浴場があるのも嬉しかったです。","","","駅から近くて、というのが移動しながらのお泊まりだったので、とっても良かったです  大浴場があるのも嬉しかったです。","","","ユッチさん","","FALSE","楽天トラベル","5","2026-03-29","駅の目の前でアクセスが良くお部屋もお風呂も一般的なビジネスホテルよりも広く快適に過ごせました。価格も東京のホテルにしては割とリーズナブルでまた利用したいです。ありがとうございました。","","","駅の目の前でアクセスが良くお部屋もお風呂も一般的なビジネスホテルよりも広く快適に過ごせました。価格も東京のホテルにしては割とリーズナブルでまた利用したいです。ありがとうございました。","","","旅行好きななお"
"","FALSE","Google","3","2026-03-26","","","","","","","K Y","","FALSE","Google","5","2026-03-29","","","","","","","Gracia Amanda"
"","FALSE","Trip.com","10","2026-03-26","お風呂も広いし 部屋も綺麗 アクセスもいいし、また利用したいです！","","","お風呂も広いし 部屋も綺麗 アクセスもいいし、また利用したいです！","","","ゲ‍ス‍ト","","FALSE","Google","4","2026-03-29","","","","","","","真砂楓"
"","FALSE","Booking.com","9","2026-03-26","","","","","","","Sharon","","FALSE","じゃらん","3","2026-03-29","駅近く最高に便利です。  イオンが横にあり買い物に便利。  近所に居酒屋、飲食店がたくさんあり、食に苦労しません。  次回もリピート確定です。","","","駅近く最高に便利です。  イオンが横にあり買い物に便利。  近所に居酒屋、飲食店がたくさんあり、食に苦労しません。  次回もリピート確定です。","","","かつみさん"
"","FALSE","Booking.com","9","2026-03-26","","","","","","","Alejandro","","FALSE","Booking.com","8","2026-03-28","","Dicht bij treinstation","Het is oké voor 1 nacht als tussenstop","","駅に近い","一泊の乗り継ぎなら問題ありません。","C"
"","FALSE","Trip.com","9","2026-03-26","交通非常方便，超市就在隔鄰非常安靜，品川駅至酒店的士1600日元非常便宜。","","","交通の便が非常に良く、スーパーマーケットはすぐ隣にあり、とても静かです。品川駅からホテルまでのタクシー料金はわずか1600円で、非常に安価です。","","","ゲ‍ス‍ト","","FALSE","Booking.com","7","2026-03-28","","","","","","","Miyu"
"","FALSE","楽天トラベル","3","2026-03-26","孫の誕生で休みの日に合わせて急遽の宿泊でした。イオンも近く便利な立地の割に安く泊まれて助かりました。 部屋は低層階なので、わずかに海が見える程度。朝は学生らしき人達のカッター訓練や行き交う船をぼ〜と見て疲れを取りました。 シングルルームをツインにした狭さでしたが、長旅で身体を横にするだけで良かったので十分でした。部屋も清潔にされていました。","","","孫の誕生で休みの日に合わせて急遽の宿泊でした。イオンも近く便利な立地の割に安く泊まれて助かりました。 部屋は低層階なので、わずかに海が見える程度。朝は学生らしき人達のカッター訓練や行き交う船をぼ〜と見て疲れを取りました。 シングルルームをツインにした狭さでしたが、長旅で身体を横にするだけで良かったので十分でした。部屋も清潔にされていました。","","","ＡＲＵＲＵ9316","","FALSE","Booking.com","10","2026-03-28","","Para nosotros fue todo perfecto, el tamaño de la habitación si bien era pequeña permita moverse dentro, a diferencia de otros hospedajes en Japón. La cama cómoda. Limpieza excelente y atención del personal también. Sin dudas volveríamos alojarnos aquí, la ubicación no es céntrica pero está muy bien comunicado con metro, tren y buses por lo que para Tokio lo hace una opción excelente","","","全てが完璧でした。部屋は狭かったものの、日本の他の宿泊施設とは違い、快適に動き回ることができました。ベッドも快適でした。清潔さも申し分なく、スタッフの方々もとても親切でした。ぜひまた利用したいと思います。立地は都心からは少し離れていますが、地下鉄、電車、バスの交通アクセスが非常に良く、東京観光には最適な選択肢です。","","German"
"","FALSE","じゃらん","5","2026-03-26","代々木体育館でのイベントの為利用しました。  駅から近いし、向かえには大きなイオンがありお部屋も予約時と違う大きなお部屋を用意してもらい大満足のホテルでした。","","","代々木体育館でのイベントの為利用しました。  駅から近いし、向かえには大きなイオンがありお部屋も予約時と違う大きなお部屋を用意してもらい大満足のホテルでした。","","","ゆうさん","","FALSE","Trip.com","9","2026-03-28","出差來日本看展會，離big site不算遠，所以住在這了，除了外面風太大晚上出去散步比較痛苦以外沒什麼毛病","","","展示会に出席するため、出張で日本に来ました。ビッグサイトからもそれほど遠くないので、ここに滞在しています。外は風が強すぎて夜に散歩するのはかなり不快ですが、それ以外は特に問題ありません。","","","ゲ‍ス‍ト"
"","FALSE","じゃらん","5","2026-03-26","駅の近くで雨が雨が降って来たけど大丈夫な距離でした。  スタッフの方達は、対応がとても良かったです。  アメニティもいろいろありました。  自販機もありました。","","","駅の近くで雨が雨が降って来たけど大丈夫な距離でした。  スタッフの方達は、対応がとても良かったです。  アメニティもいろいろありました。  自販機もありました。","","","ま〜ちゃんさん","","FALSE","Trip.com","10","2026-03-28","連續住了三年了，都是選的抽煙房，窗户對着東京港，很美。","","","私はここに3年連続で宿泊していますが、いつも喫煙室を選んでいます。窓からは東京港が見えて、景色が素晴らしいです。","","","A‍n‍b‍o‍a‍n‍b‍o"
"","FALSE","Google","4","2026-03-25","ホテルは清潔そのもので、スタッフの方々もとても親切です。提供されるサービスも素晴らしいです。  唯一の難点は、東京の主要観光エリアから公共交通機関で少なくとも30分かかることです。しかし、品川海浜駅の向かいに位置し、青物横町駅から徒歩約15分という好立地なので、アクセスはかなり楽です。品揃え豊富なショッピングモールもすぐ近くにあります。","","","ホテルは清潔そのもので、スタッフの方々もとても親切です。提供されるサービスも素晴らしいです。  唯一の難点は、東京の主要観光エリアから公共交通機関で少なくとも30分かかることです。しかし、品川海浜駅の向かいに位置し、青物横町駅から徒歩約15分という好立地なので、アクセスはかなり楽です。品揃え豊富なショッピングモールもすぐ近くにあります。","","","Luca Cuccu","","FALSE","Booking.com","10","2026-03-28","","駅から近くて分かりやすかった","コンビニがもっと近くだといいのにな","","駅から近くて分かりやすかった","コンビニがもっと近くだといいのにな","Maki"
"","FALSE","じゃらん","4","2026-03-25","駅近で徒歩圏内に飲食店やスーパーもあり受付の方の対応も良く、部屋も綺麗、何よりチェックアウト時間も12時と遅めで良い。  ただ1つだけその長所を台無しにするのが9時頃からの他の部屋の清掃、外国人スタッフさんなのか話しながら作業しておりガタガタドスンと作業音が大きいので、チェックアウトまでゴロゴロ二度寝しようとしていたのを起こされ最後までくつろぐことが出来なかったのが残念。","","","駅近で徒歩圏内に飲食店やスーパーもあり受付の方の対応も良く、部屋も綺麗、何よりチェックアウト時間も12時と遅めで良い。  ただ1つだけその長所を台無しにするのが9時頃からの他の部屋の清掃、外国人スタッフさんなのか話しながら作業しておりガタガタドスンと作業音が大きいので、チェックアウトまでゴロゴロ二度寝しようとしていたのを起こされ最後までくつろぐことが出来なかったのが残念。","","","クマさん","","FALSE","Booking.com","8","2026-03-28","","","","","","","Tomoyoshi"
"","FALSE","じゃらん","5","2026-03-25","とても居心地が良くて最高でした！イオンや駅が近くにあり、とても良い立地だなと感じました、また泊まりたいです！","","","とても居心地が良くて最高でした！イオンや駅が近くにあり、とても良い立地だなと感じました、また泊まりたいです！","","","みゆさん","","FALSE","Booking.com","8","2026-03-28","","Personnel disponible  Petit déjeuner copieux  Chambre correcte Bien situé pour repartir vers l'aéroport Haneda  Centre commercial juste en face","Un peu bruyant","","親切なスタッフ、ボリュームたっぷりの朝食、快適な客室、羽田空港へのフライトに便利な立地、通りの向かいにはショッピングセンターあり","少しうるさい","Gil"
"","FALSE","Google","1","2026-03-25","チェックインの際にフロントにいる女性スタッフ（特にこのレビューに多くあがっている名前の方）、お客様に対してとても失礼な対応をしていました。毎日お仕事で疲れていることやストレスが溜まっていることは分かりますが、仕事は仕事でオンオフきっちりした方がいいホテルの顔になれると思いますよ笑","","","チェックインの際にフロントにいる女性スタッフ（特にこのレビューに多くあがっている名前の方）、お客様に対してとても失礼な対応をしていました。毎日お仕事で疲れていることやストレスが溜まっていることは分かりますが、仕事は仕事でオンオフきっちりした方がいいホテルの顔になれると思いますよ笑","","","洋","","FALSE","Booking.com","10","2026-03-27","","","","","","","Toyoharu"
"","FALSE","Trip.com","10","2026-03-24","駅からも近くて良かったです。また利用したいと思います。コンビニが近くにあれば最高なのですが。あったけど私がわからなかっただけかも。","","","駅からも近くて良かったです。また利用したいと思います。コンビニが近くにあれば最高なのですが。あったけど私がわからなかっただけかも。","","","ゲ‍ス‍ト","","FALSE","Booking.com","6","2026-03-27","","","","","","","Ken"
"","FALSE","Booking.com","6","2026-03-24","","駅が近い  商業施設が近い","駐車場有だったが、大きく高さの有る車は入らない  朝ごはん、トースターが付いてたらあの感じでもまあ良かったになる　サバじゃなくてシャケなら良かった","","駅が近い  商業施設が近い","駐車場有だったが、大きく高さの有る車は入らない  朝ごはん、トースターが付いてたらあの感じでもまあ良かったになる　サバじゃなくてシャケなら良かった","Mutsumi","","FALSE","Google","3","2026-03-27","","","","","","","DSファイター"
"","FALSE","Agoda","7","2026-03-24","""The inside of the hotel building was clean, and I think it was a very good cost-effectiveness including breakfast."" It's very close to the station and accessible.","","","「ホテルの建物内は清潔で、朝食付きで料金も非常にリーズナブルだったと思います。」駅からも非常に近く、アクセスも便利です。","","","陸椰","","FALSE","じゃらん","4","2026-03-27","領収書の課題は再訪の際には解決しており、レセプションスタッフにも引き継がれていた。ハード面は引き続き問題なし","","","領収書の課題は再訪の際には解決しており、レセプションスタッフにも引き継がれていた。ハード面は引き続き問題なし","","","はげともさん"
"","FALSE","Trip.com","9","2026-03-24","位置真的很好！","","","立地が本当に素晴らしいです！","","","匿‍名‍ユ‍ー‍ザ‍ー","","FALSE","Booking.com","9","2026-03-27","","Sehr freundliches und hilfsbereites Personal, das uns bei einer Suchaktion in der Kommunikation mit den anderen Unterkünften sehr gut geholfen hat.","","","非常に親切で協力的だったスタッフの方々は、捜索活動中に他の宿泊施設との連絡を取る際に大変助けてくれました。","","Mo"
"","FALSE","Trip.com","10","2026-03-24","便利なロケーション。広いベッド","","","便利なロケーション。広いベッド","","","ゲ‍ス‍ト","","FALSE","Booking.com","7","2026-03-27","","","","","","","Clarissa"
"","FALSE","Agoda","10","2026-03-24","お値段リーズナブルで良いホテルでした。チェックアウトが、12時のところも良いですね","","","お値段リーズナブルで良いホテルでした。チェックアウトが、12時のところも良いですね","","","yasunori","","FALSE","じゃらん","4","2026-03-27","「全体的に可もなく不可もなく、快適に過ごせました。浴室の換気ボタンが見当たらず少し戸惑いましたが、大きな問題はありませんでした。壁がやや薄いのか隣の部屋のくしゃみが聞こえる場面はありましたが、総合的には満足です。」","","","「全体的に可もなく不可もなく、快適に過ごせました。浴室の換気ボタンが見当たらず少し戸惑いましたが、大きな問題はありませんでした。壁がやや薄いのか隣の部屋のくしゃみが聞こえる場面はありましたが、総合的には満足です。」","","","さっちむさん"
"","FALSE","Booking.com","9","2026-03-24","","The bed was really comfortable. The front desk staff were really nice and helpful and even helped me send my luggage. I love the location as it’s across from a train station and shopping area. I also really appreciate that you can open the windows a little for fresh air.","The breakfast isn’t worth it. The food was lukewarm and nothing stood out except the terrible coffee.","","ベッドは本当に快適でした。フロントのスタッフはとても親切で、荷物の運搬まで手伝ってくれました。駅とショッピングエリアの向かいという立地も気に入っています。窓を少し開けて新鮮な空気を取り入れられるのもとてもありがたかったです。","朝食はおすすめできません。料理はぬるく、ひどいコーヒー以外に特筆すべき点は何もありませんでした。","Lynnette","","FALSE","じゃらん","4","2026-03-27","出張時いつも利用させて頂いています。  海側の部屋はベットが広く、また高層階でもシャワーの水圧が高く  快適に過ごせます。  唯一お願いしたいのは、パジャマタイプに寝具を変更して欲しいです。  クリーニング、サイズ、コストの問題があるかと考えますが、  ご検討して頂ければと考えます。","","","出張時いつも利用させて頂いています。  海側の部屋はベットが広く、また高層階でもシャワーの水圧が高く  快適に過ごせます。  唯一お願いしたいのは、パジャマタイプに寝具を変更して欲しいです。  クリーニング、サイズ、コストの問題があるかと考えますが、  ご検討して頂ければと考えます。","","","パパぱんださん"
"","FALSE","Booking.com","10","2026-03-24","","利便性がよかった。洗面所周りが広く全体的に綺麗でお安くお得感があった。","特になかった。","","利便性がよかった。洗面所周りが広く全体的に綺麗でお安くお得感があった。","特になかった。","Mayumi","","FALSE","じゃらん","5","2026-03-27","駅から近くて、というのが移動しながらのお泊まりだったので、とっても良かったです  大浴場があるのも嬉しかったです。","","","駅から近くて、というのが移動しながらのお泊まりだったので、とっても良かったです  大浴場があるのも嬉しかったです。","","","ユッチさん"
"","FALSE","Google","4","2026-03-24","","","","","","","Yoshio Kamiya","","FALSE","Google","3","2026-03-26","","","","","","","K Y"
"","FALSE","じゃらん","5","2026-03-24","先日初めて小学生の息子と宿泊させていただきました。  お部屋は綺麗に整えられており、朝のバイキングも丁度良い印象でした。  ホテルが、駅から目の前なことと、イ◯ンさんが徒歩圏内にあったため忘れ物もカバーできました。  また、お部屋のマットレスがたいへん寝心地がよく腰への負担が軽減されました。  また機会がありましたら、宿泊したいホテルの一つになりました。  ありがとうございました。  一点だけ、申し上げますと冬の時期が終わっていたからなのかもしれませんが、加湿器があるとありがたかったなと思います。","","","先日初めて小学生の息子と宿泊させていただきました。  お部屋は綺麗に整えられており、朝のバイキングも丁度良い印象でした。  ホテルが、駅から目の前なことと、イ◯ンさんが徒歩圏内にあったため忘れ物もカバーできました。  また、お部屋のマットレスがたいへん寝心地がよく腰への負担が軽減されました。  また機会がありましたら、宿泊したいホテルの一つになりました。  ありがとうございました。  一点だけ、申し上げますと冬の時期が終わっていたからなのかもしれませんが、加湿器があるとありがたかったなと思います。","","","雪菜さん","","FALSE","Trip.com","10","2026-03-26","お風呂も広いし 部屋も綺麗 アクセスもいいし、また利用したいです！","","","お風呂も広いし 部屋も綺麗 アクセスもいいし、また利用したいです！","","","ゲ‍ス‍ト"
"","FALSE","Booking.com","8","2026-03-23","","清潔で良かった","高さ制限のある車は、別の駐車場に停めるようになりますが、不便でした","","清潔で良かった","高さ制限のある車は、別の駐車場に停めるようになりますが、不便でした","Yorio","","FALSE","Booking.com","9","2026-03-26","","","","","","","Sharon"
"","FALSE","楽天トラベル","5","2026-03-23","最寄り駅から近く、荷物が多かったので移動が楽で良かったです。 お部屋も運良く海側だったので夜景も朝日もキレイでした。 朝ごはんのパンが温められず冷たいままだったのが残念でしたが、全体的に価格に対して満足度が高かったです。 また利用したいと思います。 ","","","最寄り駅から近く、荷物が多かったので移動が楽で良かったです。 お部屋も運良く海側だったので夜景も朝日もキレイでした。 朝ごはんのパンが温められず冷たいままだったのが残念でしたが、全体的に価格に対して満足度が高かったです。 また利用したいと思います。 ","","","あかるりも","","FALSE","Booking.com","9","2026-03-26","","","","","","","Alejandro"
"","FALSE","楽天トラベル","5","2026-03-23","深夜のチェックインになってしまったにもかかわらず親切に対応していただきました。 直前の予約だった為仕方ないですがもう少し安いと助かります。 立地は最高です！ 羽田空港まで近くのバス停からリムジンバスも出ています。","","","深夜のチェックインになってしまったにもかかわらず親切に対応していただきました。 直前の予約だった為仕方ないですがもう少し安いと助かります。 立地は最高です！ 羽田空港まで近くのバス停からリムジンバスも出ています。","","","MMMAKKK","","FALSE","Trip.com","9","2026-03-26","交通非常方便，超市就在隔鄰非常安靜，品川駅至酒店的士1600日元非常便宜。","","","交通の便が非常に良く、スーパーマーケットはすぐ隣にあり、とても静かです。品川駅からホテルまでのタクシー料金はわずか1600円で、非常に安価です。","","","ゲ‍ス‍ト"
"","FALSE","楽天トラベル","5","2026-03-23","10階のツインルームに宿泊。15時からチェックインなので14時前くらいからロビーで待っていたら(フロントからは離れていてスタッフには話しかけていない)、スタッフが話しかけにきてくれまして、部屋にご案内していただけ、非常に助かりました。 私もホテルのフロントで働いていますが、うちのホテルはアーリーインは料金がかかります。それだけでも素晴らしいサービスだと感じました。 アメニティにコーヒーパック(ドトールの！)とメイク落としがあって嬉しかったです。 ベッドは寝心地がよくってぐっすりでした。枕が、そばがらと、ふかふか系の枕の2種類がそれぞれのベッドに置いてあります。 朝食は7時に行って正解、ひっきりなしに人が来ていました。青汁があるのが珍しくて嬉しい！部屋に持ち帰り用のコーヒーもうれしい。ワッフルやクロワッサンがあり。魚はひとつだけ。加工肉や卵料理は充実。和食が少なめですが満足です。チェックアウトはカードキーをボックスに入れるだけ。品川に行きやすく、立地もよく満足です。お台場のライブの疲れがとれました。ありがとうございます。","","","10階のツインルームに宿泊。15時からチェックインなので14時前くらいからロビーで待っていたら(フロントからは離れていてスタッフには話しかけていない)、スタッフが話しかけにきてくれまして、部屋にご案内していただけ、非常に助かりました。 私もホテルのフロントで働いていますが、うちのホテルはアーリーインは料金がかかります。それだけでも素晴らしいサービスだと感じました。 アメニティにコーヒーパック(ドトールの！)とメイク落としがあって嬉しかったです。 ベッドは寝心地がよくってぐっすりでした。枕が、そばがらと、ふかふか系の枕の2種類がそれぞれのベッドに置いてあります。 朝食は7時に行って正解、ひっきりなしに人が来ていました。青汁があるのが珍しくて嬉しい！部屋に持ち帰り用のコーヒーもうれしい。ワッフルやクロワッサンがあり。魚はひとつだけ。加工肉や卵料理は充実。和食が少なめですが満足です。チェックアウトはカードキーをボックスに入れるだけ。品川に行きやすく、立地もよく満足です。お台場のライブの疲れがとれました。ありがとうございます。","","","popmart03194","","FALSE","楽天トラベル","3","2026-03-26","孫の誕生で休みの日に合わせて急遽の宿泊でした。イオンも近く便利な立地の割に安く泊まれて助かりました。 部屋は低層階なので、わずかに海が見える程度。朝は学生らしき人達のカッター訓練や行き交う船をぼ〜と見て疲れを取りました。 シングルルームをツインにした狭さでしたが、長旅で身体を横にするだけで良かったので十分でした。部屋も清潔にされていました。","","","孫の誕生で休みの日に合わせて急遽の宿泊でした。イオンも近く便利な立地の割に安く泊まれて助かりました。 部屋は低層階なので、わずかに海が見える程度。朝は学生らしき人達のカッター訓練や行き交う船をぼ〜と見て疲れを取りました。 シングルルームをツインにした狭さでしたが、長旅で身体を横にするだけで良かったので十分でした。部屋も清潔にされていました。","","","ＡＲＵＲＵ9316"
"","FALSE","楽天トラベル","3","2026-03-23","チェックインはスムーズにして下さったが、どなたも笑顔がなく　たんたんとこなされてる感じ。フロントはホテルの顔なので気になってしまいました。部屋が狭かった。イオンが目の前なので時間潰しや買い物には困りません。","","","チェックインはスムーズにして下さったが、どなたも笑顔がなく　たんたんとこなされてる感じ。フロントはホテルの顔なので気になってしまいました。部屋が狭かった。イオンが目の前なので時間潰しや買い物には困りません。","","","かねごろう","","FALSE","じゃらん","5","2026-03-26","代々木体育館でのイベントの為利用しました。  駅から近いし、向かえには大きなイオンがありお部屋も予約時と違う大きなお部屋を用意してもらい大満足のホテルでした。","","","代々木体育館でのイベントの為利用しました。  駅から近いし、向かえには大きなイオンがありお部屋も予約時と違う大きなお部屋を用意してもらい大満足のホテルでした。","","","ゆうさん"
"","FALSE","Booking.com","8","2026-03-23","","","","","","","Rubén","","FALSE","じゃらん","5","2026-03-26","駅の近くで雨が雨が降って来たけど大丈夫な距離でした。  スタッフの方達は、対応がとても良かったです。  アメニティもいろいろありました。  自販機もありました。","","","駅の近くで雨が雨が降って来たけど大丈夫な距離でした。  スタッフの方達は、対応がとても良かったです。  アメニティもいろいろありました。  自販機もありました。","","","ま〜ちゃんさん"
"","FALSE","じゃらん","4","2026-03-23","ゆったりできました。交通機関も近くて移動も便利でした。お風呂が広めで良かっです。また機会があれば宿泊します。","","","ゆったりできました。交通機関も近くて移動も便利でした。お風呂が広めで良かっです。また機会があれば宿泊します。","","","まゆさん","","FALSE","Google","4","2026-03-25","ホテルは清潔そのもので、スタッフの方々もとても親切です。提供されるサービスも素晴らしいです。  唯一の難点は、東京の主要観光エリアから公共交通機関で少なくとも30分かかることです。しかし、品川海浜駅の向かいに位置し、青物横町駅から徒歩約15分という好立地なので、アクセスはかなり楽です。品揃え豊富なショッピングモールもすぐ近くにあります。","","","ホテルは清潔そのもので、スタッフの方々もとても親切です。提供されるサービスも素晴らしいです。  唯一の難点は、東京の主要観光エリアから公共交通機関で少なくとも30分かかることです。しかし、品川海浜駅の向かいに位置し、青物横町駅から徒歩約15分という好立地なので、アクセスはかなり楽です。品揃え豊富なショッピングモールもすぐ近くにあります。","","","Luca Cuccu"
"","FALSE","楽天トラベル","3","2026-03-22","割り箸をフロントでいただいて大変助かりました","","","割り箸をフロントでいただいて大変助かりました","","","yamato391106","","FALSE","じゃらん","4","2026-03-25","駅近で徒歩圏内に飲食店やスーパーもあり受付の方の対応も良く、部屋も綺麗、何よりチェックアウト時間も12時と遅めで良い。  ただ1つだけその長所を台無しにするのが9時頃からの他の部屋の清掃、外国人スタッフさんなのか話しながら作業しておりガタガタドスンと作業音が大きいので、チェックアウトまでゴロゴロ二度寝しようとしていたのを起こされ最後までくつろぐことが出来なかったのが残念。","","","駅近で徒歩圏内に飲食店やスーパーもあり受付の方の対応も良く、部屋も綺麗、何よりチェックアウト時間も12時と遅めで良い。  ただ1つだけその長所を台無しにするのが9時頃からの他の部屋の清掃、外国人スタッフさんなのか話しながら作業しておりガタガタドスンと作業音が大きいので、チェックアウトまでゴロゴロ二度寝しようとしていたのを起こされ最後までくつろぐことが出来なかったのが残念。","","","クマさん"
"","","","","","","","","","","","","","FALSE","じゃらん","5","2026-03-25","とても居心地が良くて最高でした！イオンや駅が近くにあり、とても良い立地だなと感じました、また泊まりたいです！","","","とても居心地が良くて最高でした！イオンや駅が近くにあり、とても良い立地だなと感じました、また泊まりたいです！","","","みゆさん"
"","","","","","","","","","","","","","FALSE","Google","1","2026-03-25","チェックインの際にフロントにいる女性スタッフ（特にこのレビューに多くあがっている名前の方）、お客様に対してとても失礼な対応をしていました。毎日お仕事で疲れていることやストレスが溜まっていることは分かりますが、仕事は仕事でオンオフきっちりした方がいいホテルの顔になれると思いますよ笑","","","チェックインの際にフロントにいる女性スタッフ（特にこのレビューに多くあがっている名前の方）、お客様に対してとても失礼な対応をしていました。毎日お仕事で疲れていることやストレスが溜まっていることは分かりますが、仕事は仕事でオンオフきっちりした方がいいホテルの顔になれると思いますよ笑","","","洋"
"","","","","","","","","","","","","","FALSE","Trip.com","10","2026-03-24","駅からも近くて良かったです。また利用したいと思います。コンビニが近くにあれば最高なのですが。あったけど私がわからなかっただけかも。","","","駅からも近くて良かったです。また利用したいと思います。コンビニが近くにあれば最高なのですが。あったけど私がわからなかっただけかも。","","","ゲ‍ス‍ト"
"","","","","","","","","","","","","","FALSE","Booking.com","6","2026-03-24","","駅が近い  商業施設が近い","駐車場有だったが、大きく高さの有る車は入らない  朝ごはん、トースターが付いてたらあの感じでもまあ良かったになる　サバじゃなくてシャケなら良かった","","駅が近い  商業施設が近い","駐車場有だったが、大きく高さの有る車は入らない  朝ごはん、トースターが付いてたらあの感じでもまあ良かったになる　サバじゃなくてシャケなら良かった","Mutsumi"
"","","","","","","","","","","","","","FALSE","Agoda","7","2026-03-24","""The inside of the hotel building was clean, and I think it was a very good cost-effectiveness including breakfast."" It's very close to the station and accessible.","","","「ホテルの建物内は清潔で、朝食付きで料金も非常にリーズナブルだったと思います。」駅からも非常に近く、アクセスも便利です。","","","陸椰"
"","","","","","","","","","","","","","FALSE","Trip.com","9","2026-03-24","位置真的很好！","","","立地が本当に素晴らしいです！","","","匿‍名‍ユ‍ー‍ザ‍ー"
"","","","","","","","","","","","","","FALSE","Trip.com","10","2026-03-24","便利なロケーション。広いベッド","","","便利なロケーション。広いベッド","","","ゲ‍ス‍ト"
"","","","","","","","","","","","","","FALSE","Agoda","10","2026-03-24","お値段リーズナブルで良いホテルでした。チェックアウトが、12時のところも良いですね","","","お値段リーズナブルで良いホテルでした。チェックアウトが、12時のところも良いですね","","","yasunori"
"","","","","","","","","","","","","","FALSE","Booking.com","9","2026-03-24","","The bed was really comfortable. The front desk staff were really nice and helpful and even helped me send my luggage. I love the location as it’s across from a train station and shopping area. I also really appreciate that you can open the windows a little for fresh air.","The breakfast isn’t worth it. The food was lukewarm and nothing stood out except the terrible coffee.","","ベッドは本当に快適でした。フロントのスタッフはとても親切で、荷物の運搬まで手伝ってくれました。駅とショッピングエリアの向かいという立地も気に入っています。窓を少し開けて新鮮な空気を取り入れられるのもとてもありがたかったです。","朝食はおすすめできません。料理はぬるく、ひどいコーヒー以外に特筆すべき点は何もありませんでした。","Lynnette"
"","","","","","","","","","","","","","FALSE","Booking.com","10","2026-03-24","","利便性がよかった。洗面所周りが広く全体的に綺麗でお安くお得感があった。","特になかった。","","利便性がよかった。洗面所周りが広く全体的に綺麗でお安くお得感があった。","特になかった。","Mayumi"
"","","","","","","","","","","","","","FALSE","Google","4","2026-03-24","","","","","","","Yoshio Kamiya"
"","","","","","","","","","","","","","FALSE","じゃらん","5","2026-03-24","先日初めて小学生の息子と宿泊させていただきました。  お部屋は綺麗に整えられており、朝のバイキングも丁度良い印象でした。  ホテルが、駅から目の前なことと、イ◯ンさんが徒歩圏内にあったため忘れ物もカバーできました。  また、お部屋のマットレスがたいへん寝心地がよく腰への負担が軽減されました。  また機会がありましたら、宿泊したいホテルの一つになりました。  ありがとうございました。  一点だけ、申し上げますと冬の時期が終わっていたからなのかもしれませんが、加湿器があるとありがたかったなと思います。","","","先日初めて小学生の息子と宿泊させていただきました。  お部屋は綺麗に整えられており、朝のバイキングも丁度良い印象でした。  ホテルが、駅から目の前なことと、イ◯ンさんが徒歩圏内にあったため忘れ物もカバーできました。  また、お部屋のマットレスがたいへん寝心地がよく腰への負担が軽減されました。  また機会がありましたら、宿泊したいホテルの一つになりました。  ありがとうございました。  一点だけ、申し上げますと冬の時期が終わっていたからなのかもしれませんが、加湿器があるとありがたかったなと思います。","","","雪菜さん"
"","","","","","","","","","","","","","FALSE","Booking.com","8","2026-03-23","","清潔で良かった","高さ制限のある車は、別の駐車場に停めるようになりますが、不便でした","","清潔で良かった","高さ制限のある車は、別の駐車場に停めるようになりますが、不便でした","Yorio"
"","","","","","","","","","","","","","FALSE","楽天トラベル","5","2026-03-23","最寄り駅から近く、荷物が多かったので移動が楽で良かったです。 お部屋も運良く海側だったので夜景も朝日もキレイでした。 朝ごはんのパンが温められず冷たいままだったのが残念でしたが、全体的に価格に対して満足度が高かったです。 また利用したいと思います。 ","","","最寄り駅から近く、荷物が多かったので移動が楽で良かったです。 お部屋も運良く海側だったので夜景も朝日もキレイでした。 朝ごはんのパンが温められず冷たいままだったのが残念でしたが、全体的に価格に対して満足度が高かったです。 また利用したいと思います。 ","","","あかるりも"
"","","","","","","","","","","","","","FALSE","楽天トラベル","5","2026-03-23","深夜のチェックインになってしまったにもかかわらず親切に対応していただきました。 直前の予約だった為仕方ないですがもう少し安いと助かります。 立地は最高です！ 羽田空港まで近くのバス停からリムジンバスも出ています。","","","深夜のチェックインになってしまったにもかかわらず親切に対応していただきました。 直前の予約だった為仕方ないですがもう少し安いと助かります。 立地は最高です！ 羽田空港まで近くのバス停からリムジンバスも出ています。","","","MMMAKKK"
"","","","","","","","","","","","","","FALSE","楽天トラベル","5","2026-03-23","10階のツインルームに宿泊。15時からチェックインなので14時前くらいからロビーで待っていたら(フロントからは離れていてスタッフには話しかけていない)、スタッフが話しかけにきてくれまして、部屋にご案内していただけ、非常に助かりました。 私もホテルのフロントで働いていますが、うちのホテルはアーリーインは料金がかかります。それだけでも素晴らしいサービスだと感じました。 アメニティにコーヒーパック(ドトールの！)とメイク落としがあって嬉しかったです。 ベッドは寝心地がよくってぐっすりでした。枕が、そばがらと、ふかふか系の枕の2種類がそれぞれのベッドに置いてあります。 朝食は7時に行って正解、ひっきりなしに人が来ていました。青汁があるのが珍しくて嬉しい！部屋に持ち帰り用のコーヒーもうれしい。ワッフルやクロワッサンがあり。魚はひとつだけ。加工肉や卵料理は充実。和食が少なめですが満足です。チェックアウトはカードキーをボックスに入れるだけ。品川に行きやすく、立地もよく満足です。お台場のライブの疲れがとれました。ありがとうございます。","","","10階のツインルームに宿泊。15時からチェックインなので14時前くらいからロビーで待っていたら(フロントからは離れていてスタッフには話しかけていない)、スタッフが話しかけにきてくれまして、部屋にご案内していただけ、非常に助かりました。 私もホテルのフロントで働いていますが、うちのホテルはアーリーインは料金がかかります。それだけでも素晴らしいサービスだと感じました。 アメニティにコーヒーパック(ドトールの！)とメイク落としがあって嬉しかったです。 ベッドは寝心地がよくってぐっすりでした。枕が、そばがらと、ふかふか系の枕の2種類がそれぞれのベッドに置いてあります。 朝食は7時に行って正解、ひっきりなしに人が来ていました。青汁があるのが珍しくて嬉しい！部屋に持ち帰り用のコーヒーもうれしい。ワッフルやクロワッサンがあり。魚はひとつだけ。加工肉や卵料理は充実。和食が少なめですが満足です。チェックアウトはカードキーをボックスに入れるだけ。品川に行きやすく、立地もよく満足です。お台場のライブの疲れがとれました。ありがとうございます。","","","popmart03194"
"","","","","","","","","","","","","","FALSE","楽天トラベル","3","2026-03-23","チェックインはスムーズにして下さったが、どなたも笑顔がなく　たんたんとこなされてる感じ。フロントはホテルの顔なので気になってしまいました。部屋が狭かった。イオンが目の前なので時間潰しや買い物には困りません。","","","チェックインはスムーズにして下さったが、どなたも笑顔がなく　たんたんとこなされてる感じ。フロントはホテルの顔なので気になってしまいました。部屋が狭かった。イオンが目の前なので時間潰しや買い物には困りません。","","","かねごろう"
"","","","","","","","","","","","","","FALSE","Booking.com","8","2026-03-23","","","","","","","Rubén"
"","","","","","","","","","","","","","FALSE","じゃらん","4","2026-03-23","ゆったりできました。交通機関も近くて移動も便利でした。お風呂が広めで良かっです。また機会があれば宿泊します。","","","ゆったりできました。交通機関も近くて移動も便利でした。お風呂が広めで良かっです。また機会があれば宿泊します。","","","まゆさん"
"","","","","","","","","","","","","","FALSE","楽天トラベル","3","2026-03-22","割り箸をフロントでいただいて大変助かりました","","","割り箸をフロントでいただいて大変助かりました","","","yamato391106"