"","検索文字 URL： チェック","川崎日航ホテル サイト名","検索年月： 評価","2026年 投稿日","03月 コメント(全体)","範囲： コメント(良い点)","!A1:K コメント(改善点)","コメント（翻訳:全体)","コメント（翻訳:良い)","コメント（翻訳:改善点)","投稿者","","","","","関数用 2026年 2026年 ","02月 03月 ","","!A2:K75 ","","","",""
"","FALSE","楽天トラベル","2","2026-03-31","部屋の空調は全館空調が機能せず（間違いなく老朽化）全くダメでした。","","","部屋の空調は全館空調が機能せず（間違いなく老朽化）全くダメでした。","","","ハバネロロロ","","FALSE","楽天トラベル","2","2026-03-31","部屋の空調は全館空調が機能せず（間違いなく老朽化）全くダメでした。","","","部屋の空調は全館空調が機能せず（間違いなく老朽化）全くダメでした。","","","ハバネロロロ"
"","FALSE","楽天トラベル","5","2026-03-31","駅のすぐ横にあり立地も良く、周りに飲食店も多く大変便利です。 ホテル内も綺麗でセキュリティも良く安心です。","","","駅のすぐ横にあり立地も良く、周りに飲食店も多く大変便利です。 ホテル内も綺麗でセキュリティも良く安心です。","","","ななりん1220","","FALSE","楽天トラベル","5","2026-03-31","駅のすぐ横にあり立地も良く、周りに飲食店も多く大変便利です。 ホテル内も綺麗でセキュリティも良く安心です。","","","駅のすぐ横にあり立地も良く、周りに飲食店も多く大変便利です。 ホテル内も綺麗でセキュリティも良く安心です。","","","ななりん1220"
"","FALSE","Trip.com","7","2026-03-31","酒店位於川崎火車站隔離，也有巴士站在附近，附近還有幾個商場，旁邊仲有個水族館，地理位置非常方便多元化，還有個超市可以買平民百姓的用品食物，很好很方便。酒店櫃檯服務態度良好。房間設施齊備衛生整潔是令人住得舒服嘅地方下次如果方便會推薦給朋友整體而言這間酒店值得推薦。","","","ホテルは川崎駅のすぐそばに位置し、近くにはバスターミナルやショッピングモールがいくつかあり、水族館も隣接しているため、非常に便利で多様な立地です。また、日用品の食料品を購入できるスーパーマーケットもあり、大変便利です。ホテルのフロントの対応も良く、客室設備は清潔で整頓されており、快適な滞在ができます。また機会があれば友人にも勧めたいと思います。総合的に見て、このホテルはおすすめです。","","","ゲ‍ス‍ト","","FALSE","Trip.com","7","2026-03-31","酒店位於川崎火車站隔離，也有巴士站在附近，附近還有幾個商場，旁邊仲有個水族館，地理位置非常方便多元化，還有個超市可以買平民百姓的用品食物，很好很方便。酒店櫃檯服務態度良好。房間設施齊備衛生整潔是令人住得舒服嘅地方下次如果方便會推薦給朋友整體而言這間酒店值得推薦。","","","ホテルは川崎駅のすぐそばに位置し、近くにはバスターミナルやショッピングモールがいくつかあり、水族館も隣接しているため、非常に便利で多様な立地です。また、日用品の食料品を購入できるスーパーマーケットもあり、大変便利です。ホテルのフロントの対応も良く、客室設備は清潔で整頓されており、快適な滞在ができます。また機会があれば友人にも勧めたいと思います。総合的に見て、このホテルはおすすめです。","","","ゲ‍ス‍ト"
"","FALSE","Booking.com","8","2026-03-31","","","","","","","Florence","","FALSE","Booking.com","8","2026-03-31","","","","","","","Florence"
"","FALSE","Booking.com","9","2026-03-30","","ロケーションが良かった","特になし","","ロケーションが良かった","特になし","Hiro","","FALSE","Booking.com","9","2026-03-30","","ロケーションが良かった","特になし","","ロケーションが良かった","特になし","Hiro"
"","FALSE","Trip.com","10","2026-03-30","多次入住，早餐豐盛，服務好，房間安靜，交通也十分便利，在JR車站旁邊，而且離羽田機場也交通便利，非常方便","","","私はここに何度も宿泊しています。朝食は種類豊富で、サービスも良く、部屋は静かで、立地も非常に便利です。JR駅のすぐ隣で、羽田空港にも近いです。","","","匿‍名‍ユ‍ー‍ザ‍ー","","FALSE","Trip.com","10","2026-03-30","多次入住，早餐豐盛，服務好，房間安靜，交通也十分便利，在JR車站旁邊，而且離羽田機場也交通便利，非常方便","","","私はここに何度も宿泊しています。朝食は種類豊富で、サービスも良く、部屋は静かで、立地も非常に便利です。JR駅のすぐ隣で、羽田空港にも近いです。","","","匿‍名‍ユ‍ー‍ザ‍ー"
"","FALSE","Booking.com","8","2026-03-30","","","","","","","Angela","","FALSE","Booking.com","8","2026-03-30","","","","","","","Angela"
"","FALSE","Booking.com","9","2026-03-29","","","","","","","Pak","","FALSE","Booking.com","9","2026-03-29","","","","","","","Pak"
"","FALSE","Booking.com","10","2026-03-29","","早餐好吃，房間打掃都很乾淨","房內燈光略為不足","","朝食は美味しく、部屋もとても清潔でした。","部屋の照明がやや不十分だった。","Tommydogg","","FALSE","Booking.com","10","2026-03-29","","早餐好吃，房間打掃都很乾淨","房內燈光略為不足","","朝食は美味しく、部屋もとても清潔でした。","部屋の照明がやや不十分だった。","Tommydogg"
"","FALSE","Booking.com","6","2026-03-29","","Acceptable","Hotel facilities are outdated。","","許容できる","ホテルの設備は時代遅れだ。","Weng","","FALSE","Booking.com","6","2026-03-29","","Acceptable","Hotel facilities are outdated。","","許容できる","ホテルの設備は時代遅れだ。","Weng"
"","FALSE","Trip.com","8","2026-03-29","服務人員非常的貼心，而且也會很願意去協助客戶解決問題","","","サービススタッフは非常に親切で、顧客の問題解決に積極的に協力してくれた。","","","ゲ‍ス‍ト","","FALSE","Trip.com","8","2026-03-29","服務人員非常的貼心，而且也會很願意去協助客戶解決問題","","","サービススタッフは非常に親切で、顧客の問題解決に積極的に協力してくれた。","","","ゲ‍ス‍ト"
"","FALSE","楽天トラベル","4","2026-03-29","最上階のプランで、快適に過ごせました。 ドリンク無料券もついていて嬉しかったです。 設備について、部屋のウォシュレットが作動しませんでした。それがとても残念でした。修理をお願いします。","","","最上階のプランで、快適に過ごせました。 ドリンク無料券もついていて嬉しかったです。 設備について、部屋のウォシュレットが作動しませんでした。それがとても残念でした。修理をお願いします。","","","torotoro3","","FALSE","楽天トラベル","4","2026-03-29","最上階のプランで、快適に過ごせました。 ドリンク無料券もついていて嬉しかったです。 設備について、部屋のウォシュレットが作動しませんでした。それがとても残念でした。修理をお願いします。","","","最上階のプランで、快適に過ごせました。 ドリンク無料券もついていて嬉しかったです。 設備について、部屋のウォシュレットが作動しませんでした。それがとても残念でした。修理をお願いします。","","","torotoro3"
"","FALSE","Booking.com","10","2026-03-28","","Amazing location - connected via pedestrian bridge to all nearby buildings. It rained heavily on one of the days and I was able to walk on foot without an umbrella to the train station and the nearby shopping centre without an umbrella.   Spotlessly clean rooms. Attention to detail and staff were all very caring. It must be an old building but the interiors of the room were nicely decorated with modern materials.  Bed, sheets, duvet were all very comfortable. I had very good sleep here.","I could hear someone’s snoring from somewhere on the floor in the middle of the night. Space to put luggage is very limited. It did have a separate space for big coats and shoes.","","素晴らしい立地で、歩道橋で近隣の建物すべてに繋がっています。滞在中、ある日は大雨でしたが、傘なしで駅や近くのショッピングセンターまで歩いて行くことができました。部屋は隅々まで清潔で、細部まで行き届いた配慮とスタッフの皆さんの親切な対応に感心しました。建物自体は古いようですが、部屋の内装はモダンな素材で素敵に装飾されていました。ベッド、シーツ、掛け布団はどれも快適で、ぐっすり眠ることができました。","真夜中に、部屋のどこかから誰かのいびきが聞こえてきました。荷物を置くスペースは非常に限られています。大きなコートや靴を置くための専用スペースはありましたが。","Su","","FALSE","Booking.com","10","2026-03-28","","Amazing location - connected via pedestrian bridge to all nearby buildings. It rained heavily on one of the days and I was able to walk on foot without an umbrella to the train station and the nearby shopping centre without an umbrella.   Spotlessly clean rooms. Attention to detail and staff were all very caring. It must be an old building but the interiors of the room were nicely decorated with modern materials.  Bed, sheets, duvet were all very comfortable. I had very good sleep here.","I could hear someone’s snoring from somewhere on the floor in the middle of the night. Space to put luggage is very limited. It did have a separate space for big coats and shoes.","","素晴らしい立地で、歩道橋で近隣の建物すべてに繋がっています。滞在中、ある日は大雨でしたが、傘なしで駅や近くのショッピングセンターまで歩いて行くことができました。部屋は隅々まで清潔で、細部まで行き届いた配慮とスタッフの皆さんの親切な対応に感心しました。建物自体は古いようですが、部屋の内装はモダンな素材で素敵に装飾されていました。ベッド、シーツ、掛け布団はどれも快適で、ぐっすり眠ることができました。","真夜中に、部屋のどこかから誰かのいびきが聞こえてきました。荷物を置くスペースは非常に限られています。大きなコートや靴を置くための専用スペースはありましたが。","Su"
"","FALSE","Booking.com","9","2026-03-28","","","","","","","Shigeki","","FALSE","Booking.com","9","2026-03-28","","","","","","","Shigeki"
"","FALSE","Google","3","2026-03-28","","","","","","","井崎正浩","","FALSE","Google","3","2026-03-28","","","","","","","井崎正浩"
"","FALSE","Google","3","2026-03-27","駅前でアクセスは良いのだが、地下駐車場から向かうと、階段の上り下りをせざるを得ないところが多く、車で来る人には面倒かも。電車・タクシーなら問題なし。 新しくはないが十分綺麗です。エレベーターの表示がかすれてるのは年期の証拠。","","","駅前でアクセスは良いのだが、地下駐車場から向かうと、階段の上り下りをせざるを得ないところが多く、車で来る人には面倒かも。電車・タクシーなら問題なし。 新しくはないが十分綺麗です。エレベーターの表示がかすれてるのは年期の証拠。","","","Mitsuo Watanabe","","FALSE","Google","3","2026-03-27","駅前でアクセスは良いのだが、地下駐車場から向かうと、階段の上り下りをせざるを得ないところが多く、車で来る人には面倒かも。電車・タクシーなら問題なし。 新しくはないが十分綺麗です。エレベーターの表示がかすれてるのは年期の証拠。","","","駅前でアクセスは良いのだが、地下駐車場から向かうと、階段の上り下りをせざるを得ないところが多く、車で来る人には面倒かも。電車・タクシーなら問題なし。 新しくはないが十分綺麗です。エレベーターの表示がかすれてるのは年期の証拠。","","","Mitsuo Watanabe"
"","FALSE","Booking.com","9","2026-03-27","","・駅近で周囲に飲食店も多数ある利便性 ・羽田空港も京急でアクセス便利","・個人情報の管理が危うい点 ・全体的に設備が古い点(そんなに気にはならない)","","・駅近で周囲に飲食店も多数ある利便性 ・羽田空港も京急でアクセス便利","・個人情報の管理が危うい点 ・全体的に設備が古い点(そんなに気にはならない)","Ogawa","","FALSE","Booking.com","9","2026-03-27","","・駅近で周囲に飲食店も多数ある利便性 ・羽田空港も京急でアクセス便利","・個人情報の管理が危うい点 ・全体的に設備が古い点(そんなに気にはならない)","","・駅近で周囲に飲食店も多数ある利便性 ・羽田空港も京急でアクセス便利","・個人情報の管理が危うい点 ・全体的に設備が古い点(そんなに気にはならない)","Ogawa"
"","FALSE","Trip.com","9","2026-03-25","Location and convenience . Supermarket open till 10pm is added advantage","","","立地と利便性。スーパーマーケットが夜10時まで営業しているのも大きな利点です。","","","ゲ‍ス‍ト","","FALSE","Trip.com","9","2026-03-25","Location and convenience . Supermarket open till 10pm is added advantage","","","立地と利便性。スーパーマーケットが夜10時まで営業しているのも大きな利点です。","","","ゲ‍ス‍ト"
"","FALSE","楽天トラベル","5","2026-03-25","素泊まりの滞在でしたが、 部屋もとても清潔で、気持ちよく過ごせました。 山口県からきましたが、 駅から激近は、分かりやすくありがたいです。 19階は窓からは夜景がとても綺麗でした。 また利用させてください、有り難うございました。","","","素泊まりの滞在でしたが、 部屋もとても清潔で、気持ちよく過ごせました。 山口県からきましたが、 駅から激近は、分かりやすくありがたいです。 19階は窓からは夜景がとても綺麗でした。 また利用させてください、有り難うございました。","","","こうくん0329","","FALSE","楽天トラベル","5","2026-03-25","素泊まりの滞在でしたが、 部屋もとても清潔で、気持ちよく過ごせました。 山口県からきましたが、 駅から激近は、分かりやすくありがたいです。 19階は窓からは夜景がとても綺麗でした。 また利用させてください、有り難うございました。","","","素泊まりの滞在でしたが、 部屋もとても清潔で、気持ちよく過ごせました。 山口県からきましたが、 駅から激近は、分かりやすくありがたいです。 19階は窓からは夜景がとても綺麗でした。 また利用させてください、有り難うございました。","","","こうくん0329"
"","FALSE","Booking.com","8","2026-03-24","","","","","","","綾子","","FALSE","Booking.com","8","2026-03-24","","","","","","","綾子"
"","FALSE","Booking.com","10","2026-03-24","","","","","","","Fang","","FALSE","Booking.com","10","2026-03-24","","","","","","","Fang"
"","FALSE","Trip.com","10","2026-03-24","フライトの遅延でホテルに少し遅れて到着しましたが、駅に近く便利な立地で、羽田空港から京急線で簡単にアクセスできました。ただ、初日は1階の改装工事に少し驚きました。バスルームの設備も少し古く、排水もあまり良くありませんでした。しかし、スタッフはとても親切で、チェックする人を手配してくれました。2泊目からは快適でしたが、部屋は2人にはちょっと狭かったです。高層階からは電車の眺めが素晴らしく、とても良かったのですが、騒音に敏感な方には少し不快かもしれません。折り紙などの部屋の飾りには驚いて、カプセルコーヒーマシンは紅茶まで淹れることができます！朝食を1日追加で購入したのですが、フロントでその旨を伝えたら割引クーポンをもらえました。アイスクリームなど、種類も豊富でした！全体的にとても良い滞在でした。","","","フライトの遅延でホテルに少し遅れて到着しましたが、駅に近く便利な立地で、羽田空港から京急線で簡単にアクセスできました。ただ、初日は1階の改装工事に少し驚きました。バスルームの設備も少し古く、排水もあまり良くありませんでした。しかし、スタッフはとても親切で、チェックする人を手配してくれました。2泊目からは快適でしたが、部屋は2人にはちょっと狭かったです。高層階からは電車の眺めが素晴らしく、とても良かったのですが、騒音に敏感な方には少し不快かもしれません。折り紙などの部屋の飾りには驚いて、カプセルコーヒーマシンは紅茶まで淹れることができます！朝食を1日追加で購入したのですが、フロントでその旨を伝えたら割引クーポンをもらえました。アイスクリームなど、種類も豊富でした！全体的にとても良い滞在でした。","","","ゲ‍ス‍ト","","FALSE","Trip.com","10","2026-03-24","フライトの遅延でホテルに少し遅れて到着しましたが、駅に近く便利な立地で、羽田空港から京急線で簡単にアクセスできました。ただ、初日は1階の改装工事に少し驚きました。バスルームの設備も少し古く、排水もあまり良くありませんでした。しかし、スタッフはとても親切で、チェックする人を手配してくれました。2泊目からは快適でしたが、部屋は2人にはちょっと狭かったです。高層階からは電車の眺めが素晴らしく、とても良かったのですが、騒音に敏感な方には少し不快かもしれません。折り紙などの部屋の飾りには驚いて、カプセルコーヒーマシンは紅茶まで淹れることができます！朝食を1日追加で購入したのですが、フロントでその旨を伝えたら割引クーポンをもらえました。アイスクリームなど、種類も豊富でした！全体的にとても良い滞在でした。","","","フライトの遅延でホテルに少し遅れて到着しましたが、駅に近く便利な立地で、羽田空港から京急線で簡単にアクセスできました。ただ、初日は1階の改装工事に少し驚きました。バスルームの設備も少し古く、排水もあまり良くありませんでした。しかし、スタッフはとても親切で、チェックする人を手配してくれました。2泊目からは快適でしたが、部屋は2人にはちょっと狭かったです。高層階からは電車の眺めが素晴らしく、とても良かったのですが、騒音に敏感な方には少し不快かもしれません。折り紙などの部屋の飾りには驚いて、カプセルコーヒーマシンは紅茶まで淹れることができます！朝食を1日追加で購入したのですが、フロントでその旨を伝えたら割引クーポンをもらえました。アイスクリームなど、種類も豊富でした！全体的にとても良い滞在でした。","","","ゲ‍ス‍ト"
"","FALSE","Trip.com","8","2026-03-23","位置方便，乘JR或京急都可以，酒店早餐ok,如果能夠提供自助洗衣服務就更好","","","立地は便利で、JR線や京急線が利用できます。ホテルの朝食はまあまあですが、セルフサービスのランドリー設備があればさらに良いでしょう。","","","M‍o‍k‍ ‍S‍a‍u‍h‍a‍n‍g","","FALSE","Trip.com","8","2026-03-23","位置方便，乘JR或京急都可以，酒店早餐ok,如果能夠提供自助洗衣服務就更好","","","立地は便利で、JR線や京急線が利用できます。ホテルの朝食はまあまあですが、セルフサービスのランドリー設備があればさらに良いでしょう。","","","M‍o‍k‍ ‍S‍a‍u‍h‍a‍n‍g"
"","FALSE","Trip.com","9","2026-03-23","酒店服務一流，職員禮貌周周還多數會說點英文。位置在JR 站旁邊，到東京站只是20分鐘就到，到羽田機場就30分鐘電車，也有巴士「空51」大約40分鐘到Terminal 3 . 巴士是早上機的最佳選擇因為 有位坐。巴士站就在洒店前方 輕鬆拉喼過馬路一分鍾。 酒店附近食店多，特色本地小店用心做服務好。房間15-30 平方米都有，大多有城市景，廣濶怡人。","","","このホテルは一流のサービスを提供しており、スタッフは礼儀正しく、ほとんどのスタッフが英語を話します。JR駅のすぐそばに位置し、東京駅まで徒歩わずか20分、羽田空港までは電車で30分です。「エア51」バスを利用すれば、第3ターミナルまで約40分です。早朝便の場合は、座席が確保しやすいのでバスの利用が最適です。バス停はホテルの目の前にあり、道路を渡って徒歩1分です。周辺には、行き届いたサービスを提供する魅力的な地元の飲食店をはじめ、多くのレストランがあります。客室は15～30平方メートルで、ほとんどの部屋から市街の景色を眺めることができ、広々とした快適な空間となっています。","","","C‍h‍i‍f‍f‍e‍e","","FALSE","Trip.com","9","2026-03-23","酒店服務一流，職員禮貌周周還多數會說點英文。位置在JR 站旁邊，到東京站只是20分鐘就到，到羽田機場就30分鐘電車，也有巴士「空51」大約40分鐘到Terminal 3 . 巴士是早上機的最佳選擇因為 有位坐。巴士站就在洒店前方 輕鬆拉喼過馬路一分鍾。 酒店附近食店多，特色本地小店用心做服務好。房間15-30 平方米都有，大多有城市景，廣濶怡人。","","","このホテルは一流のサービスを提供しており、スタッフは礼儀正しく、ほとんどのスタッフが英語を話します。JR駅のすぐそばに位置し、東京駅まで徒歩わずか20分、羽田空港までは電車で30分です。「エア51」バスを利用すれば、第3ターミナルまで約40分です。早朝便の場合は、座席が確保しやすいのでバスの利用が最適です。バス停はホテルの目の前にあり、道路を渡って徒歩1分です。周辺には、行き届いたサービスを提供する魅力的な地元の飲食店をはじめ、多くのレストランがあります。客室は15～30平方メートルで、ほとんどの部屋から市街の景色を眺めることができ、広々とした快適な空間となっています。","","","C‍h‍i‍f‍f‍e‍e"
"","FALSE","Trip.com","10","2026-03-22","房間很乾凈整潔，服務員態度熱情且都會英文，很適合出遊選住","","","部屋は清潔で整頓されており、スタッフは親切で英語も話せたので、旅行者にとって素晴らしい選択肢だった。","","","T‍o‍m‍o‍r‍i‍n‍ ‍V‍o‍c‍a‍l","","FALSE","Trip.com","10","2026-03-22","房間很乾凈整潔，服務員態度熱情且都會英文，很適合出遊選住","","","部屋は清潔で整頓されており、スタッフは親切で英語も話せたので、旅行者にとって素晴らしい選択肢だった。","","","T‍o‍m‍o‍r‍i‍n‍ ‍V‍o‍c‍a‍l"
"","FALSE","Trip.com","10","2026-03-22","交通方便，一出川崎站就能看到很好找。房間也相對其他酒店來説大了點，性價比高。","","","立地は便利で、川崎駅のすぐそばにあるので見つけやすいです。部屋も他のホテルと比べて比較的広く、コストパフォーマンスに優れています。","","","Q‍i‍a‍o‍q‍i‍a‍o‍z‍h‍o‍n‍g","","FALSE","Trip.com","10","2026-03-22","交通方便，一出川崎站就能看到很好找。房間也相對其他酒店來説大了點，性價比高。","","","立地は便利で、川崎駅のすぐそばにあるので見つけやすいです。部屋も他のホテルと比べて比較的広く、コストパフォーマンスに優れています。","","","Q‍i‍a‍o‍q‍i‍a‍o‍z‍h‍o‍n‍g"
"","FALSE","Trip.com","10","2026-03-22","地點方便、距離羽田機場不遠。 房價比市區便宜許多，住川崎進東京市區不遠但可以省下很多房費，非常划算，生活機能也很方便。","","","立地は便利で、羽田空港からもそう遠くありません。宿泊料金は都心部よりもずっと安いです。川崎は東京の中心部からそれほど遠くなく、宿泊費を大幅に節約できるので、非常にコストパフォーマンスに優れています。アメニティも非常に便利です。","","","E‍v‍e‍l‍y‍n‍_‍T","","FALSE","Trip.com","10","2026-03-22","地點方便、距離羽田機場不遠。 房價比市區便宜許多，住川崎進東京市區不遠但可以省下很多房費，非常划算，生活機能也很方便。","","","立地は便利で、羽田空港からもそう遠くありません。宿泊料金は都心部よりもずっと安いです。川崎は東京の中心部からそれほど遠くなく、宿泊費を大幅に節約できるので、非常にコストパフォーマンスに優れています。アメニティも非常に便利です。","","","E‍v‍e‍l‍y‍n‍_‍T"
"","FALSE","Google","1","2026-03-22","このホテルは非常にケチで、受けたサービスにとても不満です。本当にがっかりする経験で、サービスもひどいものでした！","","","このホテルは非常にケチで、受けたサービスにとても不満です。本当にがっかりする経験で、サービスもひどいものでした！","","","HANK YEN","","FALSE","Google","1","2026-03-22","このホテルは非常にケチで、受けたサービスにとても不満です。本当にがっかりする経験で、サービスもひどいものでした！","","","このホテルは非常にケチで、受けたサービスにとても不満です。本当にがっかりする経験で、サービスもひどいものでした！","","","HANK YEN"
"","FALSE","Google","1","2026-03-22","This hotel is very stingy , I am very unhappy with the service I received, An utterly disappointing experience and poor service！","","","このホテルは非常にケチで、受けたサービスにとても不満です。本当にがっかりする経験で、サービスもひどいものでした！","","","HANK YEN","","FALSE","Google","1","2026-03-22","This hotel is very stingy , I am very unhappy with the service I received, An utterly disappointing experience and poor service！","","","このホテルは非常にケチで、受けたサービスにとても不満です。本当にがっかりする経験で、サービスもひどいものでした！","","","HANK YEN"
"","FALSE","じゃらん","5","2026-03-20","朝ごはんが非常に美味しく、フレンチトーストやオムレツ、特製カレーなど多くの種類の中から選ぶことができます。  特に目の前で調理いただけるオムレツは最高です。  また利用させていただきます。","","","朝ごはんが非常に美味しく、フレンチトーストやオムレツ、特製カレーなど多くの種類の中から選ぶことができます。  特に目の前で調理いただけるオムレツは最高です。  また利用させていただきます。","","","リックさん","","FALSE","じゃらん","5","2026-03-20","朝ごはんが非常に美味しく、フレンチトーストやオムレツ、特製カレーなど多くの種類の中から選ぶことができます。  特に目の前で調理いただけるオムレツは最高です。  また利用させていただきます。","","","朝ごはんが非常に美味しく、フレンチトーストやオムレツ、特製カレーなど多くの種類の中から選ぶことができます。  特に目の前で調理いただけるオムレツは最高です。  また利用させていただきます。","","","リックさん"
"","FALSE","じゃらん","5","2026-03-20","川崎駅に近く、コンビニやスーパーなども近隣にある為、非常に便利です。館内も落ち着いた雰囲気で、快適でした。","","","川崎駅に近く、コンビニやスーパーなども近隣にある為、非常に便利です。館内も落ち着いた雰囲気で、快適でした。","","","リックさん","","FALSE","じゃらん","5","2026-03-20","川崎駅に近く、コンビニやスーパーなども近隣にある為、非常に便利です。館内も落ち着いた雰囲気で、快適でした。","","","川崎駅に近く、コンビニやスーパーなども近隣にある為、非常に便利です。館内も落ち着いた雰囲気で、快適でした。","","","リックさん"
"","FALSE","Trip.com","7","2026-03-20","房間內提供瓶裝水，早餐還算豐富，也有師傅煎蛋，衹是幾天的餐食沒啥變化，不舒適的是房間窗無法開啟不能換氣，3月季節房間悶熱，空調不起作用，前台忽悠説用電風扇，結果氣温持續上升...感覺酒店設施及服務不上檔次，房間也比較小，價格卻比大阪京都的更大面積的房間貴不少","","","部屋にはボトル入りの水が用意されており、朝食は目玉焼きを作ってくれるシェフがいるなど、かなりボリュームがありました。しかし、食事は数日間同じでした。不快だったのは、換気のために部屋の窓を開けることができず、3月なのに部屋が蒸し暑かったことです。エアコンは作動せず、フロントデスクは扇風機を使うように勧めてきましたが、気温は上がり続けました…。ホテルの設備とサービスは標準以下で、部屋もかなり狭かったのに、大阪や京都の広い部屋と比べて料金はかなり高かったです。","","","S‍o‍m‍e‍l‍i‍u‍b‍o‍d‍y","","FALSE","Trip.com","7","2026-03-20","房間內提供瓶裝水，早餐還算豐富，也有師傅煎蛋，衹是幾天的餐食沒啥變化，不舒適的是房間窗無法開啟不能換氣，3月季節房間悶熱，空調不起作用，前台忽悠説用電風扇，結果氣温持續上升...感覺酒店設施及服務不上檔次，房間也比較小，價格卻比大阪京都的更大面積的房間貴不少","","","部屋にはボトル入りの水が用意されており、朝食は目玉焼きを作ってくれるシェフがいるなど、かなりボリュームがありました。しかし、食事は数日間同じでした。不快だったのは、換気のために部屋の窓を開けることができず、3月なのに部屋が蒸し暑かったことです。エアコンは作動せず、フロントデスクは扇風機を使うように勧めてきましたが、気温は上がり続けました…。ホテルの設備とサービスは標準以下で、部屋もかなり狭かったのに、大阪や京都の広い部屋と比べて料金はかなり高かったです。","","","S‍o‍m‍e‍l‍i‍u‍b‍o‍d‍y"
"","FALSE","Booking.com","10","2026-03-20","","出車站即到，附近商場很多，不怕餓肚子。","","","駅のすぐそばだし、近くにはショッピングモールもたくさんあるから、お腹を空かせる心配はないよ。","","Yen-chieh","","FALSE","Booking.com","10","2026-03-20","","出車站即到，附近商場很多，不怕餓肚子。","","","駅のすぐそばだし、近くにはショッピングモールもたくさんあるから、お腹を空かせる心配はないよ。","","Yen-chieh"
"","FALSE","Booking.com","10","2026-03-20","","","","","","","Sho","","FALSE","Booking.com","10","2026-03-20","","","","","","","Sho"
"","FALSE","Booking.com","9","2026-03-20","","駅前の立地で凄く便利","わからない","","駅前の立地で凄く便利","わからない","Akemi","","FALSE","Booking.com","9","2026-03-20","","駅前の立地で凄く便利","わからない","","駅前の立地で凄く便利","わからない","Akemi"
"","FALSE","Trip.com","10","2026-03-20","コンサートで横浜に来ていたのですが横浜駅周辺は高く川崎周辺で探したら駅から非常に近いホテルを発見し予約しました。とても快適でした。","","","コンサートで横浜に来ていたのですが横浜駅周辺は高く川崎周辺で探したら駅から非常に近いホテルを発見し予約しました。とても快適でした。","","","ゲ‍ス‍ト","","FALSE","Trip.com","10","2026-03-20","コンサートで横浜に来ていたのですが横浜駅周辺は高く川崎周辺で探したら駅から非常に近いホテルを発見し予約しました。とても快適でした。","","","コンサートで横浜に来ていたのですが横浜駅周辺は高く川崎周辺で探したら駅から非常に近いホテルを発見し予約しました。とても快適でした。","","","ゲ‍ス‍ト"
"","FALSE","Trip.com","10","2026-03-20","酒店就在JR 川崎站旁，有地下街，後面有購物中心，前面有商店街，主要客戶的辦公室就在旁邊，如果說有缺點應該就是早餐加價太貴了一些","","","ホテルはJR川崎駅のすぐそばに位置し、地下街、裏手にはショッピングセンター、正面には商店街があります。主要顧客のオフィスも近くにあります。唯一の難点は、朝食が少々高めなことです。","","","周‍時‍中","","FALSE","Trip.com","10","2026-03-20","酒店就在JR 川崎站旁，有地下街，後面有購物中心，前面有商店街，主要客戶的辦公室就在旁邊，如果說有缺點應該就是早餐加價太貴了一些","","","ホテルはJR川崎駅のすぐそばに位置し、地下街、裏手にはショッピングセンター、正面には商店街があります。主要顧客のオフィスも近くにあります。唯一の難点は、朝食が少々高めなことです。","","","周‍時‍中"
"","FALSE","Booking.com","10","2026-03-19","","朝食がおいしかったのはもちろん、利便性があり良かった。","","","朝食がおいしかったのはもちろん、利便性があり良かった。","","Takehira","","FALSE","Booking.com","10","2026-03-19","","朝食がおいしかったのはもちろん、利便性があり良かった。","","","朝食がおいしかったのはもちろん、利便性があり良かった。","","Takehira"
"","FALSE","Trip.com","10","2026-03-18","乾淨方便，適合商旅出行","","","清潔で便利、ビジネス旅行者に最適。","","","K‍a‍r‍e‍n‍ ‍Y‍O‍L‍O","","FALSE","Trip.com","10","2026-03-18","乾淨方便，適合商旅出行","","","清潔で便利、ビジネス旅行者に最適。","","","K‍a‍r‍e‍n‍ ‍Y‍O‍L‍O"
"","FALSE","Booking.com","8","2026-03-18","","ロケーションが良い","特に無し","","ロケーションが良い","特に無し","Seiji","","FALSE","Booking.com","8","2026-03-18","","ロケーションが良い","特に無し","","ロケーションが良い","特に無し","Seiji"
"","FALSE","楽天トラベル","5","2026-03-18","朝食が非常に美味しく、朝食会場の接客が丁寧で素晴らしかった。","","","朝食が非常に美味しく、朝食会場の接客が丁寧で素晴らしかった。","","","熊本のきんさん","","FALSE","楽天トラベル","5","2026-03-18","朝食が非常に美味しく、朝食会場の接客が丁寧で素晴らしかった。","","","朝食が非常に美味しく、朝食会場の接客が丁寧で素晴らしかった。","","","熊本のきんさん"
"","FALSE","Trip.com","10","2026-03-18","駅近で便利でした 部屋も清潔で気持ち良かったです コーヒーやお水があり嬉しかったです","","","駅近で便利でした 部屋も清潔で気持ち良かったです コーヒーやお水があり嬉しかったです","","","ジ‍ュ‍ジ‍ュ","","FALSE","Trip.com","10","2026-03-18","駅近で便利でした 部屋も清潔で気持ち良かったです コーヒーやお水があり嬉しかったです","","","駅近で便利でした 部屋も清潔で気持ち良かったです コーヒーやお水があり嬉しかったです","","","ジ‍ュ‍ジ‍ュ"
"","FALSE","Booking.com","10","2026-03-18","","","","","","","Natalia","","FALSE","Booking.com","10","2026-03-18","","","","","","","Natalia"
"","FALSE","Google","4","2026-03-18","出張で泊まりました。シングルルームは想像以上に狭かったです。アパホテルを思い出しました。でも寝るだけなら問題ありません。 TV画面は大きく、画面ミラーリングで私物のiPad内の動画を写し出せたり、YouTubeやネットフリックスを見れたので自宅にいるのと同じ環境でいられました。寒がりな私ですが、暖房も自分好みに設定できてよかったです。 室内の狭さ以外でネガティブな面として気づいたのは、高架を走る京急線の音が聞こえたり、隣室のイビキが聞こえるといったところでしょうか。私自身は気にせず眠れましたが、繊細な人にはハードかもしれません。それと洋式トイレから僅かに尿臭がしてきたのもマイナスポイントでした。","","","出張で泊まりました。シングルルームは想像以上に狭かったです。アパホテルを思い出しました。でも寝るだけなら問題ありません。 TV画面は大きく、画面ミラーリングで私物のiPad内の動画を写し出せたり、YouTubeやネットフリックスを見れたので自宅にいるのと同じ環境でいられました。寒がりな私ですが、暖房も自分好みに設定できてよかったです。 室内の狭さ以外でネガティブな面として気づいたのは、高架を走る京急線の音が聞こえたり、隣室のイビキが聞こえるといったところでしょうか。私自身は気にせず眠れましたが、繊細な人にはハードかもしれません。それと洋式トイレから僅かに尿臭がしてきたのもマイナスポイントでした。","","","H 223","","FALSE","Google","4","2026-03-18","出張で泊まりました。シングルルームは想像以上に狭かったです。アパホテルを思い出しました。でも寝るだけなら問題ありません。 TV画面は大きく、画面ミラーリングで私物のiPad内の動画を写し出せたり、YouTubeやネットフリックスを見れたので自宅にいるのと同じ環境でいられました。寒がりな私ですが、暖房も自分好みに設定できてよかったです。 室内の狭さ以外でネガティブな面として気づいたのは、高架を走る京急線の音が聞こえたり、隣室のイビキが聞こえるといったところでしょうか。私自身は気にせず眠れましたが、繊細な人にはハードかもしれません。それと洋式トイレから僅かに尿臭がしてきたのもマイナスポイントでした。","","","出張で泊まりました。シングルルームは想像以上に狭かったです。アパホテルを思い出しました。でも寝るだけなら問題ありません。 TV画面は大きく、画面ミラーリングで私物のiPad内の動画を写し出せたり、YouTubeやネットフリックスを見れたので自宅にいるのと同じ環境でいられました。寒がりな私ですが、暖房も自分好みに設定できてよかったです。 室内の狭さ以外でネガティブな面として気づいたのは、高架を走る京急線の音が聞こえたり、隣室のイビキが聞こえるといったところでしょうか。私自身は気にせず眠れましたが、繊細な人にはハードかもしれません。それと洋式トイレから僅かに尿臭がしてきたのもマイナスポイントでした。","","","H 223"
"","FALSE","Booking.com","10","2026-03-17","","","","","","","育美","","FALSE","Booking.com","10","2026-03-17","","","","","","","育美"
"","FALSE","Google","5","2026-03-16","","","","","","","Vinay Pratap Singh","","FALSE","Google","5","2026-03-16","","","","","","","Vinay Pratap Singh"
"","FALSE","Trip.com","10","2026-03-16","交通方便，購物方便","","","交通の便が良く、買い物にも便利","","","Z‍h‍e‍n‍z‍h‍u‍z‍i‍z‍i","","FALSE","Trip.com","10","2026-03-16","交通方便，購物方便","","","交通の便が良く、買い物にも便利","","","Z‍h‍e‍n‍z‍h‍u‍z‍i‍z‍i"
"","FALSE","じゃらん","5","2026-03-16","研修で宿泊しました。  疲れていたので、のんびりできて良かったです。  枕が変わるとなかなか寝付けないのですが、枕がとてもしっくりきてぐっすり眠れることができました。  また、研修の時は、利用させていただきます。  ありがとうございました。","","","研修で宿泊しました。  疲れていたので、のんびりできて良かったです。  枕が変わるとなかなか寝付けないのですが、枕がとてもしっくりきてぐっすり眠れることができました。  また、研修の時は、利用させていただきます。  ありがとうございました。","","","nobbさん","","FALSE","じゃらん","5","2026-03-16","研修で宿泊しました。  疲れていたので、のんびりできて良かったです。  枕が変わるとなかなか寝付けないのですが、枕がとてもしっくりきてぐっすり眠れることができました。  また、研修の時は、利用させていただきます。  ありがとうございました。","","","研修で宿泊しました。  疲れていたので、のんびりできて良かったです。  枕が変わるとなかなか寝付けないのですが、枕がとてもしっくりきてぐっすり眠れることができました。  また、研修の時は、利用させていただきます。  ありがとうございました。","","","nobbさん"
"","FALSE","Trip.com","10","2026-03-15","附近很方便，很多食肆，有海鮮，打邊爐，拉麵，超級市場，7仔，購物中心很多，還有公仔夾，酒店服務好，乾淨衞生，值得推薦","","","周辺は非常に便利で、海鮮料理、鍋料理、ラーメンを提供するレストラン、スーパーマーケット、セブンイレブン、そして数多くのショッピングモールがあります。近くにはクレーンゲームもあります。ホテルのサービスも良く、清潔で衛生的です。非常におすすめです。","","","匿‍名‍ユ‍ー‍ザ‍ー","","FALSE","Trip.com","10","2026-03-15","附近很方便，很多食肆，有海鮮，打邊爐，拉麵，超級市場，7仔，購物中心很多，還有公仔夾，酒店服務好，乾淨衞生，值得推薦","","","周辺は非常に便利で、海鮮料理、鍋料理、ラーメンを提供するレストラン、スーパーマーケット、セブンイレブン、そして数多くのショッピングモールがあります。近くにはクレーンゲームもあります。ホテルのサービスも良く、清潔で衛生的です。非常におすすめです。","","","匿‍名‍ユ‍ー‍ザ‍ー"
"","FALSE","Booking.com","10","2026-03-15","","","","","","","Ryogo","","FALSE","Booking.com","10","2026-03-15","","","","","","","Ryogo"
"","FALSE","Booking.com","7","2026-03-15","","食事、スタッフのサービス","部屋が狭い、ロケーションが悪い、入り口がわかりにくい","","食事、スタッフのサービス","部屋が狭い、ロケーションが悪い、入り口がわかりにくい","Torimaru","","FALSE","Booking.com","7","2026-03-15","","食事、スタッフのサービス","部屋が狭い、ロケーションが悪い、入り口がわかりにくい","","食事、スタッフのサービス","部屋が狭い、ロケーションが悪い、入り口がわかりにくい","Torimaru"
"","FALSE","Booking.com","8","2026-03-15","","JRの駅に比較的近い。 スーパーが隣にある24時まであいていた。","エレベーターがなかなか来ないことがあった","","JRの駅に比較的近い。 スーパーが隣にある24時まであいていた。","エレベーターがなかなか来ないことがあった","Mai","","FALSE","Booking.com","8","2026-03-15","","JRの駅に比較的近い。 スーパーが隣にある24時まであいていた。","エレベーターがなかなか来ないことがあった","","JRの駅に比較的近い。 スーパーが隣にある24時まであいていた。","エレベーターがなかなか来ないことがあった","Mai"
"","FALSE","Booking.com","9","2026-03-15","","何と言っても立地が駅の横で最高。車はアゼリアに停めましたが地下道をやや歩いてホテル直結。天気が悪い時はとても助かります","天気が良かったのもあって部屋が暑い。エアコンは個別じゃないのか、冷風も出ず窓も開かず苦しい思いをしました","","何と言っても立地が駅の横で最高。車はアゼリアに停めましたが地下道をやや歩いてホテル直結。天気が悪い時はとても助かります","天気が良かったのもあって部屋が暑い。エアコンは個別じゃないのか、冷風も出ず窓も開かず苦しい思いをしました","しば","","FALSE","Booking.com","9","2026-03-15","","何と言っても立地が駅の横で最高。車はアゼリアに停めましたが地下道をやや歩いてホテル直結。天気が悪い時はとても助かります","天気が良かったのもあって部屋が暑い。エアコンは個別じゃないのか、冷風も出ず窓も開かず苦しい思いをしました","","何と言っても立地が駅の横で最高。車はアゼリアに停めましたが地下道をやや歩いてホテル直結。天気が悪い時はとても助かります","天気が良かったのもあって部屋が暑い。エアコンは個別じゃないのか、冷風も出ず窓も開かず苦しい思いをしました","しば"
"","FALSE","Booking.com","6","2026-03-15","","綺麗だった","空調設備があまり良くなかった","","綺麗だった","空調設備があまり良くなかった","温井","","FALSE","Booking.com","6","2026-03-15","","綺麗だった","空調設備があまり良くなかった","","綺麗だった","空調設備があまり良くなかった","温井"
"","FALSE","Trip.com","9","2026-03-15","房間有點小，也夠用。窗外的風景不錯。早餐豐富，煮魚、麪包、冰激凌，味道不錯。前台有各種一次性用品，入浴劑、面膜，應有盡有。唯一的缺點是可以聽到電車的聲音，但是聲音不大，前台耳塞。總之，交通方便，出行首選。","","","部屋は少し狭かったものの、十分でした。窓からの眺めは素晴らしかったです。朝食は茹で魚、パン、アイスクリームなど種類豊富で、味も美味しかったです。フロントには使い捨てのバスアメニティ、バスソルト、フェイスマスクなど、必要なものがすべて揃っていました。唯一の難点は路面電車の音が聞こえることでしたが、うるさくはなく、フロントのスタッフは耳栓をしていました。全体的に見て、立地が便利で、移動手段として最適なホテルです。","","","ゲ‍ス‍ト","","FALSE","Trip.com","9","2026-03-15","房間有點小，也夠用。窗外的風景不錯。早餐豐富，煮魚、麪包、冰激凌，味道不錯。前台有各種一次性用品，入浴劑、面膜，應有盡有。唯一的缺點是可以聽到電車的聲音，但是聲音不大，前台耳塞。總之，交通方便，出行首選。","","","部屋は少し狭かったものの、十分でした。窓からの眺めは素晴らしかったです。朝食は茹で魚、パン、アイスクリームなど種類豊富で、味も美味しかったです。フロントには使い捨てのバスアメニティ、バスソルト、フェイスマスクなど、必要なものがすべて揃っていました。唯一の難点は路面電車の音が聞こえることでしたが、うるさくはなく、フロントのスタッフは耳栓をしていました。全体的に見て、立地が便利で、移動手段として最適なホテルです。","","","ゲ‍ス‍ト"
"","FALSE","楽天トラベル","5","2026-03-15","リニューアルをされたのか内装が綺麗になっていました。シングルで予約していたのですが、ツインが余っていたようでアップグレードして頂き広いお部屋で快適に過ごせました。朝食のその場で焼いて頂くオムレツも変わらず美味しかったです。","","","リニューアルをされたのか内装が綺麗になっていました。シングルで予約していたのですが、ツインが余っていたようでアップグレードして頂き広いお部屋で快適に過ごせました。朝食のその場で焼いて頂くオムレツも変わらず美味しかったです。","","","Lanachan","","FALSE","楽天トラベル","5","2026-03-15","リニューアルをされたのか内装が綺麗になっていました。シングルで予約していたのですが、ツインが余っていたようでアップグレードして頂き広いお部屋で快適に過ごせました。朝食のその場で焼いて頂くオムレツも変わらず美味しかったです。","","","リニューアルをされたのか内装が綺麗になっていました。シングルで予約していたのですが、ツインが余っていたようでアップグレードして頂き広いお部屋で快適に過ごせました。朝食のその場で焼いて頂くオムレツも変わらず美味しかったです。","","","Lanachan"
"","FALSE","Booking.com","10","2026-03-14","","部屋がきれいだった","なし","","部屋がきれいだった","なし","Kanako","","FALSE","Booking.com","10","2026-03-14","","部屋がきれいだった","なし","","部屋がきれいだった","なし","Kanako"
"","FALSE","Google","4","2026-03-14","JR川崎駅から徒歩すぐ、京成川崎駅からも約10～15分という好立地にあるこのホテルは、1階にフロントがあり、その他の施設は他の階にあります。  客室は広さも十分で、狭すぎず、必要なアメニティはすべて揃っています。テーブルには折り鶴が飾られており、お客様をお迎えする演出もされていました。Onw Harmony Nowの会員になると、ちょっとしたプレゼントがもらえます。Wi-Fiのパスワードはテレビ画面に表示されていますが、チェックイン時や入室時に説明はありませんでした。  各階に自動販売機と製氷機があり、一部の階ではアルコール飲料も販売しています。  朝食は10階のレストランで提供されます。和食と洋食の両方が用意されており、全体的に満足できる内容です。星付きホテルとしては調理済み食品の種類はそれほど多くはありませんが、定番メニューは網羅されています。ドリンクの種類は豊富で、ソフトクリームも提供されています。  小さな欠点としては、ランドリールームがないことが挙げられます。これは人によっては大きな問題になるかもしれません。また、ホテルのフロントスタッフの英語力は限られているようでした。チェックインの手続きはとても親切に対応してくれましたが、有名ホテルである以上、スマホのGoogle翻訳を使うだけでなく、基本的な外国語能力は備えておくべきでしょう。さらに、部屋の窓が着色ガラスだったため、外が見えにくかったのも気になりました。","","","JR川崎駅から徒歩すぐ、京成川崎駅からも約10～15分という好立地にあるこのホテルは、1階にフロントがあり、その他の施設は他の階にあります。  客室は広さも十分で、狭すぎず、必要なアメニティはすべて揃っています。テーブルには折り鶴が飾られており、お客様をお迎えする演出もされていました。Onw Harmony Nowの会員になると、ちょっとしたプレゼントがもらえます。Wi-Fiのパスワードはテレビ画面に表示されていますが、チェックイン時や入室時に説明はありませんでした。  各階に自動販売機と製氷機があり、一部の階ではアルコール飲料も販売しています。  朝食は10階のレストランで提供されます。和食と洋食の両方が用意されており、全体的に満足できる内容です。星付きホテルとしては調理済み食品の種類はそれほど多くはありませんが、定番メニューは網羅されています。ドリンクの種類は豊富で、ソフトクリームも提供されています。  小さな欠点としては、ランドリールームがないことが挙げられます。これは人によっては大きな問題になるかもしれません。また、ホテルのフロントスタッフの英語力は限られているようでした。チェックインの手続きはとても親切に対応してくれましたが、有名ホテルである以上、スマホのGoogle翻訳を使うだけでなく、基本的な外国語能力は備えておくべきでしょう。さらに、部屋の窓が着色ガラスだったため、外が見えにくかったのも気になりました。","","","吳漢堡","","FALSE","Google","4","2026-03-14","JR川崎駅から徒歩すぐ、京成川崎駅からも約10～15分という好立地にあるこのホテルは、1階にフロントがあり、その他の施設は他の階にあります。  客室は広さも十分で、狭すぎず、必要なアメニティはすべて揃っています。テーブルには折り鶴が飾られており、お客様をお迎えする演出もされていました。Onw Harmony Nowの会員になると、ちょっとしたプレゼントがもらえます。Wi-Fiのパスワードはテレビ画面に表示されていますが、チェックイン時や入室時に説明はありませんでした。  各階に自動販売機と製氷機があり、一部の階ではアルコール飲料も販売しています。  朝食は10階のレストランで提供されます。和食と洋食の両方が用意されており、全体的に満足できる内容です。星付きホテルとしては調理済み食品の種類はそれほど多くはありませんが、定番メニューは網羅されています。ドリンクの種類は豊富で、ソフトクリームも提供されています。  小さな欠点としては、ランドリールームがないことが挙げられます。これは人によっては大きな問題になるかもしれません。また、ホテルのフロントスタッフの英語力は限られているようでした。チェックインの手続きはとても親切に対応してくれましたが、有名ホテルである以上、スマホのGoogle翻訳を使うだけでなく、基本的な外国語能力は備えておくべきでしょう。さらに、部屋の窓が着色ガラスだったため、外が見えにくかったのも気になりました。","","","JR川崎駅から徒歩すぐ、京成川崎駅からも約10～15分という好立地にあるこのホテルは、1階にフロントがあり、その他の施設は他の階にあります。  客室は広さも十分で、狭すぎず、必要なアメニティはすべて揃っています。テーブルには折り鶴が飾られており、お客様をお迎えする演出もされていました。Onw Harmony Nowの会員になると、ちょっとしたプレゼントがもらえます。Wi-Fiのパスワードはテレビ画面に表示されていますが、チェックイン時や入室時に説明はありませんでした。  各階に自動販売機と製氷機があり、一部の階ではアルコール飲料も販売しています。  朝食は10階のレストランで提供されます。和食と洋食の両方が用意されており、全体的に満足できる内容です。星付きホテルとしては調理済み食品の種類はそれほど多くはありませんが、定番メニューは網羅されています。ドリンクの種類は豊富で、ソフトクリームも提供されています。  小さな欠点としては、ランドリールームがないことが挙げられます。これは人によっては大きな問題になるかもしれません。また、ホテルのフロントスタッフの英語力は限られているようでした。チェックインの手続きはとても親切に対応してくれましたが、有名ホテルである以上、スマホのGoogle翻訳を使うだけでなく、基本的な外国語能力は備えておくべきでしょう。さらに、部屋の窓が着色ガラスだったため、外が見えにくかったのも気になりました。","","","吳漢堡"
"","FALSE","Trip.com","10","2026-03-14","非常好，離電車站太近了，服務也沒得説","","","素晴らしかった。路面電車の停留所にも非常に近く、サービスも申し分なかった。","","","T‍a‍n‍g‍t‍a‍n‍g","","FALSE","Trip.com","10","2026-03-14","非常好，離電車站太近了，服務也沒得説","","","素晴らしかった。路面電車の停留所にも非常に近く、サービスも申し分なかった。","","","T‍a‍n‍g‍t‍a‍n‍g"
"","FALSE","Google","4","2026-03-14","位於JR川崎站旁邊走路一下子，就算是從京成川崎站過來也大約十至十五分鐘，飯店櫃檯在一樓，其他樓層有其他設施。  房間大小還OK，不算太小，各項該有的東西都有，還有折紙鶴在桌上迎賓，現在加入Onw Harmony會員還有送小禮物，網路WiFi密碼在電視上面，不過從Check-In到住進房間貌似都沒有人提到。  各樓層都有飲料機跟冰塊機，部分樓層有販售酒精飲料。  早餐在10樓一間餐廳，整體還不錯，日式西式都有，雖然熟食種類以星級飯店覺得不算多，就是一般會有的都有，沒有特別多出來的，飲料種類倒是蠻多的，甚至還有霜淇淋。  一些小缺點是沒有洗衣房，這問題可大可小，然後飯店櫃檯人員英語能力似乎不太好，雖然還是很熱情的協助辦理入住，但畢竟是品牌飯店櫃檯，基本的外語能力應該還是要具備，而不是拿手機按Google Translate，另外一個不解的是房間窗戶有貼膜沒辦法看清楚外面，不明白。","","","JR川崎駅から徒歩すぐ、または京成川崎駅から10～15分ほどの場所に位置するホテルです。フロントは1階にあり、その他の施設は他の階にあります。客室は狭すぎず、必要なアメニティはすべて揃っており、テーブルにはウェルカム用の折り鶴が置かれています。Onw Harmony Nowにご入会いただくと、ちょっとしたプレゼントがあります。Wi-Fiのパスワードはテレビに表示されていますが、チェックイン時や入室時に誰も教えてくれなかったようです。各階に飲料と製氷機があり、一部の階ではアルコール飲料も販売しています。朝食は10階のレストランで提供され、和食と洋食の両方が選べ、概ね満足できる内容です。星付きホテルとしては調理済み食品の種類はそれほど多くありませんが、特別なものはなく、一般的なメニューが揃っています。ただし、ソフトクリームなど、飲み物の種類はかなり豊富です。小さな欠点としては、ランドリールームがないことが挙げられますが、これは些細な問題にも大きな問題にもなり得ます。また、フロントのスタッフの英語力は限られているようでした。チェックインの際のサポートは非​​常に親切だったものの、有名ホテルである以上、スマホのGoogle翻訳を使うだけでなく、基本的な外国語能力を備えているべきだった。また、部屋の窓が着色ガラスだったため、外が見えにくかったのも困った点だった。","","","吳漢堡","","FALSE","Google","4","2026-03-14","位於JR川崎站旁邊走路一下子，就算是從京成川崎站過來也大約十至十五分鐘，飯店櫃檯在一樓，其他樓層有其他設施。  房間大小還OK，不算太小，各項該有的東西都有，還有折紙鶴在桌上迎賓，現在加入Onw Harmony會員還有送小禮物，網路WiFi密碼在電視上面，不過從Check-In到住進房間貌似都沒有人提到。  各樓層都有飲料機跟冰塊機，部分樓層有販售酒精飲料。  早餐在10樓一間餐廳，整體還不錯，日式西式都有，雖然熟食種類以星級飯店覺得不算多，就是一般會有的都有，沒有特別多出來的，飲料種類倒是蠻多的，甚至還有霜淇淋。  一些小缺點是沒有洗衣房，這問題可大可小，然後飯店櫃檯人員英語能力似乎不太好，雖然還是很熱情的協助辦理入住，但畢竟是品牌飯店櫃檯，基本的外語能力應該還是要具備，而不是拿手機按Google Translate，另外一個不解的是房間窗戶有貼膜沒辦法看清楚外面，不明白。","","","JR川崎駅から徒歩すぐ、または京成川崎駅から10～15分ほどの場所に位置するホテルです。フロントは1階にあり、その他の施設は他の階にあります。客室は狭すぎず、必要なアメニティはすべて揃っており、テーブルにはウェルカム用の折り鶴が置かれています。Onw Harmony Nowにご入会いただくと、ちょっとしたプレゼントがあります。Wi-Fiのパスワードはテレビに表示されていますが、チェックイン時や入室時に誰も教えてくれなかったようです。各階に飲料と製氷機があり、一部の階ではアルコール飲料も販売しています。朝食は10階のレストランで提供され、和食と洋食の両方が選べ、概ね満足できる内容です。星付きホテルとしては調理済み食品の種類はそれほど多くありませんが、特別なものはなく、一般的なメニューが揃っています。ただし、ソフトクリームなど、飲み物の種類はかなり豊富です。小さな欠点としては、ランドリールームがないことが挙げられますが、これは些細な問題にも大きな問題にもなり得ます。また、フロントのスタッフの英語力は限られているようでした。チェックインの際のサポートは非​​常に親切だったものの、有名ホテルである以上、スマホのGoogle翻訳を使うだけでなく、基本的な外国語能力を備えているべきだった。また、部屋の窓が着色ガラスだったため、外が見えにくかったのも困った点だった。","","","吳漢堡"
"","FALSE","Booking.com","7","2026-03-13","","","","","","","Sato","","FALSE","Booking.com","7","2026-03-13","","","","","","","Sato"
"","FALSE","Booking.com","9","2026-03-13","","","","","","","岩城","","FALSE","Booking.com","9","2026-03-13","","","","","","","岩城"
"","FALSE","Trip.com","9","2026-03-13","位置好，車站旁邊，出行方便，不過還是能聽到電車的聲音的。 樓層高，可以看到街景，甚至遠山。 早餐日式和西洋的都有，品種還算豐富，有冰激凌","","","立地は良く、駅のすぐ隣なので移動に便利ですが、路面電車の音は聞こえます。高層階にあるため、街並みはもちろん、遠くの山々も眺めることができます。朝食は和食と洋食の両方があり、アイスクリームなど種類も豊富です。","","","ゲ‍ス‍ト","","FALSE","Trip.com","9","2026-03-13","位置好，車站旁邊，出行方便，不過還是能聽到電車的聲音的。 樓層高，可以看到街景，甚至遠山。 早餐日式和西洋的都有，品種還算豐富，有冰激凌","","","立地は良く、駅のすぐ隣なので移動に便利ですが、路面電車の音は聞こえます。高層階にあるため、街並みはもちろん、遠くの山々も眺めることができます。朝食は和食と洋食の両方があり、アイスクリームなど種類も豊富です。","","","ゲ‍ス‍ト"
"","FALSE","Booking.com","9","2026-03-13","","We had a very comfortable room. The breakfast was good, staff excellent and I was pleasantly surprised by the location. Great supermarket downstairs, lots of restaurants, shops and a wonderful local museum nearby. Hardly any tourists.","","","とても快適な部屋でした。朝食も美味しく、スタッフも素晴らしく、立地にも大満足でした。階下には大きなスーパーマーケットがあり、近くにはたくさんのレストランやショップ、素敵な地元の博物館もあります。観光客はほとんどいませんでした。","","Ingrid","","FALSE","Booking.com","9","2026-03-13","","We had a very comfortable room. The breakfast was good, staff excellent and I was pleasantly surprised by the location. Great supermarket downstairs, lots of restaurants, shops and a wonderful local museum nearby. Hardly any tourists.","","","とても快適な部屋でした。朝食も美味しく、スタッフも素晴らしく、立地にも大満足でした。階下には大きなスーパーマーケットがあり、近くにはたくさんのレストランやショップ、素敵な地元の博物館もあります。観光客はほとんどいませんでした。","","Ingrid"
"","FALSE","じゃらん","5","2026-03-12","スタッフさんとても迅速丁寧です。  部屋もいろいろ揃っていて快適。  おかげ様でゆったり落ち着けました。  朝食にソフトクリームや沖縄黒糖もありとてもおいしかったしワクワクしました。特にクロワッサンと杏仁豆腐が美味でした。  また、帰宅後のこちらの忘れ物のご対応も丁寧にしていただき感謝です。  おすすめ宿です。  本当にありがとうございました。","","","スタッフさんとても迅速丁寧です。  部屋もいろいろ揃っていて快適。  おかげ様でゆったり落ち着けました。  朝食にソフトクリームや沖縄黒糖もありとてもおいしかったしワクワクしました。特にクロワッサンと杏仁豆腐が美味でした。  また、帰宅後のこちらの忘れ物のご対応も丁寧にしていただき感謝です。  おすすめ宿です。  本当にありがとうございました。","","","さちえさん","","FALSE","じゃらん","5","2026-03-12","スタッフさんとても迅速丁寧です。  部屋もいろいろ揃っていて快適。  おかげ様でゆったり落ち着けました。  朝食にソフトクリームや沖縄黒糖もありとてもおいしかったしワクワクしました。特にクロワッサンと杏仁豆腐が美味でした。  また、帰宅後のこちらの忘れ物のご対応も丁寧にしていただき感謝です。  おすすめ宿です。  本当にありがとうございました。","","","スタッフさんとても迅速丁寧です。  部屋もいろいろ揃っていて快適。  おかげ様でゆったり落ち着けました。  朝食にソフトクリームや沖縄黒糖もありとてもおいしかったしワクワクしました。特にクロワッサンと杏仁豆腐が美味でした。  また、帰宅後のこちらの忘れ物のご対応も丁寧にしていただき感謝です。  おすすめ宿です。  本当にありがとうございました。","","","さちえさん"
"","FALSE","Booking.com","10","2026-03-12","","","","","","","Yukako","","FALSE","Booking.com","10","2026-03-12","","","","","","","Yukako"
"","FALSE","Booking.com","7","2026-03-12","","駅に近いこと","","","駅に近いこと","","Hengyu","","FALSE","Booking.com","7","2026-03-12","","駅に近いこと","","","駅に近いこと","","Hengyu"
"","FALSE","楽天トラベル","4","2026-03-11","建物自体が古いですが、部屋は清潔で、コーヒーのサービスもあり満足です。 エレベーターが古いのが気になりました。","","","建物自体が古いですが、部屋は清潔で、コーヒーのサービスもあり満足です。 エレベーターが古いのが気になりました。","","","不明","","FALSE","楽天トラベル","4","2026-03-11","建物自体が古いですが、部屋は清潔で、コーヒーのサービスもあり満足です。 エレベーターが古いのが気になりました。","","","建物自体が古いですが、部屋は清潔で、コーヒーのサービスもあり満足です。 エレベーターが古いのが気になりました。","","","不明"
"","FALSE","Booking.com","7","2026-03-11","","田舎からなので、立地が良かった。  朝食が美味しく、和風洋風ともに品数等含めて、とても良かった。","夜食のルームサービスは、少し残念かなと。","","田舎からなので、立地が良かった。  朝食が美味しく、和風洋風ともに品数等含めて、とても良かった。","夜食のルームサービスは、少し残念かなと。","Idumi","","FALSE","Booking.com","7","2026-03-11","","田舎からなので、立地が良かった。  朝食が美味しく、和風洋風ともに品数等含めて、とても良かった。","夜食のルームサービスは、少し残念かなと。","","田舎からなので、立地が良かった。  朝食が美味しく、和風洋風ともに品数等含めて、とても良かった。","夜食のルームサービスは、少し残念かなと。","Idumi"
"","FALSE","じゃらん","4","2026-03-11","ＪＲ川崎駅の中央東口から地上を歩いて行くルートの場合、最も近道ですが、ルートの一部に屋根がありません。そこで、地下街「アゼリア」を歩いて行くと、雨にぬれずにホテル１階にあるフロントまで行くことができます。  また、食事を付けずに宿泊を予約しましたが、歩いて数分のところに食料品売り場があり、夕食・朝食を購入しました。隣接する「ルフロン」には、日用品や食料品、レストランなど、様々なお店があるため、とても便利だと思います。","","","ＪＲ川崎駅の中央東口から地上を歩いて行くルートの場合、最も近道ですが、ルートの一部に屋根がありません。そこで、地下街「アゼリア」を歩いて行くと、雨にぬれずにホテル１階にあるフロントまで行くことができます。  また、食事を付けずに宿泊を予約しましたが、歩いて数分のところに食料品売り場があり、夕食・朝食を購入しました。隣接する「ルフロン」には、日用品や食料品、レストランなど、様々なお店があるため、とても便利だと思います。","","","hidepoさん","","FALSE","じゃらん","4","2026-03-11","ＪＲ川崎駅の中央東口から地上を歩いて行くルートの場合、最も近道ですが、ルートの一部に屋根がありません。そこで、地下街「アゼリア」を歩いて行くと、雨にぬれずにホテル１階にあるフロントまで行くことができます。  また、食事を付けずに宿泊を予約しましたが、歩いて数分のところに食料品売り場があり、夕食・朝食を購入しました。隣接する「ルフロン」には、日用品や食料品、レストランなど、様々なお店があるため、とても便利だと思います。","","","ＪＲ川崎駅の中央東口から地上を歩いて行くルートの場合、最も近道ですが、ルートの一部に屋根がありません。そこで、地下街「アゼリア」を歩いて行くと、雨にぬれずにホテル１階にあるフロントまで行くことができます。  また、食事を付けずに宿泊を予約しましたが、歩いて数分のところに食料品売り場があり、夕食・朝食を購入しました。隣接する「ルフロン」には、日用品や食料品、レストランなど、様々なお店があるため、とても便利だと思います。","","","hidepoさん"
"","FALSE","じゃらん","4","2026-03-11","インバウンドの影響で都内のビジネスホテルは一万円超えが当たり前なので、それなら川崎で同じくらいの値段のランクの高い宿はないかと探したところ、朝食は付けられなかったが、素泊まりで利用させてもらいました。シングルルームについては特段ビジネスホテルと差はないが、アメニティや部屋に付帯してものはやはり充実しています。ほぼ駅直結の好立地で飲食店に困らない川崎駅ならコスパ良いと感じました。","","","インバウンドの影響で都内のビジネスホテルは一万円超えが当たり前なので、それなら川崎で同じくらいの値段のランクの高い宿はないかと探したところ、朝食は付けられなかったが、素泊まりで利用させてもらいました。シングルルームについては特段ビジネスホテルと差はないが、アメニティや部屋に付帯してものはやはり充実しています。ほぼ駅直結の好立地で飲食店に困らない川崎駅ならコスパ良いと感じました。","","","コジロウさん","","FALSE","じゃらん","4","2026-03-11","インバウンドの影響で都内のビジネスホテルは一万円超えが当たり前なので、それなら川崎で同じくらいの値段のランクの高い宿はないかと探したところ、朝食は付けられなかったが、素泊まりで利用させてもらいました。シングルルームについては特段ビジネスホテルと差はないが、アメニティや部屋に付帯してものはやはり充実しています。ほぼ駅直結の好立地で飲食店に困らない川崎駅ならコスパ良いと感じました。","","","インバウンドの影響で都内のビジネスホテルは一万円超えが当たり前なので、それなら川崎で同じくらいの値段のランクの高い宿はないかと探したところ、朝食は付けられなかったが、素泊まりで利用させてもらいました。シングルルームについては特段ビジネスホテルと差はないが、アメニティや部屋に付帯してものはやはり充実しています。ほぼ駅直結の好立地で飲食店に困らない川崎駅ならコスパ良いと感じました。","","","コジロウさん"
"","FALSE","Booking.com","10","2026-03-10","","Great location, super easy to reach different sightseeing places and Haneda airport from Kawasaki station nearby. Must recommend to give up early to enjoy the amazing breakfast! Various kinds of vegetables for salad and there’s ice cream machine for breakfast, which is interesting. Also I love pickles and mentaiko for congee.","None, everything’s great.","","立地が最高で、近くの川崎駅から様々な観光スポットや羽田空港へも簡単にアクセスできます。早起きして素晴らしい朝食を楽しむことを強くお勧めします！サラダ用の野菜の種類が豊富で、朝食にアイスクリームマシンがあるのも面白いですね。お粥に入っている漬物と明太子も大好きです。","特に問題はありません。すべて順調です。","Yi","","FALSE","Booking.com","10","2026-03-10","","Great location, super easy to reach different sightseeing places and Haneda airport from Kawasaki station nearby. Must recommend to give up early to enjoy the amazing breakfast! Various kinds of vegetables for salad and there’s ice cream machine for breakfast, which is interesting. Also I love pickles and mentaiko for congee.","None, everything’s great.","","立地が最高で、近くの川崎駅から様々な観光スポットや羽田空港へも簡単にアクセスできます。早起きして素晴らしい朝食を楽しむことを強くお勧めします！サラダ用の野菜の種類が豊富で、朝食にアイスクリームマシンがあるのも面白いですね。お粥に入っている漬物と明太子も大好きです。","特に問題はありません。すべて順調です。","Yi"
"","FALSE","Booking.com","10","2026-03-10","","","","","","","Kelisitin","","FALSE","Booking.com","10","2026-03-10","","","","","","","Kelisitin"
"","FALSE","Trip.com","10","2026-03-10","Great location around with restaurants and convenience stores. Room is quite large and clean. Amazing view as well.","","","周辺にはレストランやコンビニエンスストアがあり、立地が最高です。部屋も広くて清潔。眺めも素晴らしいです。","","","ゲ‍ス‍ト","","FALSE","Trip.com","10","2026-03-10","Great location around with restaurants and convenience stores. Room is quite large and clean. Amazing view as well.","","","周辺にはレストランやコンビニエンスストアがあり、立地が最高です。部屋も広くて清潔。眺めも素晴らしいです。","","","ゲ‍ス‍ト"
"","FALSE","Booking.com","10","2026-02-28","","","","","","","Maki","","","","","","","","","","","",""
"","FALSE","Booking.com","9","2026-02-28","","","","","","","Chien","","","","","","","","","","","",""
"","FALSE","Booking.com","9","2026-02-28","","離JR站很近，走路過空橋即可抵達","房間內是中央空調無法調整溫度 但有提供空氣清淨機","","JR駅からとても近く、スカイブリッジを渡って歩いて行くことができます。","部屋には温度調節のできないセントラル空調が設置されていますが、空気清浄機が備え付けられています。","Wen","","","","","","","","","","","",""
"","FALSE","Google","4","2026-02-28","","","","","","","Stephen Lai","","","","","","","","","","","",""
"","FALSE","Trip.com","10","2026-02-27","羽田機場很近","","","羽田空港はとても近い","","","ゲ‍ス‍ト","","","","","","","","","","","",""
"","FALSE","Trip.com","10","2026-02-26","お部屋の広さもよく、綺麗で良かったです。また駅に近いのも良かったです。","","","お部屋の広さもよく、綺麗で良かったです。また駅に近いのも良かったです。","","","ゲ‍ス‍ト","","","","","","","","","","","",""
"","FALSE","Booking.com","8","2026-02-26","","","","","","","Keitaro","","","","","","","","","","","",""
"","FALSE","Booking.com","10","2026-02-26","","","","","","","宮田","","","","","","","","","","","",""
"","FALSE","Booking.com","9","2026-02-26","","","","","","","Yoshifumi","","","","","","","","","","","",""
"","FALSE","Booking.com","10","2026-02-25","","Best location as it is near two stations, Kawasaki and Keikyu Kawasaki. Good food in the hotel restaurant both for breakfast and dinner buffet. Well equipped amenities provided. Clean room and efficient housekeeping. The surrounding area has everything you need: 3 malls (Lazona, Atre, and Azalea Underground), a supermarket and foodcourt (Life), a Yodobashi Camera that also has a pharmacy inside of it, two Lawsons and a 7/11. What more do I need when everything is just outside?","The room we stayed in lacks adequate lighting options. It was either too bright (with the window blinds open) or too dim (with the provided lights and lamp). I also wish they provided a microwave on the same floor where there is already a provided vending machine and ice dispenser.","","川崎駅と京急川崎駅の2駅に近い最高のロケーション。ホテル内のレストランでは、朝食と夕食のビュッフェともに美味しい料理が楽しめます。アメニティも充実しています。客室は清潔で、ハウスキーピングも効率的です。周辺には必要なものがすべて揃っています。ショッピングモールが3つ（ラゾーナ、アトレ、アザレア地下）、スーパーマーケットとフードコート（ライフ）、薬局も併設されているヨドバシカメラ、ローソンが2店舗、セブンイレブンがあります。すべてがすぐそばにあるので、他に何が必要でしょうか？","私たちが泊まった部屋は、照明設備が不十分でした。ブラインドを開けると明るすぎ、備え付けの照明とランプだと暗すぎました。また、自動販売機と製氷機がある同じフロアに電子レンジも設置して欲しかったです。","Sean","","","","","","","","","","","",""
"","FALSE","Booking.com","9","2026-02-25","","","","","","","Sakaguchi","","","","","","","","","","","",""
"","FALSE","Trip.com","10","2026-02-25","一如既往給好評，酒店位置好，房間偏小，前台服務熱情，周邊配套吃飯方便","","","いつものように、良い評価をつけます。ホテルの立地は良く、部屋は少し狭いですが、フロントのスタッフはとても親切で、近くにはたくさんのレストランがあります。","","","ゲ‍ス‍ト","","","","","","","","","","","",""
"","FALSE","Trip.com","10","2026-02-25","チェックアウトが12時と、とてもゆっくり出来ました。","","","チェックアウトが12時と、とてもゆっくり出来ました。","","","ゲ‍ス‍ト","","","","","","","","","","","",""
"","FALSE","Booking.com","10","2026-02-24","","","","","","","Lok","","","","","","","","","","","",""
"","FALSE","Booking.com","8","2026-02-24","","","","","","","Wai","","","","","","","","","","","",""
"","FALSE","Booking.com","10","2026-02-24","","The location is right next to the market n train station, very convenient.   The taxi stand is right outside.   The frt desk is accommodating with helping me get my luggage to the airport.   Thank u!","Nothing.","","市場と駅のすぐ隣という、とても便利な場所にあります。タクシー乗り場もすぐ外にあります。フロントデスクのスタッフは親切で、空港まで荷物を運ぶのを手伝ってくれました。ありがとうございました！","何もない。","Linda","","","","","","","","","","","",""
"","FALSE","Google","4","2026-02-24","","","","","","","Lee Givens","","","","","","","","","","","",""
"","FALSE","Trip.com","10","2026-02-24","川崎日航已經是再次入住了，服務還是很好，下次還會選擇入住","","","川崎日航ホテルに宿泊するのは今回で2回目ですが、サービスは素晴らしかったです。次回もぜひここに泊まりたいと思います。","","","ゲ‍ス‍ト","","","","","","","","","","","",""
"","FALSE","Booking.com","9","2026-02-24","","","","","","","Pochun","","","","","","","","","","","",""
"","FALSE","Booking.com","10","2026-02-24","","Location to restaurants and shopping","","","レストランやショッピング街へのアクセスが良い","","Alan","","","","","","","","","","","",""
"","FALSE","Trip.com","10","2026-02-24","作為一家四星級酒店是合格的，房間每天都打掃，在過道上遇到員工也會禮貌打招呼，酒店位置也很醒目方便，蠻好的。","","","4つ星ホテルとしては満足できるレベルです。部屋は毎日清掃され、廊下でスタッフとすれ違うと丁寧に挨拶してくれます。ホテルの立地も非常に良く、便利です。とても良いホテルです。","","","ゲ‍ス‍ト","","FALSE","Booking.com","10","2026-02-28","","","","","","","Maki"
"","FALSE","Booking.com","10","2026-02-23","","第二次入住了，继续推荐。 地理位置绝佳，距离JR站步行1分钟，京急站（去羽田机场）步行5分钟左右。附近吃饭和购物地点繁多。","电梯的外部上下按键有时有静电…… 第一次入住时前台还可自取护理套装，第二次入住时需要主动询问才有，猜测可能有人浪费这个套装吧，不过还是应该在入住时询问客人是否需要。","","今回で2回目の滞在ですが、やはりおすすめします。立地は最高で、JR駅から徒歩約1分、京急駅（羽田空港行き）から徒歩約5分です。周辺にはレストランやショッピングスポットもたくさんあります。","エレベーターの上下ボタンには、静電気が発生していることがあります。フロントデスクでは初回チェックイン時にケアキットを提供していますが、2回目以降のチェックインでは、こちらからお願いする必要があります。キットを無駄にしている人もいるかもしれませんが、チェックイン時に必要かどうかゲストに確認するべきでしょう。","Yiyan","","FALSE","Booking.com","9","2026-02-28","","","","","","","Chien"
"","FALSE","Booking.com","9","2026-02-23","","","","","","","Takashi","","FALSE","Booking.com","9","2026-02-28","","離JR站很近，走路過空橋即可抵達","房間內是中央空調無法調整溫度 但有提供空氣清淨機","","JR駅からとても近く、スカイブリッジを渡って歩いて行くことができます。","部屋には温度調節のできないセントラル空調が設置されていますが、空気清浄機が備え付けられています。","Wen"
"","FALSE","Booking.com","7","2026-02-23","","","","","","","Yuichi","","FALSE","Google","4","2026-02-28","","","","","","","Stephen Lai"
"","FALSE","Booking.com","6","2026-02-23","","La posizione, il personale molto gentile, grandezza della stanza","Tutto sembra molto datato ormai, ma le cose peggiori sono state: - impossibile modificare temperatura della stanza, e dentro faceva un caldo infernale (a febbraio). C’è un piccolo condizionatore ma non fa quasi nulla - dal bagno c’è un costante rumore ripetuto che purtroppo si sente dal letto, essendo attiguo - il letto col materasso a molle è scomodissimo, specialmente dopo settimane di bei materassi duri giapponesi, e le lenzuola in acrilico rendono ancora più calda l’esperienza del pernottamento - la pulizia della stanza lascia a desiderare","","立地、とてもフレンドリーなスタッフ、部屋の広さ","すべてが今となっては時代遅れに感じられますが、最悪だったのは以下の点です。- 室温の調節が不可能で、室内は（2月なのに）焼けつくように暑かった。小型のエアコンはありますが、ほとんど役に立ちません。- バスルームから絶えず繰り返される音が聞こえ、隣室なのでベッドからも聞こえてしまうのが残念です。- ボックススプリングベッドは非常に寝心地が悪く、特に数週間快適でしっかりとした日本のマットレスで寝た後ではなおさらです。アクリル製のシーツのせいで、夜はさらに暑く感じます。- 部屋の清潔さには改善の余地があります。","Michele","","FALSE","Trip.com","10","2026-02-27","羽田機場很近","","","羽田空港はとても近い","","","ゲ‍ス‍ト"
"","FALSE","Google","5","2026-02-23","川崎駅に隣接した便利な立地が最大の魅力です。","","","川崎駅に隣接した便利な立地が最大の魅力です。","","","Weilin Zeng","","FALSE","Trip.com","10","2026-02-26","お部屋の広さもよく、綺麗で良かったです。また駅に近いのも良かったです。","","","お部屋の広さもよく、綺麗で良かったです。また駅に近いのも良かったです。","","","ゲ‍ス‍ト"
"","FALSE","Google","5","2026-02-23","川崎站旁，交通地點便利是最大優點。","","","最大の利点は、川崎駅に隣接しているという便利な立地です。","","","Weilin Zeng","","FALSE","Booking.com","8","2026-02-26","","","","","","","Keitaro"
"","FALSE","Booking.com","8","2026-02-22","","水やコーヒーマシーンがあり、紅茶やお茶もあった","化粧水などあればもっとよい","","水やコーヒーマシーンがあり、紅茶やお茶もあった","化粧水などあればもっとよい","Rie","","FALSE","Booking.com","10","2026-02-26","","","","","","","宮田"
"","FALSE","Booking.com","9","2026-02-22","","Good location","","","立地が良い","","Michael","","FALSE","Booking.com","9","2026-02-26","","","","","","","Yoshifumi"
"","FALSE","Google","3","2026-02-22","このホテルには多くの問題があります。 良い点は、立地、スタッフ、部屋の広さです。 悪い点： - 部屋がうるさい（残念ながらベッドの隣にあるバスルームから常に音が聞こえてきます）。防音対策も全くされていません。 - 2月なのにひどく暑く、エアコンを使う以外に室温を調節する方法がありませんでした。エアコンは全く効きませんでした。もちろん、窓を開けることもできません。 - コインランドリーがないので、歩いて行かなければなりません。 - アクリルシーツが敷かれたボックススプリングベッドは非常に寝心地が悪かったです。 - 部屋の清潔さに疑問を感じます。 写真や説明では良いホテルに見えたので残念でした。しかし、価格は妥当です。","","","このホテルには多くの問題があります。 良い点は、立地、スタッフ、部屋の広さです。 悪い点： - 部屋がうるさい（残念ながらベッドの隣にあるバスルームから常に音が聞こえてきます）。防音対策も全くされていません。 - 2月なのにひどく暑く、エアコンを使う以外に室温を調節する方法がありませんでした。エアコンは全く効きませんでした。もちろん、窓を開けることもできません。 - コインランドリーがないので、歩いて行かなければなりません。 - アクリルシーツが敷かれたボックススプリングベッドは非常に寝心地が悪かったです。 - 部屋の清潔さに疑問を感じます。 写真や説明では良いホテルに見えたので残念でした。しかし、価格は妥当です。","","","Michele Da Ros","","FALSE","Booking.com","10","2026-02-25","","Best location as it is near two stations, Kawasaki and Keikyu Kawasaki. Good food in the hotel restaurant both for breakfast and dinner buffet. Well equipped amenities provided. Clean room and efficient housekeeping. The surrounding area has everything you need: 3 malls (Lazona, Atre, and Azalea Underground), a supermarket and foodcourt (Life), a Yodobashi Camera that also has a pharmacy inside of it, two Lawsons and a 7/11. What more do I need when everything is just outside?","The room we stayed in lacks adequate lighting options. It was either too bright (with the window blinds open) or too dim (with the provided lights and lamp). I also wish they provided a microwave on the same floor where there is already a provided vending machine and ice dispenser.","","川崎駅と京急川崎駅の2駅に近い最高のロケーション。ホテル内のレストランでは、朝食と夕食のビュッフェともに美味しい料理が楽しめます。アメニティも充実しています。客室は清潔で、ハウスキーピングも効率的です。周辺には必要なものがすべて揃っています。ショッピングモールが3つ（ラゾーナ、アトレ、アザレア地下）、スーパーマーケットとフードコート（ライフ）、薬局も併設されているヨドバシカメラ、ローソンが2店舗、セブンイレブンがあります。すべてがすぐそばにあるので、他に何が必要でしょうか？","私たちが泊まった部屋は、照明設備が不十分でした。ブラインドを開けると明るすぎ、備え付けの照明とランプだと暗すぎました。また、自動販売機と製氷機がある同じフロアに電子レンジも設置して欲しかったです。","Sean"
"","FALSE","Booking.com","6","2026-02-22","","","","","","","Yurika","","FALSE","Booking.com","9","2026-02-25","","","","","","","Sakaguchi"
"","FALSE","Google","3","2026-02-22","Questo hotel ha molti problemi. Come pregi, la posizione, il personale e la grandezza della stanza. I difetti: - stanza rumorosa (costante rumore proveniente dal bagno, a cui il letto purtroppo è attaccato) e completamente non insonorizzata - caldo allucinante a Febbraio, con impossibilità di regolare la temperatura in stanza se non usando un condizionatorino che però non faceva niente. Ovviamente impossibile aprire le finestre - manca la Coin laundry, quindi bisogna farsela a piedi - letto a molle scomodissimo e con lenzuola di acrilico - pulizia stanza discutibile Mi spiace perché dalle foto e descrizione sembrava un buon hotel quindi ci sono rimasto male. Il prezzo tuttavia è buono","","","このホテルには多くの問題があります。良い点は、立地、スタッフ、部屋の広さです。悪い点は次のとおりです。 - 部屋がうるさい（ベッドのすぐ隣にあるバスルームから絶えず騒音が聞こえる）し、防音対策が全くされていない - 2月なのに信じられないほど暑く、エアコンを使う以外に部屋の温度を調節する方法がなく、エアコンも全く効果がなかった。当然、窓を開けることはできない - コインランドリーがないので、歩いて行かなければならない - アクリルシートの付いた非常に寝心地の悪いボックススプリングベッド - 部屋の清潔さに疑問がある。写真と説明から良いホテルに見えたので、がっかりしました。ただし、価格は良いです。","","","Michele Da Ros","","FALSE","Trip.com","10","2026-02-25","一如既往給好評，酒店位置好，房間偏小，前台服務熱情，周邊配套吃飯方便","","","いつものように、良い評価をつけます。ホテルの立地は良く、部屋は少し狭いですが、フロントのスタッフはとても親切で、近くにはたくさんのレストランがあります。","","","ゲ‍ス‍ト"
"","FALSE","Google","4","2026-02-22","","","","","","","カキヌマヒロユキ","","FALSE","Trip.com","10","2026-02-25","チェックアウトが12時と、とてもゆっくり出来ました。","","","チェックアウトが12時と、とてもゆっくり出来ました。","","","ゲ‍ス‍ト"
"","FALSE","Google","3","2026-02-22","このホテルには多くの問題点があります。 良い点としては、立地、スタッフ、部屋の広さなどが挙げられます。 悪い点： - 部屋がうるさい（残念ながらベッドの隣にあるバスルームから常に音が聞こえてきます）。防音対策も全くされていません。 - 2月なのに猛暑で、エアコンを使う以外に室温を調節する方法がありませんでした。エアコンも全く効きませんでした。当然、窓を開けることもできません。 - コインランドリーがないので、歩いて行かなければなりません。 - アクリル板のボックススプリングベッドは非常に寝心地が悪かったです。 - 部屋の清潔さに疑問を感じます。 写真や説明では良いホテルに見えたので残念でしたが、残念でした。しかし、価格は妥当です。","","","このホテルには多くの問題点があります。 良い点としては、立地、スタッフ、部屋の広さなどが挙げられます。 悪い点： - 部屋がうるさい（残念ながらベッドの隣にあるバスルームから常に音が聞こえてきます）。防音対策も全くされていません。 - 2月なのに猛暑で、エアコンを使う以外に室温を調節する方法がありませんでした。エアコンも全く効きませんでした。当然、窓を開けることもできません。 - コインランドリーがないので、歩いて行かなければなりません。 - アクリル板のボックススプリングベッドは非常に寝心地が悪かったです。 - 部屋の清潔さに疑問を感じます。 写真や説明では良いホテルに見えたので残念でしたが、残念でした。しかし、価格は妥当です。","","","Michele Da Ros","","FALSE","Booking.com","10","2026-02-24","","","","","","","Lok"
"","FALSE","Booking.com","9","2026-02-21","","","","","","","Shuk","","FALSE","Booking.com","8","2026-02-24","","","","","","","Wai"
"","FALSE","Booking.com","9","2026-02-21","","","","","","","Hiroko","","FALSE","Booking.com","10","2026-02-24","","The location is right next to the market n train station, very convenient.   The taxi stand is right outside.   The frt desk is accommodating with helping me get my luggage to the airport.   Thank u!","Nothing.","","市場と駅のすぐ隣という、とても便利な場所にあります。タクシー乗り場もすぐ外にあります。フロントデスクのスタッフは親切で、空港まで荷物を運ぶのを手伝ってくれました。ありがとうございました！","何もない。","Linda"
"","FALSE","Booking.com","9","2026-02-20","","Locatie","Niets","","位置","何もない","Gregory","","FALSE","Google","4","2026-02-24","","","","","","","Lee Givens"
"","FALSE","楽天トラベル","3","2026-02-20","プランにはバーでドリンク一杯サービスが受けられるとの記載がありましたが、受付では一切説明がなくカードキー渡されただけでした。建物自体が古いため防音は気になりましたが、駅横のロケーションや清潔感のある部屋であること、川崎は意外とホテルが少なくて異様に値段が上がってしまう中では良心的な価格なので、またお世話になると思います。","","","プランにはバーでドリンク一杯サービスが受けられるとの記載がありましたが、受付では一切説明がなくカードキー渡されただけでした。建物自体が古いため防音は気になりましたが、駅横のロケーションや清潔感のある部屋であること、川崎は意外とホテルが少なくて異様に値段が上がってしまう中では良心的な価格なので、またお世話になると思います。","","","T2026","","FALSE","Trip.com","10","2026-02-24","川崎日航已經是再次入住了，服務還是很好，下次還會選擇入住","","","川崎日航ホテルに宿泊するのは今回で2回目ですが、サービスは素晴らしかったです。次回もぜひここに泊まりたいと思います。","","","ゲ‍ス‍ト"
"","FALSE","Booking.com","9","2026-02-19","","設備がとても綺麗だった。対応もとても良かったです。","特に見当たらないですね。","","設備がとても綺麗だった。対応もとても良かったです。","特に見当たらないですね。","Shin","","FALSE","Booking.com","9","2026-02-24","","","","","","","Pochun"
"","FALSE","Booking.com","8","2026-02-19","","荷物送るのにスタッフさんの対応が良かったです","別に有りません","","荷物送るのにスタッフさんの対応が良かったです","別に有りません","Shirakawa","","FALSE","Booking.com","10","2026-02-24","","Location to restaurants and shopping","","","レストランやショッピング街へのアクセスが良い","","Alan"
"","FALSE","Booking.com","7","2026-02-18","","","","","","","Ｆｕｍｉｏ","","FALSE","Trip.com","10","2026-02-24","作為一家四星級酒店是合格的，房間每天都打掃，在過道上遇到員工也會禮貌打招呼，酒店位置也很醒目方便，蠻好的。","","","4つ星ホテルとしては満足できるレベルです。部屋は毎日清掃され、廊下でスタッフとすれ違うと丁寧に挨拶してくれます。ホテルの立地も非常に良く、便利です。とても良いホテルです。","","","ゲ‍ス‍ト"
"","FALSE","Booking.com","8","2026-02-18","","清潔でよかった","特になし","","清潔でよかった","特になし","Michihiro","","FALSE","Booking.com","10","2026-02-23","","第二次入住了，继续推荐。 地理位置绝佳，距离JR站步行1分钟，京急站（去羽田机场）步行5分钟左右。附近吃饭和购物地点繁多。","电梯的外部上下按键有时有静电…… 第一次入住时前台还可自取护理套装，第二次入住时需要主动询问才有，猜测可能有人浪费这个套装吧，不过还是应该在入住时询问客人是否需要。","","今回で2回目の滞在ですが、やはりおすすめします。立地は最高で、JR駅から徒歩約1分、京急駅（羽田空港行き）から徒歩約5分です。周辺にはレストランやショッピングスポットもたくさんあります。","エレベーターの上下ボタンには、静電気が発生していることがあります。フロントデスクでは初回チェックイン時にケアキットを提供していますが、2回目以降のチェックインでは、こちらからお願いする必要があります。キットを無駄にしている人もいるかもしれませんが、チェックイン時に必要かどうかゲストに確認するべきでしょう。","Yiyan"
"","FALSE","Booking.com","10","2026-02-18","","","","","","","Naoko","","FALSE","Booking.com","9","2026-02-23","","","","","","","Takashi"
"","FALSE","Trip.com","10","2026-02-17","フロントスタッフの対応、朝食の質は非常に素晴らしかったです。部屋に関してはシングルルームで予約したため、若干狭く感じました。","","","フロントスタッフの対応、朝食の質は非常に素晴らしかったです。部屋に関してはシングルルームで予約したため、若干狭く感じました。","","","匿‍名‍ユ‍ー‍ザ‍ー","","FALSE","Booking.com","7","2026-02-23","","","","","","","Yuichi"
"","FALSE","Google","3","2026-02-17","","","","","","","沢井はな","","FALSE","Booking.com","6","2026-02-23","","La posizione, il personale molto gentile, grandezza della stanza","Tutto sembra molto datato ormai, ma le cose peggiori sono state: - impossibile modificare temperatura della stanza, e dentro faceva un caldo infernale (a febbraio). C’è un piccolo condizionatore ma non fa quasi nulla - dal bagno c’è un costante rumore ripetuto che purtroppo si sente dal letto, essendo attiguo - il letto col materasso a molle è scomodissimo, specialmente dopo settimane di bei materassi duri giapponesi, e le lenzuola in acrilico rendono ancora più calda l’esperienza del pernottamento - la pulizia della stanza lascia a desiderare","","立地、とてもフレンドリーなスタッフ、部屋の広さ","すべてが今となっては時代遅れに感じられますが、最悪だったのは以下の点です。- 室温の調節が不可能で、室内は（2月なのに）焼けつくように暑かった。小型のエアコンはありますが、ほとんど役に立ちません。- バスルームから絶えず繰り返される音が聞こえ、隣室なのでベッドからも聞こえてしまうのが残念です。- ボックススプリングベッドは非常に寝心地が悪く、特に数週間快適でしっかりとした日本のマットレスで寝た後ではなおさらです。アクリル製のシーツのせいで、夜はさらに暑く感じます。- 部屋の清潔さには改善の余地があります。","Michele"
"","FALSE","Booking.com","7","2026-02-17","","第一は地の利が良いことです。あちこち行くのに便利ですし、何をいっても羽田空港から便利です。今回もチェックインが夜中で遅く、チェックアウトは朝5時と早いので、最近は東京はホテル代非常に高く、ここのコスパの良さは非常に助かります。","やはり、結構古くなって設備がかなりくたびれて来てます。それと、安い部屋はかなり狭過ぎて、ほんと寝るだけになります。","","第一は地の利が良いことです。あちこち行くのに便利ですし、何をいっても羽田空港から便利です。今回もチェックインが夜中で遅く、チェックアウトは朝5時と早いので、最近は東京はホテル代非常に高く、ここのコスパの良さは非常に助かります。","やはり、結構古くなって設備がかなりくたびれて来てます。それと、安い部屋はかなり狭過ぎて、ほんと寝るだけになります。","Saburo","","FALSE","Google","5","2026-02-23","川崎駅に隣接した便利な立地が最大の魅力です。","","","川崎駅に隣接した便利な立地が最大の魅力です。","","","Weilin Zeng"
"","FALSE","Booking.com","8","2026-02-17","","Bien ubicado","La habitación era pequeña","","立地が良い","部屋は狭かった","Marcelo","","FALSE","Google","5","2026-02-23","川崎站旁，交通地點便利是最大優點。","","","最大の利点は、川崎駅に隣接しているという便利な立地です。","","","Weilin Zeng"
"","FALSE","Booking.com","9","2026-02-17","","駅近で周囲に何でもある。","なんか、久々に周りの部屋がうるさく感じた。","","駅近で周囲に何でもある。","なんか、久々に周りの部屋がうるさく感じた。","Hidenori","","FALSE","Booking.com","8","2026-02-22","","水やコーヒーマシーンがあり、紅茶やお茶もあった","化粧水などあればもっとよい","","水やコーヒーマシーンがあり、紅茶やお茶もあった","化粧水などあればもっとよい","Rie"
"","FALSE","Booking.com","9","2026-02-17","","","","","","","Chifei","","FALSE","Booking.com","9","2026-02-22","","Good location","","","立地が良い","","Michael"
"","FALSE","楽天トラベル","5","2026-02-16","全てのサービス、大満足‼️ ","","","全てのサービス、大満足‼️ ","","","そのぴ2657","","FALSE","Google","3","2026-02-22","このホテルには多くの問題があります。 良い点は、立地、スタッフ、部屋の広さです。 悪い点： - 部屋がうるさい（残念ながらベッドの隣にあるバスルームから常に音が聞こえてきます）。防音対策も全くされていません。 - 2月なのにひどく暑く、エアコンを使う以外に室温を調節する方法がありませんでした。エアコンは全く効きませんでした。もちろん、窓を開けることもできません。 - コインランドリーがないので、歩いて行かなければなりません。 - アクリルシーツが敷かれたボックススプリングベッドは非常に寝心地が悪かったです。 - 部屋の清潔さに疑問を感じます。 写真や説明では良いホテルに見えたので残念でした。しかし、価格は妥当です。","","","このホテルには多くの問題があります。 良い点は、立地、スタッフ、部屋の広さです。 悪い点： - 部屋がうるさい（残念ながらベッドの隣にあるバスルームから常に音が聞こえてきます）。防音対策も全くされていません。 - 2月なのにひどく暑く、エアコンを使う以外に室温を調節する方法がありませんでした。エアコンは全く効きませんでした。もちろん、窓を開けることもできません。 - コインランドリーがないので、歩いて行かなければなりません。 - アクリルシーツが敷かれたボックススプリングベッドは非常に寝心地が悪かったです。 - 部屋の清潔さに疑問を感じます。 写真や説明では良いホテルに見えたので残念でした。しかし、価格は妥当です。","","","Michele Da Ros"
"","FALSE","Booking.com","8","2026-02-16","","駅に近く、部屋も綺麗。","エレベーターの待ち時間が長い","","駅に近く、部屋も綺麗。","エレベーターの待ち時間が長い","Yuko","","FALSE","Booking.com","6","2026-02-22","","","","","","","Yurika"
"","FALSE","Booking.com","10","2026-02-16","","Quality of the breakfast is beyond my expectation.","","","朝食の質は私の期待をはるかに超えていました。","","Miu","","FALSE","Google","3","2026-02-22","Questo hotel ha molti problemi. Come pregi, la posizione, il personale e la grandezza della stanza. I difetti: - stanza rumorosa (costante rumore proveniente dal bagno, a cui il letto purtroppo è attaccato) e completamente non insonorizzata - caldo allucinante a Febbraio, con impossibilità di regolare la temperatura in stanza se non usando un condizionatorino che però non faceva niente. Ovviamente impossibile aprire le finestre - manca la Coin laundry, quindi bisogna farsela a piedi - letto a molle scomodissimo e con lenzuola di acrilico - pulizia stanza discutibile Mi spiace perché dalle foto e descrizione sembrava un buon hotel quindi ci sono rimasto male. Il prezzo tuttavia è buono","","","このホテルには多くの問題があります。良い点は、立地、スタッフ、部屋の広さです。悪い点は次のとおりです。 - 部屋がうるさい（ベッドのすぐ隣にあるバスルームから絶えず騒音が聞こえる）し、防音対策が全くされていない - 2月なのに信じられないほど暑く、エアコンを使う以外に部屋の温度を調節する方法がなく、エアコンも全く効果がなかった。当然、窓を開けることはできない - コインランドリーがないので、歩いて行かなければならない - アクリルシートの付いた非常に寝心地の悪いボックススプリングベッド - 部屋の清潔さに疑問がある。写真と説明から良いホテルに見えたので、がっかりしました。ただし、価格は良いです。","","","Michele Da Ros"
"","FALSE","Trip.com","9","2026-02-15","可惜無洗衣設備，服務親切","","","残念ながら洗濯設備はありませんでしたが、サービスは親切でした。","","","吳‍淑‍慈","","FALSE","Google","4","2026-02-22","","","","","","","カキヌマヒロユキ"
"","FALSE","Booking.com","7","2026-02-15","","","","","","","にしじま","","FALSE","Google","3","2026-02-22","このホテルには多くの問題点があります。 良い点としては、立地、スタッフ、部屋の広さなどが挙げられます。 悪い点： - 部屋がうるさい（残念ながらベッドの隣にあるバスルームから常に音が聞こえてきます）。防音対策も全くされていません。 - 2月なのに猛暑で、エアコンを使う以外に室温を調節する方法がありませんでした。エアコンも全く効きませんでした。当然、窓を開けることもできません。 - コインランドリーがないので、歩いて行かなければなりません。 - アクリル板のボックススプリングベッドは非常に寝心地が悪かったです。 - 部屋の清潔さに疑問を感じます。 写真や説明では良いホテルに見えたので残念でしたが、残念でした。しかし、価格は妥当です。","","","このホテルには多くの問題点があります。 良い点としては、立地、スタッフ、部屋の広さなどが挙げられます。 悪い点： - 部屋がうるさい（残念ながらベッドの隣にあるバスルームから常に音が聞こえてきます）。防音対策も全くされていません。 - 2月なのに猛暑で、エアコンを使う以外に室温を調節する方法がありませんでした。エアコンも全く効きませんでした。当然、窓を開けることもできません。 - コインランドリーがないので、歩いて行かなければなりません。 - アクリル板のボックススプリングベッドは非常に寝心地が悪かったです。 - 部屋の清潔さに疑問を感じます。 写真や説明では良いホテルに見えたので残念でしたが、残念でした。しかし、価格は妥当です。","","","Michele Da Ros"
"","FALSE","Booking.com","7","2026-02-15","","駅直下レベルのロケーションで利便性が良い 建物自体は新しくないが、改装等で不満が無い","喫煙ルームが無い","","駅直下レベルのロケーションで利便性が良い 建物自体は新しくないが、改装等で不満が無い","喫煙ルームが無い","Yamamoto","","FALSE","Booking.com","9","2026-02-21","","","","","","","Shuk"
"","FALSE","Booking.com","10","2026-02-15","","対応が丁寧でした","なし","","対応が丁寧でした","なし","Hayato","","FALSE","Booking.com","9","2026-02-21","","","","","","","Hiroko"
"","FALSE","Trip.com","10","2026-02-15","地理位置和酒店設施及服務都是沒得説，很好！下樓就有yodobashi，步行三分鐘是JR川崎車站去羽田很方便！","","","立地、ホテル設備、サービスすべてが素晴らしいです！1階にはヨドバシカメラがあり、JR川崎駅まで徒歩3分なので、羽田空港へのアクセスも非常に便利です！","","","ゲ‍ス‍ト","","FALSE","Booking.com","9","2026-02-20","","Locatie","Niets","","位置","何もない","Gregory"
"","FALSE","Booking.com","10","2026-02-15","","ルームの電気がカードを入れる必要がなく、ストレスがなかった。朝食の質が高くて満足です！","","","ルームの電気がカードを入れる必要がなく、ストレスがなかった。朝食の質が高くて満足です！","","Yoikun","","FALSE","楽天トラベル","3","2026-02-20","プランにはバーでドリンク一杯サービスが受けられるとの記載がありましたが、受付では一切説明がなくカードキー渡されただけでした。建物自体が古いため防音は気になりましたが、駅横のロケーションや清潔感のある部屋であること、川崎は意外とホテルが少なくて異様に値段が上がってしまう中では良心的な価格なので、またお世話になると思います。","","","プランにはバーでドリンク一杯サービスが受けられるとの記載がありましたが、受付では一切説明がなくカードキー渡されただけでした。建物自体が古いため防音は気になりましたが、駅横のロケーションや清潔感のある部屋であること、川崎は意外とホテルが少なくて異様に値段が上がってしまう中では良心的な価格なので、またお世話になると思います。","","","T2026"
"","FALSE","Trip.com","10","2026-02-15","老牌酒店，無可挑剔，就在川崎站邊上，交通便利，床品也舒服","","","川崎駅のすぐ隣という便利な立地にある、定評のある申し分のないホテルで、快適な寝具が備わっています。","","","H‍a‍i‍t‍o‍n‍g‍z‍h‍u‍l‍a‍o‍s‍h‍i","","FALSE","Booking.com","9","2026-02-19","","設備がとても綺麗だった。対応もとても良かったです。","特に見当たらないですね。","","設備がとても綺麗だった。対応もとても良かったです。","特に見当たらないですね。","Shin"
"","FALSE","Booking.com","10","2026-02-14","","","","","","","Reinaldo","","FALSE","Booking.com","8","2026-02-19","","荷物送るのにスタッフさんの対応が良かったです","別に有りません","","荷物送るのにスタッフさんの対応が良かったです","別に有りません","Shirakawa"
"","FALSE","Booking.com","10","2026-02-14","","房間內有加濕器足以舒緩乾燥的暖氣 雙床房算寬敞付有兩張椅子與小桌子方便吃宵夜","沒有","","室内には暖房による乾燥を和らげる加湿器が備え付けられています。ツインルームは広々としており、椅子2脚と夜食用の小さなテーブルが備え付けられています。","いいえ","Wen-chung","","FALSE","Booking.com","7","2026-02-18","","","","","","","Ｆｕｍｉｏ"
"","FALSE","Google","4","2026-02-14","","","","","","","兵頭康平","","FALSE","Booking.com","8","2026-02-18","","清潔でよかった","特になし","","清潔でよかった","特になし","Michihiro"
"","FALSE","Booking.com","8","2026-02-13","","","","","","","Nobutaka","","FALSE","Booking.com","10","2026-02-18","","","","","","","Naoko"
"","FALSE","じゃらん","5","2026-02-13","川崎に出張に来る際は、必ず利用させていただいております。  朝ごはん、部屋、接客など大変満足です。  フロントの改修工事中ですが、作業時間など気を使われており、快適に過ごすことができました。  また利用させていただきます。","","","川崎に出張に来る際は、必ず利用させていただいております。  朝ごはん、部屋、接客など大変満足です。  フロントの改修工事中ですが、作業時間など気を使われており、快適に過ごすことができました。  また利用させていただきます。","","","リックさん","","FALSE","Trip.com","10","2026-02-17","フロントスタッフの対応、朝食の質は非常に素晴らしかったです。部屋に関してはシングルルームで予約したため、若干狭く感じました。","","","フロントスタッフの対応、朝食の質は非常に素晴らしかったです。部屋に関してはシングルルームで予約したため、若干狭く感じました。","","","匿‍名‍ユ‍ー‍ザ‍ー"
"","FALSE","Booking.com","8","2026-02-12","","","","","","","Chiu","","FALSE","Google","3","2026-02-17","","","","","","","沢井はな"
"","FALSE","Booking.com","5","2026-02-12","","駅に近いのが最高でスタッフの対応が外国人も含め良かった。コーヒーが部屋にもラウンジでも飲めて美味しかった。  バスタブも大きめで洗面所も使い安かった。朝食ブッフェは種類は多くないが美味しかった。","エレベーターは2基しかないので、時間帯によると思うが待ち時間が長い時があった。","","駅に近いのが最高でスタッフの対応が外国人も含め良かった。コーヒーが部屋にもラウンジでも飲めて美味しかった。  バスタブも大きめで洗面所も使い安かった。朝食ブッフェは種類は多くないが美味しかった。","エレベーターは2基しかないので、時間帯によると思うが待ち時間が長い時があった。","Tetsuya","","FALSE","Booking.com","7","2026-02-17","","第一は地の利が良いことです。あちこち行くのに便利ですし、何をいっても羽田空港から便利です。今回もチェックインが夜中で遅く、チェックアウトは朝5時と早いので、最近は東京はホテル代非常に高く、ここのコスパの良さは非常に助かります。","やはり、結構古くなって設備がかなりくたびれて来てます。それと、安い部屋はかなり狭過ぎて、ほんと寝るだけになります。","","第一は地の利が良いことです。あちこち行くのに便利ですし、何をいっても羽田空港から便利です。今回もチェックインが夜中で遅く、チェックアウトは朝5時と早いので、最近は東京はホテル代非常に高く、ここのコスパの良さは非常に助かります。","やはり、結構古くなって設備がかなりくたびれて来てます。それと、安い部屋はかなり狭過ぎて、ほんと寝るだけになります。","Saburo"
"","FALSE","Booking.com","10","2026-02-12","","地理位置好，步行到JR站三分钟，到京急六分钟。风景好。","没有。","","立地が最高で、JR駅まで徒歩3分、京急駅まで徒歩6分です。景色も素晴らしいです。","いいえ。","Yiyan","","FALSE","Booking.com","8","2026-02-17","","Bien ubicado","La habitación era pequeña","","立地が良い","部屋は狭かった","Marcelo"
"","FALSE","Google","5","2026-02-12","","","","","","","Sree Harsha","","FALSE","Booking.com","9","2026-02-17","","駅近で周囲に何でもある。","なんか、久々に周りの部屋がうるさく感じた。","","駅近で周囲に何でもある。","なんか、久々に周りの部屋がうるさく感じた。","Hidenori"
"","FALSE","Booking.com","9","2026-02-11","","","","","","","Hisayo","","FALSE","Booking.com","9","2026-02-17","","","","","","","Chifei"
"","FALSE","Google","3","2026-02-11","駅からの道が分かりにくい。設備が古め。 関係ないが駅からの道が臭かったです。。","","","駅からの道が分かりにくい。設備が古め。 関係ないが駅からの道が臭かったです。。","","","VN S","","FALSE","楽天トラベル","5","2026-02-16","全てのサービス、大満足‼️ ","","","全てのサービス、大満足‼️ ","","","そのぴ2657"
"","FALSE","Trip.com","9","2026-02-11","鄰近川崎駅，地理位置方便，交通方便 就算夜歸，附近都有很餐廳及超市 不愁衣食 附近有大型商場，方便shopping 價錢合理","","","川崎駅近くという便利な立地で、交通アクセスも抜群です。帰りが遅くなっても、周辺には飲食店やスーパーマーケットがたくさんあるので、食事や衣類の心配は無用です。また、大型ショッピングモールも近くにあり、リーズナブルな価格で買い物を楽しめます。","","","E‍x‍i‍t‍f‍a‍i‍f‍a‍i","","FALSE","Booking.com","8","2026-02-16","","駅に近く、部屋も綺麗。","エレベーターの待ち時間が長い","","駅に近く、部屋も綺麗。","エレベーターの待ち時間が長い","Yuko"
"","FALSE","Booking.com","10","2026-02-10","","","","","","","Perumalsamy","","FALSE","Booking.com","10","2026-02-16","","Quality of the breakfast is beyond my expectation.","","","朝食の質は私の期待をはるかに超えていました。","","Miu"
"","FALSE","Booking.com","10","2026-02-10","","","","","","","Kijima","","FALSE","Trip.com","9","2026-02-15","可惜無洗衣設備，服務親切","","","残念ながら洗濯設備はありませんでしたが、サービスは親切でした。","","","吳‍淑‍慈"
"","FALSE","Booking.com","8","2026-02-10","","駅から近い","2階出入り口が使えなくて不便だった","","駅から近い","2階出入り口が使えなくて不便だった","Haruhi","","FALSE","Booking.com","7","2026-02-15","","","","","","","にしじま"
"","","","","","","","","","","","","","FALSE","Booking.com","7","2026-02-15","","駅直下レベルのロケーションで利便性が良い 建物自体は新しくないが、改装等で不満が無い","喫煙ルームが無い","","駅直下レベルのロケーションで利便性が良い 建物自体は新しくないが、改装等で不満が無い","喫煙ルームが無い","Yamamoto"
"","","","","","","","","","","","","","FALSE","Booking.com","10","2026-02-15","","対応が丁寧でした","なし","","対応が丁寧でした","なし","Hayato"
"","","","","","","","","","","","","","FALSE","Trip.com","10","2026-02-15","地理位置和酒店設施及服務都是沒得説，很好！下樓就有yodobashi，步行三分鐘是JR川崎車站去羽田很方便！","","","立地、ホテル設備、サービスすべてが素晴らしいです！1階にはヨドバシカメラがあり、JR川崎駅まで徒歩3分なので、羽田空港へのアクセスも非常に便利です！","","","ゲ‍ス‍ト"
"","","","","","","","","","","","","","FALSE","Booking.com","10","2026-02-15","","ルームの電気がカードを入れる必要がなく、ストレスがなかった。朝食の質が高くて満足です！","","","ルームの電気がカードを入れる必要がなく、ストレスがなかった。朝食の質が高くて満足です！","","Yoikun"
"","","","","","","","","","","","","","FALSE","Trip.com","10","2026-02-15","老牌酒店，無可挑剔，就在川崎站邊上，交通便利，床品也舒服","","","川崎駅のすぐ隣という便利な立地にある、定評のある申し分のないホテルで、快適な寝具が備わっています。","","","H‍a‍i‍t‍o‍n‍g‍z‍h‍u‍l‍a‍o‍s‍h‍i"
"","","","","","","","","","","","","","FALSE","Booking.com","10","2026-02-14","","","","","","","Reinaldo"
"","","","","","","","","","","","","","FALSE","Booking.com","10","2026-02-14","","房間內有加濕器足以舒緩乾燥的暖氣 雙床房算寬敞付有兩張椅子與小桌子方便吃宵夜","沒有","","室内には暖房による乾燥を和らげる加湿器が備え付けられています。ツインルームは広々としており、椅子2脚と夜食用の小さなテーブルが備え付けられています。","いいえ","Wen-chung"
"","","","","","","","","","","","","","FALSE","Google","4","2026-02-14","","","","","","","兵頭康平"
"","","","","","","","","","","","","","FALSE","Booking.com","8","2026-02-13","","","","","","","Nobutaka"
"","","","","","","","","","","","","","FALSE","じゃらん","5","2026-02-13","川崎に出張に来る際は、必ず利用させていただいております。  朝ごはん、部屋、接客など大変満足です。  フロントの改修工事中ですが、作業時間など気を使われており、快適に過ごすことができました。  また利用させていただきます。","","","川崎に出張に来る際は、必ず利用させていただいております。  朝ごはん、部屋、接客など大変満足です。  フロントの改修工事中ですが、作業時間など気を使われており、快適に過ごすことができました。  また利用させていただきます。","","","リックさん"
"","","","","","","","","","","","","","FALSE","Booking.com","8","2026-02-12","","","","","","","Chiu"
"","","","","","","","","","","","","","FALSE","Booking.com","5","2026-02-12","","駅に近いのが最高でスタッフの対応が外国人も含め良かった。コーヒーが部屋にもラウンジでも飲めて美味しかった。  バスタブも大きめで洗面所も使い安かった。朝食ブッフェは種類は多くないが美味しかった。","エレベーターは2基しかないので、時間帯によると思うが待ち時間が長い時があった。","","駅に近いのが最高でスタッフの対応が外国人も含め良かった。コーヒーが部屋にもラウンジでも飲めて美味しかった。  バスタブも大きめで洗面所も使い安かった。朝食ブッフェは種類は多くないが美味しかった。","エレベーターは2基しかないので、時間帯によると思うが待ち時間が長い時があった。","Tetsuya"
"","","","","","","","","","","","","","FALSE","Booking.com","10","2026-02-12","","地理位置好，步行到JR站三分钟，到京急六分钟。风景好。","没有。","","立地が最高で、JR駅まで徒歩3分、京急駅まで徒歩6分です。景色も素晴らしいです。","いいえ。","Yiyan"
"","","","","","","","","","","","","","FALSE","Google","5","2026-02-12","","","","","","","Sree Harsha"
"","","","","","","","","","","","","","FALSE","Booking.com","9","2026-02-11","","","","","","","Hisayo"
"","","","","","","","","","","","","","FALSE","Google","3","2026-02-11","駅からの道が分かりにくい。設備が古め。 関係ないが駅からの道が臭かったです。。","","","駅からの道が分かりにくい。設備が古め。 関係ないが駅からの道が臭かったです。。","","","VN S"
"","","","","","","","","","","","","","FALSE","Trip.com","9","2026-02-11","鄰近川崎駅，地理位置方便，交通方便 就算夜歸，附近都有很餐廳及超市 不愁衣食 附近有大型商場，方便shopping 價錢合理","","","川崎駅近くという便利な立地で、交通アクセスも抜群です。帰りが遅くなっても、周辺には飲食店やスーパーマーケットがたくさんあるので、食事や衣類の心配は無用です。また、大型ショッピングモールも近くにあり、リーズナブルな価格で買い物を楽しめます。","","","E‍x‍i‍t‍f‍a‍i‍f‍a‍i"
"","","","","","","","","","","","","","FALSE","Booking.com","10","2026-02-10","","","","","","","Perumalsamy"
"","","","","","","","","","","","","","FALSE","Booking.com","10","2026-02-10","","","","","","","Kijima"
"","","","","","","","","","","","","","FALSE","Booking.com","8","2026-02-10","","駅から近い","2階出入り口が使えなくて不便だった","","駅から近い","2階出入り口が使えなくて不便だった","Haruhi"