"","検索文字 URL： チェック","京成リッチモンドホテル東京錦糸町 サイト名","検索年月： 評価","2026年 投稿日","04月 コメント(全体)","範囲： コメント(良い点)","!A1:K コメント(改善点)","コメント（翻訳:全体)","コメント（翻訳:良い)","コメント（翻訳:改善点)","投稿者","","","","","関数用 2026年 2026年 ","03月 04月 ","","!A2:K75 ","","","",""
"","FALSE","Trip.com","8","2026-04-10","酒店只有基本設施，沒有健身室或溫泉，東京來說房間偏大，有洗乾衣機亦有浴缸及溫泉浴鹽，有自助早餐，價格2000大1000小，種類不算多，但合格，整潔程度也高。酒店附近有多間一餐廳可以選擇。與錦系町車站大概10分鐘路程，車站附近亦有巴士到迪士尼樂園或機場，十分適合家庭客。","","","このホテルは基本的なアメニティのみを提供しており、ジムや温泉はありません。客室は東京にしては比較的広く、洗濯乾燥機、バスタブ、温泉入浴剤が備え付けられています。ビュッフェスタイルの朝食は、大部屋が2000円、小部屋が1000円で利用できます。品数は多くはありませんが、十分な内容で、ホテルは非常に清潔です。周辺にはレストランがいくつかあります。錦糸町駅から徒歩約10分で、ディズニーランドや空港行きのバス停も近くにあるため、家族連れに最適です。","","","ゲ‍ス‍ト","","FALSE","Trip.com","8","2026-04-10","酒店只有基本設施，沒有健身室或溫泉，東京來說房間偏大，有洗乾衣機亦有浴缸及溫泉浴鹽，有自助早餐，價格2000大1000小，種類不算多，但合格，整潔程度也高。酒店附近有多間一餐廳可以選擇。與錦系町車站大概10分鐘路程，車站附近亦有巴士到迪士尼樂園或機場，十分適合家庭客。","","","このホテルは基本的なアメニティのみを提供しており、ジムや温泉はありません。客室は東京にしては比較的広く、洗濯乾燥機、バスタブ、温泉入浴剤が備え付けられています。ビュッフェスタイルの朝食は、大部屋が2000円、小部屋が1000円で利用できます。品数は多くはありませんが、十分な内容で、ホテルは非常に清潔です。周辺にはレストランがいくつかあります。錦糸町駅から徒歩約10分で、ディズニーランドや空港行きのバス停も近くにあるため、家族連れに最適です。","","","ゲ‍ス‍ト"
"","FALSE","Trip.com","9","2026-04-08","房間乾淨，地點離車站5分鐘，算是機能方便，車站往住宿路上有各種超商，車站裡面還有24小時超市，另外附近公園也有櫻花可以看","","","部屋は清潔で、駅から徒歩わずか5分という便利な立地でした。駅から宿泊施設までの道沿いには様々なコンビニエンスストアがあり、駅構内には24時間営業のスーパーマーケットもありました。さらに、近くの公園では桜を楽しむことができました。","","","H‍u‍l‍u‍n","","FALSE","Trip.com","9","2026-04-08","房間乾淨，地點離車站5分鐘，算是機能方便，車站往住宿路上有各種超商，車站裡面還有24小時超市，另外附近公園也有櫻花可以看","","","部屋は清潔で、駅から徒歩わずか5分という便利な立地でした。駅から宿泊施設までの道沿いには様々なコンビニエンスストアがあり、駅構内には24時間営業のスーパーマーケットもありました。さらに、近くの公園では桜を楽しむことができました。","","","H‍u‍l‍u‍n"
"","FALSE","Booking.com","9","2026-04-07","","The location is near to train station and few halal restaurants nearby the hotel","Room a bit small but very comfortable","","ホテルは駅に近く、周辺にはハラールレストランもいくつかあります。","部屋は少し狭いですが、とても快適です。","Zairul","","FALSE","Booking.com","9","2026-04-07","","The location is near to train station and few halal restaurants nearby the hotel","Room a bit small but very comfortable","","ホテルは駅に近く、周辺にはハラールレストランもいくつかあります。","部屋は少し狭いですが、とても快適です。","Zairul"
"","FALSE","Trip.com","9","2026-04-07","酒店鄰近JR同Metro錦糸町站，非常方便。附近有便利店，餐廳，鄰近PARCO。房間空間大，可打開行李箱，朝濕分隔 乾淨衞生","","","ホテルはJR駅と地下鉄錦糸町駅に近く、便利な立地です。周辺にはコンビニエンスストアやレストランがあり、PARCOもすぐ近くにあります。客室は広々としており、スーツケースの出し入れも可能で、ウェットエリアとドライエリアが分かれた設計になっています。客室は清潔で衛生的です。","","","C‍a‍n‍d‍y‍c‍y","","FALSE","Trip.com","9","2026-04-07","酒店鄰近JR同Metro錦糸町站，非常方便。附近有便利店，餐廳，鄰近PARCO。房間空間大，可打開行李箱，朝濕分隔 乾淨衞生","","","ホテルはJR駅と地下鉄錦糸町駅に近く、便利な立地です。周辺にはコンビニエンスストアやレストランがあり、PARCOもすぐ近くにあります。客室は広々としており、スーツケースの出し入れも可能で、ウェットエリアとドライエリアが分かれた設計になっています。客室は清潔で衛生的です。","","","C‍a‍n‍d‍y‍c‍y"
"","FALSE","Trip.com","10","2026-04-07","雙床房型真的很大，一樓也有備品可以拿取，電梯不會等很久，廁所跟衛浴是分開的，唯一缺點是洗衣機很搶手，等待時間標準一次就等兩小時以上（尤其是時間到了還為取出的人）希望這點可以改善","","","ツインルームはとても広々としていて、1階にはアメニティも用意されていました。エレベーターの待ち時間も短く、トイレとバスルームは別々でした。唯一の難点は、洗濯機が大変混雑していて、通常2時間以上待たされることでした（特に指定時間内に利用しなかった場合）。この点は改善されることを期待します。","","","ゲ‍ス‍ト","","FALSE","Trip.com","10","2026-04-07","雙床房型真的很大，一樓也有備品可以拿取，電梯不會等很久，廁所跟衛浴是分開的，唯一缺點是洗衣機很搶手，等待時間標準一次就等兩小時以上（尤其是時間到了還為取出的人）希望這點可以改善","","","ツインルームはとても広々としていて、1階にはアメニティも用意されていました。エレベーターの待ち時間も短く、トイレとバスルームは別々でした。唯一の難点は、洗濯機が大変混雑していて、通常2時間以上待たされることでした（特に指定時間内に利用しなかった場合）。この点は改善されることを期待します。","","","ゲ‍ス‍ト"
"","FALSE","Trip.com","10","2026-04-07","😊酒店地理位置非常好 走路 7分鐘左右已經可以到錦糸町站 ，非常方便  由成田機場到達有電梯到車站，不用搬喼  😊酒店房間夠大 乾淨 隔音設備很好   ☺️酒店員工服務很好  😊有行李寄存服務 最後一天可以在酒店附近商場逛街 直接坐車到機場   會再入住這間酒店","","","😊ホテルは立地が最高で、錦糸町駅まで徒歩約7分ととても便利です。成田空港から駅まではエレベーターがあるので、荷物を運ぶ必要もありません。😊客室は広々として清潔で、防音性も抜群です。☺️ホテルスタッフはとても親切です。😊荷物預かりサービスもあります。最終日は近くのショッピングモールで買い物をしてから、空港行きの直行バスに乗ることができます。ぜひまたこのホテルに泊まりたいです。","","","ゲ‍ス‍ト","","FALSE","Trip.com","10","2026-04-07","😊酒店地理位置非常好 走路 7分鐘左右已經可以到錦糸町站 ，非常方便  由成田機場到達有電梯到車站，不用搬喼  😊酒店房間夠大 乾淨 隔音設備很好   ☺️酒店員工服務很好  😊有行李寄存服務 最後一天可以在酒店附近商場逛街 直接坐車到機場   會再入住這間酒店","","","😊ホテルは立地が最高で、錦糸町駅まで徒歩約7分ととても便利です。成田空港から駅まではエレベーターがあるので、荷物を運ぶ必要もありません。😊客室は広々として清潔で、防音性も抜群です。☺️ホテルスタッフはとても親切です。😊荷物預かりサービスもあります。最終日は近くのショッピングモールで買い物をしてから、空港行きの直行バスに乗ることができます。ぜひまたこのホテルに泊まりたいです。","","","ゲ‍ス‍ト"
"","FALSE","Trip.com","9","2026-04-07","喺東京嚟講，間房唔算太細，空調暖氣良好 行落街附近已經有幾間餐廳，過一個block就到天橋，嗰度有麥當勞，過埋橋就係地鐵站，附近有幾間便利店，同埋一間二十四小時超市，有得退稅，掃貨一流","","","東京の部屋はそれほど狭くなく、冷暖房完備で、通りを歩いて行くと近くにレストランがいくつかあり、一ブロック渡って歩道橋を渡るとマクドナルドがあり、橋を渡ると地下鉄の駅があり、近くにはコンビニエンスストアがいくつかあり、24時間営業のスーパーマーケットもあり、免税店もあり、買い物に最適です。","","","D‍C‍h‍a‍n","","FALSE","Trip.com","9","2026-04-07","喺東京嚟講，間房唔算太細，空調暖氣良好 行落街附近已經有幾間餐廳，過一個block就到天橋，嗰度有麥當勞，過埋橋就係地鐵站，附近有幾間便利店，同埋一間二十四小時超市，有得退稅，掃貨一流","","","東京の部屋はそれほど狭くなく、冷暖房完備で、通りを歩いて行くと近くにレストランがいくつかあり、一ブロック渡って歩道橋を渡るとマクドナルドがあり、橋を渡ると地下鉄の駅があり、近くにはコンビニエンスストアがいくつかあり、24時間営業のスーパーマーケットもあり、免税店もあり、買い物に最適です。","","","D‍C‍h‍a‍n"
"","FALSE","Trip.com","9","2026-04-06","酒店位置距離錦糸町駅約4-5分鐘，拉行李可走南口、過斑馬線再拐󠄆左向酒店方向走。酒店大堂有備品可自取，選擇多。附近有許多中小型商場、公園，也可緩跑到清澄白河。","","","ホテルは錦糸町駅から徒歩約4～5分です。荷物をお持ちの場合は、南口を出て横断歩道を渡り、左折してホテルへお進みください。ロビーには各種アメニティをご用意しております。周辺には大小さまざまなショッピングモールや公園が多数あり、清澄白川までジョギングすることもできます。","","","ゲ‍ス‍ト","","FALSE","Trip.com","9","2026-04-06","酒店位置距離錦糸町駅約4-5分鐘，拉行李可走南口、過斑馬線再拐󠄆左向酒店方向走。酒店大堂有備品可自取，選擇多。附近有許多中小型商場、公園，也可緩跑到清澄白河。","","","ホテルは錦糸町駅から徒歩約4～5分です。荷物をお持ちの場合は、南口を出て横断歩道を渡り、左折してホテルへお進みください。ロビーには各種アメニティをご用意しております。周辺には大小さまざまなショッピングモールや公園が多数あり、清澄白川までジョギングすることもできます。","","","ゲ‍ス‍ト"
"","FALSE","Booking.com","10","2026-04-06","","从成田机场到酒店有直达的bus和JR电车， 在锦丝町站下车，出南口， 几分钟可以走到酒店。 工作人员热情接待，房间清洁干净舒适， 距离各个餐厅，超市和商场都比较近。 去迪士尼也有直达的bus。","无","","成田空港からホテルまでは直通バスとJR線が運行しています。錦糸町駅で下車し、南口から出れば徒歩数分でホテルに到着します。スタッフはとても親切で、客室は清潔で快適です。また、ホテル周辺には様々なレストラン、スーパーマーケット、ショッピングモールがあり、大変便利な立地です。ディズニーランド行きの直通バスも運行しています。","なし","Xiaodong","","FALSE","Booking.com","10","2026-04-06","","从成田机场到酒店有直达的bus和JR电车， 在锦丝町站下车，出南口， 几分钟可以走到酒店。 工作人员热情接待，房间清洁干净舒适， 距离各个餐厅，超市和商场都比较近。 去迪士尼也有直达的bus。","无","","成田空港からホテルまでは直通バスとJR線が運行しています。錦糸町駅で下車し、南口から出れば徒歩数分でホテルに到着します。スタッフはとても親切で、客室は清潔で快適です。また、ホテル周辺には様々なレストラン、スーパーマーケット、ショッピングモールがあり、大変便利な立地です。ディズニーランド行きの直通バスも運行しています。","なし","Xiaodong"
"","FALSE","Booking.com","10","2026-04-06","","お部屋も綺麗で快適でしたし、 朝食も美味しくてとても良かったです。 席の案内のスタッフの方も丁寧で素晴らしい。 アメニティが充実していて大満足でした!","特にありません。","","お部屋も綺麗で快適でしたし、 朝食も美味しくてとても良かったです。 席の案内のスタッフの方も丁寧で素晴らしい。 アメニティが充実していて大満足でした!","特にありません。","Hiroshi","","FALSE","Booking.com","10","2026-04-06","","お部屋も綺麗で快適でしたし、 朝食も美味しくてとても良かったです。 席の案内のスタッフの方も丁寧で素晴らしい。 アメニティが充実していて大満足でした!","特にありません。","","お部屋も綺麗で快適でしたし、 朝食も美味しくてとても良かったです。 席の案内のスタッフの方も丁寧で素晴らしい。 アメニティが充実していて大満足でした!","特にありません。","Hiroshi"
"","FALSE","Google","3","2026-04-06","","","","","","","ぽくくぽ","","FALSE","Google","3","2026-04-06","","","","","","","ぽくくぽ"
"","FALSE","Trip.com","10","2026-04-06","交通方便，附近很多食店","","","交通の便が良く、近くにレストランも多数あります。","","","ゲ‍ス‍ト","","FALSE","Trip.com","10","2026-04-06","交通方便，附近很多食店","","","交通の便が良く、近くにレストランも多数あります。","","","ゲ‍ス‍ト"
"","FALSE","Trip.com","10","2026-04-06","服務良好，態度優良，地理位置良好，衛生不錯。","","","サービスも良く、スタッフも親切で、立地も良く、衛生状態も良好でした。","","","C‍h‍a‍k‍c‍h‍a‍k‍1‍1‍2","","FALSE","Trip.com","10","2026-04-06","服務良好，態度優良，地理位置良好，衛生不錯。","","","サービスも良く、スタッフも親切で、立地も良く、衛生状態も良好でした。","","","C‍h‍a‍k‍c‍h‍a‍k‍1‍1‍2"
"","FALSE","Trip.com","10","2026-04-05","優點很多, 床舒服, staff helpful, 唯房間真的沒料到的細少！ 已經訂三人房間但真的太細, 連衣櫃都沒有的！ 另外, 如果酒店能提供自動飲水機會更佳！","","","ベッドは快適で、スタッフも親切だったなど、良い点もたくさんありました。しかし、部屋が予想以上に狭かったのです！トリプルルームを予約したのですが、本当に狭すぎて、ワードローブさえありませんでした！また、自動給水器があればもっと良かったと思います！","","","ゲ‍ス‍ト","","FALSE","Trip.com","10","2026-04-05","優點很多, 床舒服, staff helpful, 唯房間真的沒料到的細少！ 已經訂三人房間但真的太細, 連衣櫃都沒有的！ 另外, 如果酒店能提供自動飲水機會更佳！","","","ベッドは快適で、スタッフも親切だったなど、良い点もたくさんありました。しかし、部屋が予想以上に狭かったのです！トリプルルームを予約したのですが、本当に狭すぎて、ワードローブさえありませんでした！また、自動給水器があればもっと良かったと思います！","","","ゲ‍ス‍ト"
"","FALSE","Trip.com","10","2026-04-05","地點方便近JR , 近地鐵站，有好多食肆，酒店乾淨，服務態度非常好！","","","立地は便利で、JR駅や地下鉄駅に近く、周辺には多くのレストランがあります。ホテルは清潔で、サービスも素晴らしいです！","","","ゲ‍ス‍ト","","FALSE","Trip.com","10","2026-04-05","地點方便近JR , 近地鐵站，有好多食肆，酒店乾淨，服務態度非常好！","","","立地は便利で、JR駅や地下鉄駅に近く、周辺には多くのレストランがあります。ホテルは清潔で、サービスも素晴らしいです！","","","ゲ‍ス‍ト"
"","FALSE","Trip.com","10","2026-04-05","房間乾淨、整潔，兩個28吋的行李箱打開也沒問題，服務人員態度非常好，我覺得cp值很高，離錦糸町走路也很近，附近吃的也非常方便，","","","部屋は清潔で整頓されていて、28インチのスーツケース2個も楽に開けられました。スタッフはとても親切で対応も良かったです。料金に見合った素晴らしいホテルだと思います。錦糸町にもとても近く、周辺にはたくさんの飲食店があります。","","","ゲ‍ス‍ト","","FALSE","Trip.com","10","2026-04-05","房間乾淨、整潔，兩個28吋的行李箱打開也沒問題，服務人員態度非常好，我覺得cp值很高，離錦糸町走路也很近，附近吃的也非常方便，","","","部屋は清潔で整頓されていて、28インチのスーツケース2個も楽に開けられました。スタッフはとても親切で対応も良かったです。料金に見合った素晴らしいホテルだと思います。錦糸町にもとても近く、周辺にはたくさんの飲食店があります。","","","ゲ‍ス‍ト"
"","FALSE","Trip.com","10","2026-04-04","Mantappp","","","素晴らしい","","","A‍N‍D‍R‍E‍ ‍Y‍U‍Z‍D‍I‍A‍N‍T‍A‍R‍A","","FALSE","Trip.com","10","2026-04-04","Mantappp","","","素晴らしい","","","A‍N‍D‍R‍E‍ ‍Y‍U‍Z‍D‍I‍A‍N‍T‍A‍R‍A"
"","FALSE","Trip.com","10","2026-04-04","アメニティが本当に豊富でした。 朝のバイキングもとても美味しく頂き、部屋もすごく綺麗でした。 また利用したいです。","","","アメニティが本当に豊富でした。 朝のバイキングもとても美味しく頂き、部屋もすごく綺麗でした。 また利用したいです。","","","K‍u‍m‍m‍y‍.","","FALSE","Trip.com","10","2026-04-04","アメニティが本当に豊富でした。 朝のバイキングもとても美味しく頂き、部屋もすごく綺麗でした。 また利用したいです。","","","アメニティが本当に豊富でした。 朝のバイキングもとても美味しく頂き、部屋もすごく綺麗でした。 また利用したいです。","","","K‍u‍m‍m‍y‍."
"","FALSE","Trip.com","10","2026-04-04","We had a great 7-night stay at this hotel. The staff were friendly and helpful, and the room was clean, comfortable, and well-maintained throughout our stay. The location was convenient, making it easy to get around and explore. Overall, a very pleasant experience—we’d definitely recommend it and would stay again.","","","このホテルでの7泊の滞在は最高でした。スタッフは親切で協力的で、部屋は滞在中ずっと清潔で快適、そして手入れが行き届いていました。立地も便利で、移動や観光も楽でした。全体的にとても快適な滞在で、ぜひおすすめしますし、また泊まりたいと思います。","","","ゲ‍ス‍ト","","FALSE","Trip.com","10","2026-04-04","We had a great 7-night stay at this hotel. The staff were friendly and helpful, and the room was clean, comfortable, and well-maintained throughout our stay. The location was convenient, making it easy to get around and explore. Overall, a very pleasant experience—we’d definitely recommend it and would stay again.","","","このホテルでの7泊の滞在は最高でした。スタッフは親切で協力的で、部屋は滞在中ずっと清潔で快適、そして手入れが行き届いていました。立地も便利で、移動や観光も楽でした。全体的にとても快適な滞在で、ぜひおすすめしますし、また泊まりたいと思います。","","","ゲ‍ス‍ト"
"","FALSE","Booking.com","10","2026-04-04","","Rất thuận tiện gần bến xe đi lại thuận tiện","Không có","","非常に便利な立地で、バスターミナルにも近く、交通の便が良い。","持っていません","Thuy","","FALSE","Booking.com","10","2026-04-04","","Rất thuận tiện gần bến xe đi lại thuận tiện","Không có","","非常に便利な立地で、バスターミナルにも近く、交通の便が良い。","持っていません","Thuy"
"","FALSE","Booking.com","8","2026-04-04","","房間乾淨又大好舒服。距離地鐵站只須行6-7分鐘, 地鐵站附近有超市及商場,行街食野都方便。","唯一比較麻煩係每朝要開電視選擇是否須要清潔, 第一日早上已選擇了清潔但只放下新毛巾, 第二日早上10點開電視選擇, 但清潔booking已滿, 最終即係冇清潔。","","部屋は清潔で広々としていて、とても快適でした。地下鉄の駅までは徒歩わずか6～7分で、スーパーマーケットやショッピングモールも近くにあるので、買い物や食事にとても便利です。","唯一面倒なのは、毎朝テレビをつけて掃除が必要かどうかを選択することです。最初の朝は掃除を選択しましたが、新しいタオルを置いただけでした。次の日の午前10時にテレビでオプションを選択すると、掃除の予約がいっぱいで、結局掃除は行われませんでした。","Ng","","FALSE","Booking.com","8","2026-04-04","","房間乾淨又大好舒服。距離地鐵站只須行6-7分鐘, 地鐵站附近有超市及商場,行街食野都方便。","唯一比較麻煩係每朝要開電視選擇是否須要清潔, 第一日早上已選擇了清潔但只放下新毛巾, 第二日早上10點開電視選擇, 但清潔booking已滿, 最終即係冇清潔。","","部屋は清潔で広々としていて、とても快適でした。地下鉄の駅までは徒歩わずか6～7分で、スーパーマーケットやショッピングモールも近くにあるので、買い物や食事にとても便利です。","唯一面倒なのは、毎朝テレビをつけて掃除が必要かどうかを選択することです。最初の朝は掃除を選択しましたが、新しいタオルを置いただけでした。次の日の午前10時にテレビでオプションを選択すると、掃除の予約がいっぱいで、結局掃除は行われませんでした。","Ng"
"","FALSE","Trip.com","10","2026-04-03","Perfect location . Near to the train station,shops and the park with beautiful sakura. Lots of food places around too.","","","最高のロケーションです。駅、お店、美しい桜のある公園が近くにあります。周辺には飲食店もたくさんあります。","","","S‍k‍y‍e‍ ‍t‍h‍e‍ ‍e‍x‍p‍l‍o‍r‍e‍r","","FALSE","Trip.com","10","2026-04-03","Perfect location . Near to the train station,shops and the park with beautiful sakura. Lots of food places around too.","","","最高のロケーションです。駅、お店、美しい桜のある公園が近くにあります。周辺には飲食店もたくさんあります。","","","S‍k‍y‍e‍ ‍t‍h‍e‍ ‍e‍x‍p‍l‍o‍r‍e‍r"
"","FALSE","Trip.com","10","2026-04-02","Расположение супер. Отель супер. Район супер. Рядом два парка где можно погулять если сезон сакуры.","","","立地もホテルも周辺環境も最高です。近くには2つの公園があり、桜の季節には散歩を楽しむことができます。","","","ゲ‍ス‍ト","","FALSE","Trip.com","10","2026-04-02","Расположение супер. Отель супер. Район супер. Рядом два парка где можно погулять если сезон сакуры.","","","立地もホテルも周辺環境も最高です。近くには2つの公園があり、桜の季節には散歩を楽しむことができます。","","","ゲ‍ス‍ト"
"","FALSE","Google","5","2026-04-02","いつも選ぶのは地の利もさることながら、このホテルの安定と安心です。","","","いつも選ぶのは地の利もさることながら、このホテルの安定と安心です。","","","NORIAKI MASUDA","","FALSE","Google","5","2026-04-02","いつも選ぶのは地の利もさることながら、このホテルの安定と安心です。","","","いつも選ぶのは地の利もさることながら、このホテルの安定と安心です。","","","NORIAKI MASUDA"
"","FALSE","Booking.com","9","2026-04-01","","Very convenient location, close to main station with many restaurants and shops close by. Staff were friendly and service was  efficient. Rooms and beds are a good size, clean and comfortable. Will happily stay here again.","Breakfast was ok, however there wasn't any cereal or toast on offer when we stayed.","","非常に便利な立地で、主要駅に近く、周辺には多くのレストランやショップがあります。スタッフは親切で、サービスも効率的でした。部屋とベッドは十分な広さで、清潔で快適です。またぜひ利用したいと思います。","朝食はまあまあでしたが、私たちが滞在した時はシリアルやトーストは提供されていませんでした。","Natalie","","FALSE","Booking.com","9","2026-04-01","","Very convenient location, close to main station with many restaurants and shops close by. Staff were friendly and service was  efficient. Rooms and beds are a good size, clean and comfortable. Will happily stay here again.","Breakfast was ok, however there wasn't any cereal or toast on offer when we stayed.","","非常に便利な立地で、主要駅に近く、周辺には多くのレストランやショップがあります。スタッフは親切で、サービスも効率的でした。部屋とベッドは十分な広さで、清潔で快適です。またぜひ利用したいと思います。","朝食はまあまあでしたが、私たちが滞在した時はシリアルやトーストは提供されていませんでした。","Natalie"
"","FALSE","Booking.com","8","2026-04-01","","La posizione dell'hotel è strategica, è vicina alla stazione JR di Kinshicho, metro e fermata dei bus. La camera è confortevole, la pulizia ottima. La possibilità di avere prodotti skincare, spazzolino, pinza e prodotti per il bagno è molto comoda.","stanza un pò piccola","","ホテルはJR錦糸町駅、地下鉄、バス停に近く、立地が非常に便利です。客室は快適で、清潔感にあふれています。スキンケア用品、歯ブラシ、トング、洗面用具などが備え付けられているのも大変助かります。","部屋が少し狭い","Melissa","","FALSE","Booking.com","8","2026-04-01","","La posizione dell'hotel è strategica, è vicina alla stazione JR di Kinshicho, metro e fermata dei bus. La camera è confortevole, la pulizia ottima. La possibilità di avere prodotti skincare, spazzolino, pinza e prodotti per il bagno è molto comoda.","stanza un pò piccola","","ホテルはJR錦糸町駅、地下鉄、バス停に近く、立地が非常に便利です。客室は快適で、清潔感にあふれています。スキンケア用品、歯ブラシ、トング、洗面用具などが備え付けられているのも大変助かります。","部屋が少し狭い","Melissa"
"","FALSE","Booking.com","10","2026-04-01","","綺麗","","","綺麗","","Toshinao","","FALSE","Booking.com","10","2026-04-01","","綺麗","","","綺麗","","Toshinao"
"","FALSE","Google","5","2026-04-01","3泊しました。駅から徒歩約8分で、周辺には24時間営業のスーパー（セイユ）をはじめ、たくさんの飲食店があります。パルコやドン・キホーテも近く、ショッピングにも便利です。総武線快速で成田空港へ直行できるので、滞在場所としては非常に良いです。  唯一の難点は、渋谷、原宿、表参道などへの移動が多い場合、少し時間がかかることです。それ以外は、とても満足しています。","","","3泊しました。駅から徒歩約8分で、周辺には24時間営業のスーパー（セイユ）をはじめ、たくさんの飲食店があります。パルコやドン・キホーテも近く、ショッピングにも便利です。総武線快速で成田空港へ直行できるので、滞在場所としては非常に良いです。  唯一の難点は、渋谷、原宿、表参道などへの移動が多い場合、少し時間がかかることです。それ以外は、とても満足しています。","","","easonlin323","","FALSE","Google","5","2026-04-01","3泊しました。駅から徒歩約8分で、周辺には24時間営業のスーパー（セイユ）をはじめ、たくさんの飲食店があります。パルコやドン・キホーテも近く、ショッピングにも便利です。総武線快速で成田空港へ直行できるので、滞在場所としては非常に良いです。  唯一の難点は、渋谷、原宿、表参道などへの移動が多い場合、少し時間がかかることです。それ以外は、とても満足しています。","","","3泊しました。駅から徒歩約8分で、周辺には24時間営業のスーパー（セイユ）をはじめ、たくさんの飲食店があります。パルコやドン・キホーテも近く、ショッピングにも便利です。総武線快速で成田空港へ直行できるので、滞在場所としては非常に良いです。  唯一の難点は、渋谷、原宿、表参道などへの移動が多い場合、少し時間がかかることです。それ以外は、とても満足しています。","","","easonlin323"
"","FALSE","Google","5","2026-04-01","在這邊住了三晚,距離車站大約8分鐘路程,附近可以吃的店家非常多,也有24H的商店(SEIYU),Parco跟唐吉軻德也不錯逛,並且總武線快速也能直達成田機場,其實是一個很不錯的住宿點  唯一可以說的缺點我想應該是若你的行程是在澀谷/原宿/表參到居多的話,車程會稍遠了些,除了這點之外我覺得都挺棒的","","","3泊しました。駅から徒歩約8分で、24時間営業のスーパー（セイユ）をはじめ、周辺にはたくさんの飲食店があります。パルコやドン・キホーテも近く、ショッピングにも便利です。総武線快速で成田空港へ直行できるので、滞在するにはとても良い場所です。唯一の難点は、渋谷、原宿、表参道などへの移動が多い場合、少し時間がかかることくらいでしょうか。それ以外は、とても満足しています。","","","easonlin323","","FALSE","Google","5","2026-04-01","在這邊住了三晚,距離車站大約8分鐘路程,附近可以吃的店家非常多,也有24H的商店(SEIYU),Parco跟唐吉軻德也不錯逛,並且總武線快速也能直達成田機場,其實是一個很不錯的住宿點  唯一可以說的缺點我想應該是若你的行程是在澀谷/原宿/表參到居多的話,車程會稍遠了些,除了這點之外我覺得都挺棒的","","","3泊しました。駅から徒歩約8分で、24時間営業のスーパー（セイユ）をはじめ、周辺にはたくさんの飲食店があります。パルコやドン・キホーテも近く、ショッピングにも便利です。総武線快速で成田空港へ直行できるので、滞在するにはとても良い場所です。唯一の難点は、渋谷、原宿、表参道などへの移動が多い場合、少し時間がかかることくらいでしょうか。それ以外は、とても満足しています。","","","easonlin323"
"","FALSE","Booking.com","10","2026-03-31","","地點方便，房間整潔，出水很大洗澡很舒適","沒有不滿意的地方","","立地が便利で、部屋は清潔で、水圧も強いので、シャワーがとても快適です。","不満な点は何もありません。","Chia","","","","","","","","","","","",""
"","FALSE","Booking.com","7","2026-03-31","","一樓大廳提供泡澡球、面膜，跟其他常見的備品，但沒有浴帽跟牙刷。","早餐還不錯吃，但品項不多而且每天一樣，連住很多天會吃到膩，自動鬆餅機很有趣","","1階のロビーにはバスボムやフェイスマスクなどの一般的なアメニティは用意されているが、シャワーキャップや歯ブラシはない。","朝食はまあまあだったが、種類が少なく、毎日同じものだったので、数日滞在すると飽きてしまうだろう。自動ワッフルメーカーはなかなか面白かった。","Chen","","","","","","","","","","","",""
"","FALSE","Booking.com","10","2026-03-31","","","","","","","Juan","","","","","","","","","","","",""
"","FALSE","Booking.com","9","2026-03-31","","","","","","","Andrew","","","","","","","","","","","",""
"","FALSE","楽天トラベル","4","2026-03-31","立地も駅近で良いですね。朝食は普通。ただ海外スタッフの方の日本語、マナーは素晴らしいものがありました。是非これからも頑張ってください。","","","立地も駅近で良いですね。朝食は普通。ただ海外スタッフの方の日本語、マナーは素晴らしいものがありました。是非これからも頑張ってください。","","","W220S55LKUNI","","","","","","","","","","","",""
"","FALSE","Booking.com","8","2026-03-30","","交通方便，附近也有很多超商及24小時的樂天超市","","","交通の便が良く、近隣には多くのコンビニエンスストアや24時間営業のロッテマートがあります。","","家儀","","","","","","","","","","","",""
"","FALSE","Trip.com","9","2026-03-30","整體感覺相當滿意，離車站近，步行5分鐘左右就到！","","","全体的にとても満足しています。駅からも近く、徒歩わずか5分ほどです！","","","ゲ‍ス‍ト","","","","","","","","","","","",""
"","FALSE","Trip.com","10","2026-03-30","設備上都還不錯，有翻新，服務人員的服務態度真的一百分。房間內很乾淨，空間算大，出水量很大，還可以協助寄存行李、收包裹，下次來還想入住這間","","","設備はどれも素晴らしく、部屋も改装されていました。スタッフのサービスも最高でした。部屋はとても清潔で広々としており、水圧も十分でした。荷物預かりや荷物の受け取りも手伝ってくれました。次回も必ずここに泊まりたいと思います。","","","ゲ‍ス‍ト","","","","","","","","","","","",""
"","FALSE","Trip.com","10","2026-03-30","駅近ですが、静かで快適でした。","","","駅近ですが、静かで快適でした。","","","ゲ‍ス‍ト","","","","","","","","","","","",""
"","FALSE","Google","4","2026-03-30","錦糸町駅から徒歩圏内の便利な立地にあるホテルです。","","","錦糸町駅から徒歩圏内の便利な立地にあるホテルです。","","","Shimla Diaries","","","","","","","","","","","",""
"","FALSE","Google","4","2026-03-30","Perfectly located hotel centrally located and walking distance to Kinshichō station","","","錦糸町駅から徒歩圏内の便利な立地にあるホテルです。","","","Shimla Diaries","","","","","","","","","","","",""
"","FALSE","Trip.com","10","2026-03-29","挺不錯的酒店👍","","","とても素敵なホテルですね👍","","","ゲ‍ス‍ト","","","","","","","","","","","",""
"","FALSE","Booking.com","8","2026-03-29","","部屋がきれいだった","ちょっと高い","","部屋がきれいだった","ちょっと高い","Rie","","","","","","","","","","","",""
"","FALSE","Booking.com","8","2026-03-29","","The staff in breakfast buffet were nice.  Since we were vegetarian, we couldn't take sweet potato mixed with meat.  We asked, they roasted few sweet potatoes for us and gave.       The room had all the basic needs, which was very useful.  The location was few hundred meters to the metro, 7/11 and few more marts around.","The room size was small for a family with kid(s), there was no room for keeping luggage also.  Vegetarian food options are very limited but can manage.","","朝食ビュッフェのスタッフは親切でした。私たちはベジタリアンだったので、肉入りのサツマイモは食べられませんでした。お願いしたところ、サツマイモを焼いて出してくれました。部屋には必要なものがすべて揃っていて、とても便利でした。立地も良く、地下鉄の駅やセブンイレブン、その他いくつかのスーパーマーケットまで数百メートルでした。","部屋は子供連れの家族には狭く、荷物を置くスペースもありませんでした。ベジタリアン向けの食事の選択肢は非常に限られていますが、何とか対応できます。","Pani","","","","","","","","","","","",""
"","FALSE","Trip.com","10","2026-03-27","服務很棒！房間內的紅酒、啤酒、餅乾、果汁全都免費，而且每天都補新的！！房間乾淨、整潔、有氛圍！體驗感超好👍👍👍","","","サービスは最高でした！部屋に用意されていたワイン、ビール、クッキー、ジュースはすべて無料で、毎日補充されていました！部屋は清潔で整頓されていて、雰囲気も素晴らしかったです！本当に素晴らしい体験でした！👍👍👍","","","ゲ‍ス‍ト","","","","","","","","","","","",""
"","FALSE","Trip.com","4","2026-03-27","有啲污糟，隔音好差","","","少し汚れていて、防音性も低い。","","","i‍l‍o‍v‍e‍f‍r‍i‍e‍d‍r‍i‍c‍e","","","","","","","","","","","",""
"","FALSE","Trip.com","10","2026-03-27","Very good and interesting location and the great view of the city","","","立地が非常に良く、街の眺めも素晴らしい。","","","A‍l‍e‍x‍e‍y‍ ‍P‍o‍l‍o‍v‍n‍i‍k‍o‍v","","","","","","","","","","","",""
"","FALSE","Booking.com","10","2026-03-27","","","","","","","佳萾","","","","","","","","","","","",""
"","FALSE","Booking.com","10","2026-03-27","","","","","","","Jade","","","","","","","","","","","",""
"","FALSE","Trip.com","10","2026-03-26","每次去日本都喜歡住這一家連鎖飯店，主要的原因就是飯店內床鋪寬度有150公分，不是一般的經濟雙人房那種140公分的床，就算兩個人睡也不會太擠，但缺點就是因為床鋪為正常尺寸，相對房間的空間就會較小。  本次住進錦糸町這家，優點是：1.入口處有迎賓飲料2離JR錦糸町車站不遠，附近很熱鬧，有吃的有逛的，還有24小時的超市 缺點是：訂非吸菸房，但靠近廁所位置有菸味","","","日本に行くときはいつもこのチェーンホテルに泊まるのが好きです。主な理由は、エコノミーダブルルームの一般的な140cm幅のベッドではなく、150cm幅のベッドがあるからです。2人でも窮屈さを感じずに快適に眠れます。ただし、欠点はベッドが標準サイズなので、部屋のスペースが比較的狭いことです。今回は錦糸町支店に泊まりました。利点は、1. 入口でウェルカムドリンクがあったこと、2. JR錦糸町駅から遠くなく、周辺には飲食店やショッピング施設、24時間営業のスーパーマーケットなどがあり賑やかであることでした。欠点は、禁煙室を予約したのに、トイレ付近でタバコの臭いがしたことです。","","","ゲ‍ス‍ト","","","","","","","","","","","",""
"","FALSE","Trip.com","10","2026-03-26","Good location, 5 minutes walk from Kinshicho Station.  No transfer needed from Narita Airport by train. Shopping centers, shops and restaurants are near by. Friendly staff.  Definitely will stay again.","","","錦糸町駅から徒歩5分という好立地。成田空港から電車で乗り換える必要もありません。ショッピングセンター、ショップ、レストランも近くにあります。スタッフも親切でした。間違いなくまた利用します。","","","ゲ‍ス‍ト","","","","","","","","","","","",""
"","FALSE","Trip.com","10","2026-03-26","Had a fantastic stay! The hotel is very nice, clean, and comfortable. The absolute best part is the location—it's right in the heart of everything and made exploring so easy. Highly recommend if you want to be close to the action!","","","素晴らしい滞在でした！ホテルはとても素敵で、清潔で快適でした。何より最高だったのは立地です。街の中心部に位置しているので、観光がとても楽でした。賑やかな場所に近いホテルをお探しの方には、ぜひおすすめします！","","","匿‍名‍ユ‍ー‍ザ‍ー","","","","","","","","","","","",""
"","FALSE","Booking.com","10","2026-03-26","","","","","","","Liyu","","","","","","","","","","","",""
"","FALSE","Trip.com","9","2026-03-26","出張の際はこちらに毎回泊まります。 こないだも今回も、時期的にすごく高かったのですが アップグレードして頂き快適な宿泊となりました。","","","出張の際はこちらに毎回泊まります。 こないだも今回も、時期的にすごく高かったのですが アップグレードして頂き快適な宿泊となりました。","","","み‍ゆ‍か","","","","","","","","","","","",""
"","FALSE","Google","5","2026-03-25","宿泊施設はとても清潔で快適でした。バスルームのアメニティは、階下のフロントデスクでセルフサービスで利用できました。部屋には荷物を置くのに十分なスペースがありました。電車とバスの駅にも非常に近く（徒歩5～7分）、毎日清掃が行われ、部屋にタバコの臭いもありませんでした。非常におすすめです！コストパフォーマンスも抜群です。","","","宿泊施設はとても清潔で快適でした。バスルームのアメニティは、階下のフロントデスクでセルフサービスで利用できました。部屋には荷物を置くのに十分なスペースがありました。電車とバスの駅にも非常に近く（徒歩5～7分）、毎日清掃が行われ、部屋にタバコの臭いもありませんでした。非常におすすめです！コストパフォーマンスも抜群です。","","","Muay Arandyarak","","","","","","","","","","","",""
"","FALSE","Trip.com","10","2026-03-25","真的是非常棒的飯店❤️ 我們住了5天 地理位置絕佳 走路就可以到錦系町車站 且有JR線、半藏門線 換乘交通非常方便 附近也有很多吃的餐廳、便利商店和24h超市 生活飲食非常便利  再來是房間內的環境 非常乾淨舒服溫馨 以東京住宿來說 房內的空間算蠻大的，而且還有浴缸 床頭還有窗戶，可以看外面的風景 電視還可以連接手機 沐浴用品也用的非常好 龍頭設備水壓非常的強，洗澡非常非常的舒服 水又大又熱的（瞬熱） 而且還可以一邊淋浴一邊放泡澡的水，兩者同時進行 超完美😍 還有提供除臭除菌的衣物噴霧和除濕機 超級貼心🫶🏻（愛死）  櫃檯人員也都很親切友善 退房很酷噢～ 可以用機器按ㄧ按退房👍  整體下來體驗真的非常舒服💕 已經決定下次再去東京旅遊都要住這了☺️ 大推薦給去東京旅遊找住宿的妳/你們哦^_^","","","ここは本当に素晴らしいホテルです！❤️ 5日間滞在しました。立地は最高で、錦糸町駅から徒歩圏内、JR線と半蔵門線にもアクセスでき、交通の便が非常に良いです。周辺にはレストラン、コンビニ、24時間営業のスーパーマーケットもたくさんあり、日常生活や食事にとても便利です。部屋自体もとても清潔で快適で居心地が良かったです。東京の宿泊施設としてはかなり広い部屋で、バスタブまでありました。ベッドの横には景色が見える窓があり、テレビは携帯電話に接続できました。アメニティも素晴らしく、蛇口の水圧が非常に強く、シャワーがとても快適でした。お湯はすぐに出て、量もたっぷりでした（瞬時に加熱！）。シャワーとバスタブを同時に使うこともできました。完璧です！😍 消臭・除菌の洗濯用スプレーと除湿機も用意されていて、とても気が利いていました！🫶🏻（とても気に入りました！）フロントのスタッフもとてもフレンドリーで親切でした。チェックアウトは簡単でした！機械でボタンを押すだけでチェックアウトできたんです！👍 全体的に、本当に素晴らしい体験でした！💕 次回東京に来るときも、またここに泊まることに決めました！☺️ 東京旅行で宿泊先を探している方には、ぜひおすすめします！^_^","","","A‍m‍y‍ ‍ ‍Ł‍î‍a‍o","","","","","","","","","","","",""
"","FALSE","Trip.com","7","2026-03-25","気持ちよく利用できました","","","気持ちよく利用できました","","","ゲ‍ス‍ト","","","","","","","","","","","",""
"","FALSE","Booking.com","10","2026-03-25","","La proximité avec la gare, Le petit déjeuner, L'accueil et la gentillesse du personnel","","","駅に近いこと、朝食、スタッフの温かい歓迎と親切さ","","Thomas","","","","","","","","","","","",""
"","FALSE","Google","5","2026-03-25","ที่พักสะอาดมาก สะดวกสบาย มี Bathroom amentiries ให้หยิบได้เองที่หน้า Front ด้านล่าง ห้องมีพื้นที่ให้วางกระเป๋าเดินทางได้พอสมควร ใกล้สถานนีรถไฟกับรถบัสมาก เดิน5-7นาที มีแม่บ้านทำความสะอาดทุกวัน ไม่มีกลิ่นบุหรี่ในห้องด้วย แนะนำเลยค่ะ ดีงามมาก ราคาไม่แรงด้วย","","","宿泊施設はとても清潔で快適でした。バスルームのアメニティは、階下のフロントデスクでセルフサービスで利用できました。部屋には荷物を置くのに十分なスペースがありました。電車とバスの駅にも非常に近く（徒歩5～7分）、毎日清掃が行われ、部屋にタバコの臭いもありませんでした。非常におすすめです！コストパフォーマンスも抜群です。","","","Muay Arandyarak","","","","","","","","","","","",""
"","FALSE","Booking.com","10","2026-03-24","","Номер комфортный , чистый . Большая ванная . Есть достаточно места для двух больших чемоданов. Большой выбор блюд  на завтраках","","","部屋は快適で清潔です。バスルームも広く、大型スーツケース2個を置くのに十分なスペースがあります。朝食の種類も豊富です。","","Aleksandr","","","","","","","","","","","",""
"","FALSE","Booking.com","10","2026-03-24","","","","","","","江口","","","","","","","","","","","",""
"","FALSE","Trip.com","10","2026-03-23","酒店員工服務態度良好，房間乾淨企理。整體不錯。","","","ホテルのスタッフは親切で協力的で、部屋も清潔で整頓されていました。全体的に良いホテルです。","","","ゲ‍ス‍ト","","","","","","","","","","","",""
"","FALSE","Booking.com","9","2026-03-23","","部屋が広い、風呂が洗い場が別で、使い良い","無し","","部屋が広い、風呂が洗い場が別で、使い良い","無し","Seiichi","","","","","","","","","","","",""
"","FALSE","Booking.com","8","2026-03-23","","お風呂場が広くて快適だった。","特になし","","お風呂場が広くて快適だった。","特になし","H","","","","","","","","","","","",""
"","FALSE","Booking.com","9","2026-03-23","","","","","","","Kc","","","","","","","","","","","",""
"","FALSE","Trip.com","8","2026-03-22","This area is less crowded, with a couple of malls nearby like Parco and Termina, so food and basic amenities are easily accessible. I really like that the room and bathroom are more spacious than usual. I could fully open my two large suitcases and still have space to move around. There’s also a humidifier in the room, which helps a lot with the dry air. We book a 2 single bed room and it fits perfectly for us and 1 kid. The 2 bed were combined with much space for all.","","","このエリアは比較的混雑しておらず、近くにはパルコやテルミナなどのショッピングモールがいくつかあるので、食事や基本的なアメニティは簡単に手に入ります。部屋とバスルームが通常よりも広々としているのがとても気に入りました。大きなスーツケースを2つ完全に開いても、まだ動き回るスペースがありました。部屋には加湿器もあり、乾燥した空気を和らげるのにとても役立ちました。シングルベッド2台の部屋を予約しましたが、私たちと子供1人にはちょうど良い広さでした。2つのベッドはくっついていて、全員がゆったりと過ごせる十分なスペースがありました。","","","O‍w‍s‍ ‍O‍w‍l‍s","","","","","","","","","","","",""
"","FALSE","Booking.com","10","2026-03-22","","The staff here was amazing. Very accommodating and helpful. As foreigners, it was very scary to come and try to communicate but they were very friendly amd answered every question. I highly recommend this place.","","","ここのスタッフは素晴らしかったです。とても親切で親身になって対応してくれました。外国人として、ここに来てコミュニケーションを取るのはとても不安でしたが、スタッフはとてもフレンドリーで、どんな質問にも答えてくれました。この場所を強くお勧めします。","","Celia","","","","","","","","","","","",""
"","FALSE","Google","5","2026-03-22","駅やショッピングエリアからはまだ少し距離があります。","","","駅やショッピングエリアからはまだ少し距離があります。","","","Aj KouNaMi","","","","","","","","","","","",""
"","FALSE","Trip.com","9","2026-03-22","位置方便，酒店距離車站8-10分鐘路程，附近有商場，以及GU、Uniqlo、無印，可以在附近購物，而且不需要走很遠路就可以回酒店，亦有24小時超市","","","ホテルは駅から徒歩8～10分と便利な場所に位置しています。GU、ユニクロ、無印良品などのショッピングモールが近くにあり、ホテルまで遠くまで歩かなくても気軽に買い物を楽しめます。24時間営業のスーパーマーケットも利用可能です。","","","A‍n‍n‍(‍*‍¯‍︶‍¯‍*‍)","","","","","","","","","","","",""
"","FALSE","Google","5","2026-03-22","距離車站還有逛街地點還是有點距離","","","駅やショッピングエリアからはまだ少し距離があります。","","","Aj KouNaMi","","","","","","","","","","","",""
"","FALSE","Trip.com","9","2026-03-21","酒店地理位置優越，附近很多美食，例如鳥貴族。便利店和商場也在5分鐘步行範圍內。5-7分鐘可行到JR站","","","このホテルは絶好のロケーションを誇り、近隣にはバードネストをはじめとする数多くのレストランがあります。コンビニエンスストアやショッピングモールも徒歩5分圏内です。JR駅までは徒歩5～7分です。","","","ゲ‍ス‍ト","","","","","","","","","","","",""
"","FALSE","Trip.com","10","2026-03-21","附近有小鋼珠店跟燒肉店，百貨公司，超方便的！只是晚一點路上吃完燒肉喝醉的人比較多，但整體來說非常好！","","","近くにはパチンコ店や焼肉店、デパートなどがあり、とても便利です！ただ、夕方になると路上で焼肉を食べている酔っ払いが結構多いのが難点ですが、全体的には素晴らしい場所です！","","","ゲ‍ス‍ト","","","","","","","","","","","",""
"","FALSE","Trip.com","10","2026-03-20","房間大 乾淨 有乾濕分離","","","部屋は広くて清潔で、濡れた場所と乾いた場所が分かれている。","","","ゲ‍ス‍ト","","","","","","","","","","","",""
"","FALSE","Trip.com","10","2026-03-20","Perfect location and room size for a family of 4. Highly recommended","","","4人家族に最適な立地と部屋の広さ。非常におすすめです。","","","R‍i‍c‍k‍y‍ ‍S‍u‍t‍a‍n‍t‍o","","","","","","","","","","","",""
"","FALSE","Google","4","2026-03-20","","","","","","","印藤泉","","","","","","","","","","","",""
"","FALSE","Trip.com","10","2026-03-20","在東京市區可以有那麼大的房間，實在是不容易。 裝潢很新，交通算是很方便，離地鐵站要走一小段可以接受的距離。","","","東京の都心でこれほど広い部屋を見つけるのは本当に珍しいです。内装は新しく、交通の便も良く、地下鉄駅から歩いてすぐの距離です。","","","吳‍思‍宏","","","","","","","","","","","",""
"","FALSE","Booking.com","10","2026-03-19","","入り口の紅茶が良かった","","","入り口の紅茶が良かった","","Yuko","","","","","","","","","","","",""
"","FALSE","Trip.com","10","2026-03-19","離地鐵站非常近，樓下化粧品自助，面膜自助非常棒，周邊吃，買都很方便","","","地下鉄の駅からとても近く、階下には便利なセルフサービスの化粧品とフェイスマスクのコーナーがあります。食事や買い物にも便利な場所が近くにあります。","","","ゲ‍ス‍ト","","","","","","","","","","","",""
"","FALSE","Trip.com","9","2026-03-18","出張の際に利用するホテルです。 立地も良く、何度も利用出来る安心なビジネスホテルです。","","","出張の際に利用するホテルです。 立地も良く、何度も利用出来る安心なビジネスホテルです。","","","み‍ゆ‍か","","","","","","","","","","","",""
"","FALSE","Trip.com","10","2026-03-17","Wir waren sehr zufrieden 😃 Alles 👍. Kann ich nur weiterempfehlen","","","とても満足しました😃 全てが素晴らしかったです👍。ぜひお勧めします。","","","ゲ‍ス‍ト","","","","","","","","","","","",""
"","FALSE","Booking.com","10","2026-03-17","","Instalaciones cómodas , zona muy tranquila y relativamente cerca de una estación grande.","Todo bien","","快適な設備、非常に静かなエリア、そして大きな駅からも比較的近い。","すべて順調です","Aylin","","","","","","","","","","","",""
"","FALSE","Trip.com","10","2026-03-17","地理位置太方便了！離地鐵站和商圈都超近，出門逛街、吃飯、去景點都省了不少時間。房間也乾淨舒適，住得非常舒心。酒店大堂也提供面膜，浴鹽","","","立地が最高に便利！地下鉄の駅やショッピングエリアにとても近く、買い物や食事、観光に出かける際に時間を大幅に節約できます。部屋も清潔で快適で、とても気持ちの良い滞在になりました。ホテルのロビーにはフェイスマスクやバスソルトまで用意されていました。","","","香‍宝‍y‍a","","","","","","","","","","","",""
"","FALSE","Booking.com","8","2026-03-17","","キレイなホテルでした","特にありません。","","キレイなホテルでした","特にありません。","英一","","","","","","","","","","","",""
"","FALSE","Booking.com","9","2026-03-17","","","","","","","Jhang-jie","","","","","","","","","","","",""
"","FALSE","Trip.com","10","2026-03-17","飯店乾淨整潔舒適 附近也很熱鬧 有很多吃的可以選擇 各家超商附近都有 離車站也算近！機能很好","","","このレストランは清潔で整頓されていて快適です。周辺は活気があり、飲食店やコンビニエンスストアも数多くあります。駅からもとても近いので、非常に便利です。","","","ゲ‍ス‍ト","","","","","","","","","","","",""
"","FALSE","Booking.com","7","2026-03-16","","","いつも使うので、特別な価格サービスをお願いできればありがたいです。","","","いつも使うので、特別な価格サービスをお願いできればありがたいです。","吉田","","","","","","","","","","","",""
"","FALSE","Trip.com","10","2026-03-15","酒店位置方便～附近有便利店和不少餐廳，而且交通都方便，可以搭鐵都去到，差緊個床無咁好翻，但整體酒店都唔錯~","","","ホテルは便利な場所にあります。近くにコンビニやレストランがたくさんあり、交通の便も良く、電車でもアクセスできます。ベッドはあまり良くありませんが、全体的には良いホテルです。","","","ゲ‍ス‍ト","","","","","","","","","","","",""
"","FALSE","Booking.com","9","2026-03-15","","Posizione ottimale, a 5' della stazione Kinshicho per cui molto ben collegato per arrivare ovunque.  Attenzione dello staff buona. Colazione buona ma tutti giorni uguale, poco di tutto per esempio i cereali, la frutta anche pochissima.  Camera più spaziosa nel confronto con altri dove siamo stati in Giappone.","Parlano poco inglese.  Poca offerta di cose nella colazione.","","錦糸町駅から徒歩5分という絶好のロケーションで、どこへ行くにも非常に便利です。スタッフの対応も丁寧でした。朝食は美味しかったのですが、毎日同じメニューで、シリアルなど種類も少なく、フルーツもほとんどありませんでした。部屋は、日本で宿泊した他のホテルよりも広々としていました。","彼らは英語をほとんど話しません。朝食の種類は限られています。","Bruno","","","","","","","","","","","",""
"","FALSE","Booking.com","9","2026-03-15","","","","","","","Michel","","","","","","","","","","","",""
"","FALSE","Booking.com","9","2026-03-14","","","","","","","佾闈","","","","","","","","","","","",""
"","FALSE","Trip.com","10","2026-03-13","房間整體舒適整潔，唯獨枕頭太軟，瞓得不舒服。大堂有免費梳洗用品及咖啡茶包可自取。還有面膜，護膚品同浸浴用品提供，非常貼心。房間寛闊，可打開兩個行李箱。附近大概行5分鐘便到地鐵站，大型商場，方便購物。去晴空塔只需一個站便到。非常方便。下次會再入住","","","部屋は全体的に快適で清潔でしたが、枕が柔らかすぎて寝心地が悪かったです。ロビーには無料のバスアメニティとコーヒー・紅茶のティーバッグが用意されています。マスク、スキンケア用品、バス用品も用意されていて、とても親切でした。部屋は広々としていて、スーツケースを2つ置くことができます。近くにはMTR駅や大型ショッピングモールがあり、徒歩約5分で買い物に便利です。スカイツリーまでは地下鉄で1駅です。とても便利です。次回もまた利用したいと思います。","","","C‍K‍M‍S","","","","","","","","","","","",""
"","FALSE","Booking.com","8","2026-03-13","","住宿地離車站近，工作人員親切","房間枕頭有的太扁或太硬，睡不習慣","","宿泊施設は駅に近く、スタッフも親切だった。","部屋にある枕の中には、平らすぎたり硬すぎたりするものがあって、私はそれらで寝ることに慣れていない。","Chehua","","","","","","","","","","","",""
"","FALSE","Booking.com","10","2026-03-13","","location and pricing very good","","","立地と価格設定が非常に良い","","Binod","","","","","","","","","","","",""
"","FALSE","Trip.com","10","2026-03-13","房間很大，位置好又鄰近地鐵和jr線，不用擔心轉乘問題，值得推薦住的飯店","","","部屋は広々としていて、立地も素晴らしく、地下鉄とJR線に近かったので乗り換えの心配は全くありませんでした。非常におすすめのホテルです。","","","ゲ‍ス‍ト","","","","","","","","","","","",""
"","FALSE","Google","4","2026-03-12","","","","","","","siu yuki","","","","","","","","","","","",""
"","FALSE","Trip.com","10","2026-03-11","Good location and service, facilities in very good condition. Small room, but with everything you need.","","","立地もサービスも良く、設備も非常に良好です。部屋は小さいですが、必要なものはすべて揃っています。","","","ゲ‍ス‍ト","","FALSE","Booking.com","10","2026-03-31","","地點方便，房間整潔，出水很大洗澡很舒適","沒有不滿意的地方","","立地が便利で、部屋は清潔で、水圧も強いので、シャワーがとても快適です。","不満な点は何もありません。","Chia"
"","FALSE","Booking.com","10","2026-03-11","","","","","","","Chien","","FALSE","Booking.com","7","2026-03-31","","一樓大廳提供泡澡球、面膜，跟其他常見的備品，但沒有浴帽跟牙刷。","早餐還不錯吃，但品項不多而且每天一樣，連住很多天會吃到膩，自動鬆餅機很有趣","","1階のロビーにはバスボムやフェイスマスクなどの一般的なアメニティは用意されているが、シャワーキャップや歯ブラシはない。","朝食はまあまあだったが、種類が少なく、毎日同じものだったので、数日滞在すると飽きてしまうだろう。自動ワッフルメーカーはなかなか面白かった。","Chen"
"","FALSE","Booking.com","9","2026-03-11","","清潔","特になし","","クリーン","特になし","Onodera","","FALSE","Booking.com","10","2026-03-31","","","","","","","Juan"
"","FALSE","Trip.com","10","2026-03-11","已經是第二次入住了，機場有直達車非常便利，地鐵交通去哪裏都很方便，附近吃的也不少，還有百貨跟超市可以逛，下次還會想入住","","","今回で2回目の滞在です。空港シャトルバスはとても便利で、地下鉄のおかげで移動も楽々です。周辺にはレストランやデパート、スーパーマーケットもたくさんあります。ぜひまた利用したいと思います。","","","陸‍零‍柒","","FALSE","Booking.com","9","2026-03-31","","","","","","","Andrew"
"","FALSE","Booking.com","7","2026-03-10","","乾淨整潔 床好睡","這次checking 的工作人員似乎有點不耐煩 是厭世臉的中年大叔 另外3/9早餐開放時間6:30 也晚了啦」好幾分才開放用餐 這對我們七點多就要離開的著實增加困擾","","清潔で整頓されており、快適なベッドで眠ることができます。","チェックインのスタッフは少しせっかちな様子でした。疲れ切った表情をした中年の男性でした。また、3月9日の朝食開始時間は午前6時30分とかなり遅かったです。食事の提供開始まで数分かかり、午前7時頃に出発する必要があった私たちにとっては非常に不便でした。","Sulien","","FALSE","楽天トラベル","4","2026-03-31","立地も駅近で良いですね。朝食は普通。ただ海外スタッフの方の日本語、マナーは素晴らしいものがありました。是非これからも頑張ってください。","","","立地も駅近で良いですね。朝食は普通。ただ海外スタッフの方の日本語、マナーは素晴らしいものがありました。是非これからも頑張ってください。","","","W220S55LKUNI"
"","FALSE","Booking.com","7","2026-03-10","","交通地點很好 房間很舒適 早餐雖然簡單但都很好吃","沒有","","立地は最高で、部屋は快適、朝食はシンプルながらも美味しい。","いいえ","Sulien","","FALSE","Booking.com","8","2026-03-30","","交通方便，附近也有很多超商及24小時的樂天超市","","","交通の便が良く、近隣には多くのコンビニエンスストアや24時間営業のロッテマートがあります。","","家儀"
"","FALSE","Trip.com","10","2026-03-10","Staff was very cooperative and helpful in many ways. Though metro station was abit far but the convenience store are very easily accessible.","","","スタッフの方々はとても協力的で、様々な面で親切でした。地下鉄の駅は少し遠かったのですが、コンビニエンスストアはとてもアクセスしやすかったです。","","","B‍h‍a‍v‍i‍k‍ ‍K‍a‍c‍h‍a‍r‍e","","FALSE","Trip.com","9","2026-03-30","整體感覺相當滿意，離車站近，步行5分鐘左右就到！","","","全体的にとても満足しています。駅からも近く、徒歩わずか5分ほどです！","","","ゲ‍ス‍ト"
"","FALSE","Trip.com","10","2026-03-09","由錦糸町站南口行去酒店4-5分鐘. 途中經過食肆、family mart. 可以買水、補給物品. 酒店位於大馬路. 夜晚返酒店也安全. 錦糸町附近有幾個商場. 本人要行1.5人先行完他們😆酒店大堂有茶包、臉部用品等可自取. 泡澡錠也有3款味道可選擇. 最讚係有 face serum 冬天很啱用👍🏻👍🏻👍🏻","","","錦糸町駅南口から徒歩4～5分。途中には飲食店やファミリーマートがあり、水や日用品などを購入できます。ホテルは道路沿いに位置しており、夜間の帰宅も安全です。錦糸町周辺には複数のショッピングモールがあります。","","","j‍e‍j‍e‍n‍g","","FALSE","Trip.com","10","2026-03-30","設備上都還不錯，有翻新，服務人員的服務態度真的一百分。房間內很乾淨，空間算大，出水量很大，還可以協助寄存行李、收包裹，下次來還想入住這間","","","設備はどれも素晴らしく、部屋も改装されていました。スタッフのサービスも最高でした。部屋はとても清潔で広々としており、水圧も十分でした。荷物預かりや荷物の受け取りも手伝ってくれました。次回も必ずここに泊まりたいと思います。","","","ゲ‍ス‍ト"
"","FALSE","Trip.com","10","2026-03-09","整體感覺很好","","","全体的な印象は非常に良い","","","ゲ‍ス‍ト","","FALSE","Trip.com","10","2026-03-30","駅近ですが、静かで快適でした。","","","駅近ですが、静かで快適でした。","","","ゲ‍ス‍ト"
"","","","","","","","","","","","","","FALSE","Google","4","2026-03-30","錦糸町駅から徒歩圏内の便利な立地にあるホテルです。","","","錦糸町駅から徒歩圏内の便利な立地にあるホテルです。","","","Shimla Diaries"
"","","","","","","","","","","","","","FALSE","Google","4","2026-03-30","Perfectly located hotel centrally located and walking distance to Kinshichō station","","","錦糸町駅から徒歩圏内の便利な立地にあるホテルです。","","","Shimla Diaries"
"","","","","","","","","","","","","","FALSE","Trip.com","10","2026-03-29","挺不錯的酒店👍","","","とても素敵なホテルですね👍","","","ゲ‍ス‍ト"
"","","","","","","","","","","","","","FALSE","Booking.com","8","2026-03-29","","部屋がきれいだった","ちょっと高い","","部屋がきれいだった","ちょっと高い","Rie"
"","","","","","","","","","","","","","FALSE","Booking.com","8","2026-03-29","","The staff in breakfast buffet were nice.  Since we were vegetarian, we couldn't take sweet potato mixed with meat.  We asked, they roasted few sweet potatoes for us and gave.       The room had all the basic needs, which was very useful.  The location was few hundred meters to the metro, 7/11 and few more marts around.","The room size was small for a family with kid(s), there was no room for keeping luggage also.  Vegetarian food options are very limited but can manage.","","朝食ビュッフェのスタッフは親切でした。私たちはベジタリアンだったので、肉入りのサツマイモは食べられませんでした。お願いしたところ、サツマイモを焼いて出してくれました。部屋には必要なものがすべて揃っていて、とても便利でした。立地も良く、地下鉄の駅やセブンイレブン、その他いくつかのスーパーマーケットまで数百メートルでした。","部屋は子供連れの家族には狭く、荷物を置くスペースもありませんでした。ベジタリアン向けの食事の選択肢は非常に限られていますが、何とか対応できます。","Pani"
"","","","","","","","","","","","","","FALSE","Trip.com","10","2026-03-27","服務很棒！房間內的紅酒、啤酒、餅乾、果汁全都免費，而且每天都補新的！！房間乾淨、整潔、有氛圍！體驗感超好👍👍👍","","","サービスは最高でした！部屋に用意されていたワイン、ビール、クッキー、ジュースはすべて無料で、毎日補充されていました！部屋は清潔で整頓されていて、雰囲気も素晴らしかったです！本当に素晴らしい体験でした！👍👍👍","","","ゲ‍ス‍ト"
"","","","","","","","","","","","","","FALSE","Trip.com","4","2026-03-27","有啲污糟，隔音好差","","","少し汚れていて、防音性も低い。","","","i‍l‍o‍v‍e‍f‍r‍i‍e‍d‍r‍i‍c‍e"
"","","","","","","","","","","","","","FALSE","Trip.com","10","2026-03-27","Very good and interesting location and the great view of the city","","","立地が非常に良く、街の眺めも素晴らしい。","","","A‍l‍e‍x‍e‍y‍ ‍P‍o‍l‍o‍v‍n‍i‍k‍o‍v"
"","","","","","","","","","","","","","FALSE","Booking.com","10","2026-03-27","","","","","","","佳萾"
"","","","","","","","","","","","","","FALSE","Booking.com","10","2026-03-27","","","","","","","Jade"
"","","","","","","","","","","","","","FALSE","Trip.com","10","2026-03-26","每次去日本都喜歡住這一家連鎖飯店，主要的原因就是飯店內床鋪寬度有150公分，不是一般的經濟雙人房那種140公分的床，就算兩個人睡也不會太擠，但缺點就是因為床鋪為正常尺寸，相對房間的空間就會較小。  本次住進錦糸町這家，優點是：1.入口處有迎賓飲料2離JR錦糸町車站不遠，附近很熱鬧，有吃的有逛的，還有24小時的超市 缺點是：訂非吸菸房，但靠近廁所位置有菸味","","","日本に行くときはいつもこのチェーンホテルに泊まるのが好きです。主な理由は、エコノミーダブルルームの一般的な140cm幅のベッドではなく、150cm幅のベッドがあるからです。2人でも窮屈さを感じずに快適に眠れます。ただし、欠点はベッドが標準サイズなので、部屋のスペースが比較的狭いことです。今回は錦糸町支店に泊まりました。利点は、1. 入口でウェルカムドリンクがあったこと、2. JR錦糸町駅から遠くなく、周辺には飲食店やショッピング施設、24時間営業のスーパーマーケットなどがあり賑やかであることでした。欠点は、禁煙室を予約したのに、トイレ付近でタバコの臭いがしたことです。","","","ゲ‍ス‍ト"
"","","","","","","","","","","","","","FALSE","Trip.com","10","2026-03-26","Good location, 5 minutes walk from Kinshicho Station.  No transfer needed from Narita Airport by train. Shopping centers, shops and restaurants are near by. Friendly staff.  Definitely will stay again.","","","錦糸町駅から徒歩5分という好立地。成田空港から電車で乗り換える必要もありません。ショッピングセンター、ショップ、レストランも近くにあります。スタッフも親切でした。間違いなくまた利用します。","","","ゲ‍ス‍ト"
"","","","","","","","","","","","","","FALSE","Trip.com","10","2026-03-26","Had a fantastic stay! The hotel is very nice, clean, and comfortable. The absolute best part is the location—it's right in the heart of everything and made exploring so easy. Highly recommend if you want to be close to the action!","","","素晴らしい滞在でした！ホテルはとても素敵で、清潔で快適でした。何より最高だったのは立地です。街の中心部に位置しているので、観光がとても楽でした。賑やかな場所に近いホテルをお探しの方には、ぜひおすすめします！","","","匿‍名‍ユ‍ー‍ザ‍ー"
"","","","","","","","","","","","","","FALSE","Booking.com","10","2026-03-26","","","","","","","Liyu"
"","","","","","","","","","","","","","FALSE","Trip.com","9","2026-03-26","出張の際はこちらに毎回泊まります。 こないだも今回も、時期的にすごく高かったのですが アップグレードして頂き快適な宿泊となりました。","","","出張の際はこちらに毎回泊まります。 こないだも今回も、時期的にすごく高かったのですが アップグレードして頂き快適な宿泊となりました。","","","み‍ゆ‍か"
"","","","","","","","","","","","","","FALSE","Google","5","2026-03-25","宿泊施設はとても清潔で快適でした。バスルームのアメニティは、階下のフロントデスクでセルフサービスで利用できました。部屋には荷物を置くのに十分なスペースがありました。電車とバスの駅にも非常に近く（徒歩5～7分）、毎日清掃が行われ、部屋にタバコの臭いもありませんでした。非常におすすめです！コストパフォーマンスも抜群です。","","","宿泊施設はとても清潔で快適でした。バスルームのアメニティは、階下のフロントデスクでセルフサービスで利用できました。部屋には荷物を置くのに十分なスペースがありました。電車とバスの駅にも非常に近く（徒歩5～7分）、毎日清掃が行われ、部屋にタバコの臭いもありませんでした。非常におすすめです！コストパフォーマンスも抜群です。","","","Muay Arandyarak"
"","","","","","","","","","","","","","FALSE","Trip.com","10","2026-03-25","真的是非常棒的飯店❤️ 我們住了5天 地理位置絕佳 走路就可以到錦系町車站 且有JR線、半藏門線 換乘交通非常方便 附近也有很多吃的餐廳、便利商店和24h超市 生活飲食非常便利  再來是房間內的環境 非常乾淨舒服溫馨 以東京住宿來說 房內的空間算蠻大的，而且還有浴缸 床頭還有窗戶，可以看外面的風景 電視還可以連接手機 沐浴用品也用的非常好 龍頭設備水壓非常的強，洗澡非常非常的舒服 水又大又熱的（瞬熱） 而且還可以一邊淋浴一邊放泡澡的水，兩者同時進行 超完美😍 還有提供除臭除菌的衣物噴霧和除濕機 超級貼心🫶🏻（愛死）  櫃檯人員也都很親切友善 退房很酷噢～ 可以用機器按ㄧ按退房👍  整體下來體驗真的非常舒服💕 已經決定下次再去東京旅遊都要住這了☺️ 大推薦給去東京旅遊找住宿的妳/你們哦^_^","","","ここは本当に素晴らしいホテルです！❤️ 5日間滞在しました。立地は最高で、錦糸町駅から徒歩圏内、JR線と半蔵門線にもアクセスでき、交通の便が非常に良いです。周辺にはレストラン、コンビニ、24時間営業のスーパーマーケットもたくさんあり、日常生活や食事にとても便利です。部屋自体もとても清潔で快適で居心地が良かったです。東京の宿泊施設としてはかなり広い部屋で、バスタブまでありました。ベッドの横には景色が見える窓があり、テレビは携帯電話に接続できました。アメニティも素晴らしく、蛇口の水圧が非常に強く、シャワーがとても快適でした。お湯はすぐに出て、量もたっぷりでした（瞬時に加熱！）。シャワーとバスタブを同時に使うこともできました。完璧です！😍 消臭・除菌の洗濯用スプレーと除湿機も用意されていて、とても気が利いていました！🫶🏻（とても気に入りました！）フロントのスタッフもとてもフレンドリーで親切でした。チェックアウトは簡単でした！機械でボタンを押すだけでチェックアウトできたんです！👍 全体的に、本当に素晴らしい体験でした！💕 次回東京に来るときも、またここに泊まることに決めました！☺️ 東京旅行で宿泊先を探している方には、ぜひおすすめします！^_^","","","A‍m‍y‍ ‍ ‍Ł‍î‍a‍o"
"","","","","","","","","","","","","","FALSE","Trip.com","7","2026-03-25","気持ちよく利用できました","","","気持ちよく利用できました","","","ゲ‍ス‍ト"
"","","","","","","","","","","","","","FALSE","Booking.com","10","2026-03-25","","La proximité avec la gare, Le petit déjeuner, L'accueil et la gentillesse du personnel","","","駅に近いこと、朝食、スタッフの温かい歓迎と親切さ","","Thomas"
"","","","","","","","","","","","","","FALSE","Google","5","2026-03-25","ที่พักสะอาดมาก สะดวกสบาย มี Bathroom amentiries ให้หยิบได้เองที่หน้า Front ด้านล่าง ห้องมีพื้นที่ให้วางกระเป๋าเดินทางได้พอสมควร ใกล้สถานนีรถไฟกับรถบัสมาก เดิน5-7นาที มีแม่บ้านทำความสะอาดทุกวัน ไม่มีกลิ่นบุหรี่ในห้องด้วย แนะนำเลยค่ะ ดีงามมาก ราคาไม่แรงด้วย","","","宿泊施設はとても清潔で快適でした。バスルームのアメニティは、階下のフロントデスクでセルフサービスで利用できました。部屋には荷物を置くのに十分なスペースがありました。電車とバスの駅にも非常に近く（徒歩5～7分）、毎日清掃が行われ、部屋にタバコの臭いもありませんでした。非常におすすめです！コストパフォーマンスも抜群です。","","","Muay Arandyarak"
"","","","","","","","","","","","","","FALSE","Booking.com","10","2026-03-24","","Номер комфортный , чистый . Большая ванная . Есть достаточно места для двух больших чемоданов. Большой выбор блюд  на завтраках","","","部屋は快適で清潔です。バスルームも広く、大型スーツケース2個を置くのに十分なスペースがあります。朝食の種類も豊富です。","","Aleksandr"
"","","","","","","","","","","","","","FALSE","Booking.com","10","2026-03-24","","","","","","","江口"
"","","","","","","","","","","","","","FALSE","Trip.com","10","2026-03-23","酒店員工服務態度良好，房間乾淨企理。整體不錯。","","","ホテルのスタッフは親切で協力的で、部屋も清潔で整頓されていました。全体的に良いホテルです。","","","ゲ‍ス‍ト"
"","","","","","","","","","","","","","FALSE","Booking.com","9","2026-03-23","","部屋が広い、風呂が洗い場が別で、使い良い","無し","","部屋が広い、風呂が洗い場が別で、使い良い","無し","Seiichi"
"","","","","","","","","","","","","","FALSE","Booking.com","8","2026-03-23","","お風呂場が広くて快適だった。","特になし","","お風呂場が広くて快適だった。","特になし","H"
"","","","","","","","","","","","","","FALSE","Booking.com","9","2026-03-23","","","","","","","Kc"
"","","","","","","","","","","","","","FALSE","Trip.com","8","2026-03-22","This area is less crowded, with a couple of malls nearby like Parco and Termina, so food and basic amenities are easily accessible. I really like that the room and bathroom are more spacious than usual. I could fully open my two large suitcases and still have space to move around. There’s also a humidifier in the room, which helps a lot with the dry air. We book a 2 single bed room and it fits perfectly for us and 1 kid. The 2 bed were combined with much space for all.","","","このエリアは比較的混雑しておらず、近くにはパルコやテルミナなどのショッピングモールがいくつかあるので、食事や基本的なアメニティは簡単に手に入ります。部屋とバスルームが通常よりも広々としているのがとても気に入りました。大きなスーツケースを2つ完全に開いても、まだ動き回るスペースがありました。部屋には加湿器もあり、乾燥した空気を和らげるのにとても役立ちました。シングルベッド2台の部屋を予約しましたが、私たちと子供1人にはちょうど良い広さでした。2つのベッドはくっついていて、全員がゆったりと過ごせる十分なスペースがありました。","","","O‍w‍s‍ ‍O‍w‍l‍s"
"","","","","","","","","","","","","","FALSE","Booking.com","10","2026-03-22","","The staff here was amazing. Very accommodating and helpful. As foreigners, it was very scary to come and try to communicate but they were very friendly amd answered every question. I highly recommend this place.","","","ここのスタッフは素晴らしかったです。とても親切で親身になって対応してくれました。外国人として、ここに来てコミュニケーションを取るのはとても不安でしたが、スタッフはとてもフレンドリーで、どんな質問にも答えてくれました。この場所を強くお勧めします。","","Celia"
"","","","","","","","","","","","","","FALSE","Google","5","2026-03-22","駅やショッピングエリアからはまだ少し距離があります。","","","駅やショッピングエリアからはまだ少し距離があります。","","","Aj KouNaMi"
"","","","","","","","","","","","","","FALSE","Trip.com","9","2026-03-22","位置方便，酒店距離車站8-10分鐘路程，附近有商場，以及GU、Uniqlo、無印，可以在附近購物，而且不需要走很遠路就可以回酒店，亦有24小時超市","","","ホテルは駅から徒歩8～10分と便利な場所に位置しています。GU、ユニクロ、無印良品などのショッピングモールが近くにあり、ホテルまで遠くまで歩かなくても気軽に買い物を楽しめます。24時間営業のスーパーマーケットも利用可能です。","","","A‍n‍n‍(‍*‍¯‍︶‍¯‍*‍)"
"","","","","","","","","","","","","","FALSE","Google","5","2026-03-22","距離車站還有逛街地點還是有點距離","","","駅やショッピングエリアからはまだ少し距離があります。","","","Aj KouNaMi"
"","","","","","","","","","","","","","FALSE","Trip.com","9","2026-03-21","酒店地理位置優越，附近很多美食，例如鳥貴族。便利店和商場也在5分鐘步行範圍內。5-7分鐘可行到JR站","","","このホテルは絶好のロケーションを誇り、近隣にはバードネストをはじめとする数多くのレストランがあります。コンビニエンスストアやショッピングモールも徒歩5分圏内です。JR駅までは徒歩5～7分です。","","","ゲ‍ス‍ト"
"","","","","","","","","","","","","","FALSE","Trip.com","10","2026-03-21","附近有小鋼珠店跟燒肉店，百貨公司，超方便的！只是晚一點路上吃完燒肉喝醉的人比較多，但整體來說非常好！","","","近くにはパチンコ店や焼肉店、デパートなどがあり、とても便利です！ただ、夕方になると路上で焼肉を食べている酔っ払いが結構多いのが難点ですが、全体的には素晴らしい場所です！","","","ゲ‍ス‍ト"
"","","","","","","","","","","","","","FALSE","Trip.com","10","2026-03-20","房間大 乾淨 有乾濕分離","","","部屋は広くて清潔で、濡れた場所と乾いた場所が分かれている。","","","ゲ‍ス‍ト"
"","","","","","","","","","","","","","FALSE","Trip.com","10","2026-03-20","Perfect location and room size for a family of 4. Highly recommended","","","4人家族に最適な立地と部屋の広さ。非常におすすめです。","","","R‍i‍c‍k‍y‍ ‍S‍u‍t‍a‍n‍t‍o"
"","","","","","","","","","","","","","FALSE","Google","4","2026-03-20","","","","","","","印藤泉"
"","","","","","","","","","","","","","FALSE","Trip.com","10","2026-03-20","在東京市區可以有那麼大的房間，實在是不容易。 裝潢很新，交通算是很方便，離地鐵站要走一小段可以接受的距離。","","","東京の都心でこれほど広い部屋を見つけるのは本当に珍しいです。内装は新しく、交通の便も良く、地下鉄駅から歩いてすぐの距離です。","","","吳‍思‍宏"
"","","","","","","","","","","","","","FALSE","Booking.com","10","2026-03-19","","入り口の紅茶が良かった","","","入り口の紅茶が良かった","","Yuko"
"","","","","","","","","","","","","","FALSE","Trip.com","10","2026-03-19","離地鐵站非常近，樓下化粧品自助，面膜自助非常棒，周邊吃，買都很方便","","","地下鉄の駅からとても近く、階下には便利なセルフサービスの化粧品とフェイスマスクのコーナーがあります。食事や買い物にも便利な場所が近くにあります。","","","ゲ‍ス‍ト"
"","","","","","","","","","","","","","FALSE","Trip.com","9","2026-03-18","出張の際に利用するホテルです。 立地も良く、何度も利用出来る安心なビジネスホテルです。","","","出張の際に利用するホテルです。 立地も良く、何度も利用出来る安心なビジネスホテルです。","","","み‍ゆ‍か"
"","","","","","","","","","","","","","FALSE","Trip.com","10","2026-03-17","Wir waren sehr zufrieden 😃 Alles 👍. Kann ich nur weiterempfehlen","","","とても満足しました😃 全てが素晴らしかったです👍。ぜひお勧めします。","","","ゲ‍ス‍ト"
"","","","","","","","","","","","","","FALSE","Booking.com","10","2026-03-17","","Instalaciones cómodas , zona muy tranquila y relativamente cerca de una estación grande.","Todo bien","","快適な設備、非常に静かなエリア、そして大きな駅からも比較的近い。","すべて順調です","Aylin"
"","","","","","","","","","","","","","FALSE","Trip.com","10","2026-03-17","地理位置太方便了！離地鐵站和商圈都超近，出門逛街、吃飯、去景點都省了不少時間。房間也乾淨舒適，住得非常舒心。酒店大堂也提供面膜，浴鹽","","","立地が最高に便利！地下鉄の駅やショッピングエリアにとても近く、買い物や食事、観光に出かける際に時間を大幅に節約できます。部屋も清潔で快適で、とても気持ちの良い滞在になりました。ホテルのロビーにはフェイスマスクやバスソルトまで用意されていました。","","","香‍宝‍y‍a"
"","","","","","","","","","","","","","FALSE","Booking.com","8","2026-03-17","","キレイなホテルでした","特にありません。","","キレイなホテルでした","特にありません。","英一"
"","","","","","","","","","","","","","FALSE","Booking.com","9","2026-03-17","","","","","","","Jhang-jie"
"","","","","","","","","","","","","","FALSE","Trip.com","10","2026-03-17","飯店乾淨整潔舒適 附近也很熱鬧 有很多吃的可以選擇 各家超商附近都有 離車站也算近！機能很好","","","このレストランは清潔で整頓されていて快適です。周辺は活気があり、飲食店やコンビニエンスストアも数多くあります。駅からもとても近いので、非常に便利です。","","","ゲ‍ス‍ト"
"","","","","","","","","","","","","","FALSE","Booking.com","7","2026-03-16","","","いつも使うので、特別な価格サービスをお願いできればありがたいです。","","","いつも使うので、特別な価格サービスをお願いできればありがたいです。","吉田"
"","","","","","","","","","","","","","FALSE","Trip.com","10","2026-03-15","酒店位置方便～附近有便利店和不少餐廳，而且交通都方便，可以搭鐵都去到，差緊個床無咁好翻，但整體酒店都唔錯~","","","ホテルは便利な場所にあります。近くにコンビニやレストランがたくさんあり、交通の便も良く、電車でもアクセスできます。ベッドはあまり良くありませんが、全体的には良いホテルです。","","","ゲ‍ス‍ト"
"","","","","","","","","","","","","","FALSE","Booking.com","9","2026-03-15","","Posizione ottimale, a 5' della stazione Kinshicho per cui molto ben collegato per arrivare ovunque.  Attenzione dello staff buona. Colazione buona ma tutti giorni uguale, poco di tutto per esempio i cereali, la frutta anche pochissima.  Camera più spaziosa nel confronto con altri dove siamo stati in Giappone.","Parlano poco inglese.  Poca offerta di cose nella colazione.","","錦糸町駅から徒歩5分という絶好のロケーションで、どこへ行くにも非常に便利です。スタッフの対応も丁寧でした。朝食は美味しかったのですが、毎日同じメニューで、シリアルなど種類も少なく、フルーツもほとんどありませんでした。部屋は、日本で宿泊した他のホテルよりも広々としていました。","彼らは英語をほとんど話しません。朝食の種類は限られています。","Bruno"
"","","","","","","","","","","","","","FALSE","Booking.com","9","2026-03-15","","","","","","","Michel"
"","","","","","","","","","","","","","FALSE","Booking.com","9","2026-03-14","","","","","","","佾闈"
"","","","","","","","","","","","","","FALSE","Trip.com","10","2026-03-13","房間整體舒適整潔，唯獨枕頭太軟，瞓得不舒服。大堂有免費梳洗用品及咖啡茶包可自取。還有面膜，護膚品同浸浴用品提供，非常貼心。房間寛闊，可打開兩個行李箱。附近大概行5分鐘便到地鐵站，大型商場，方便購物。去晴空塔只需一個站便到。非常方便。下次會再入住","","","部屋は全体的に快適で清潔でしたが、枕が柔らかすぎて寝心地が悪かったです。ロビーには無料のバスアメニティとコーヒー・紅茶のティーバッグが用意されています。マスク、スキンケア用品、バス用品も用意されていて、とても親切でした。部屋は広々としていて、スーツケースを2つ置くことができます。近くにはMTR駅や大型ショッピングモールがあり、徒歩約5分で買い物に便利です。スカイツリーまでは地下鉄で1駅です。とても便利です。次回もまた利用したいと思います。","","","C‍K‍M‍S"
"","","","","","","","","","","","","","FALSE","Booking.com","8","2026-03-13","","住宿地離車站近，工作人員親切","房間枕頭有的太扁或太硬，睡不習慣","","宿泊施設は駅に近く、スタッフも親切だった。","部屋にある枕の中には、平らすぎたり硬すぎたりするものがあって、私はそれらで寝ることに慣れていない。","Chehua"
"","","","","","","","","","","","","","FALSE","Booking.com","10","2026-03-13","","location and pricing very good","","","立地と価格設定が非常に良い","","Binod"
"","","","","","","","","","","","","","FALSE","Trip.com","10","2026-03-13","房間很大，位置好又鄰近地鐵和jr線，不用擔心轉乘問題，值得推薦住的飯店","","","部屋は広々としていて、立地も素晴らしく、地下鉄とJR線に近かったので乗り換えの心配は全くありませんでした。非常におすすめのホテルです。","","","ゲ‍ス‍ト"
"","","","","","","","","","","","","","FALSE","Google","4","2026-03-12","","","","","","","siu yuki"
"","","","","","","","","","","","","","FALSE","Trip.com","10","2026-03-11","Good location and service, facilities in very good condition. Small room, but with everything you need.","","","立地もサービスも良く、設備も非常に良好です。部屋は小さいですが、必要なものはすべて揃っています。","","","ゲ‍ス‍ト"
"","","","","","","","","","","","","","FALSE","Booking.com","10","2026-03-11","","","","","","","Chien"
"","","","","","","","","","","","","","FALSE","Booking.com","9","2026-03-11","","清潔","特になし","","クリーン","特になし","Onodera"
"","","","","","","","","","","","","","FALSE","Trip.com","10","2026-03-11","已經是第二次入住了，機場有直達車非常便利，地鐵交通去哪裏都很方便，附近吃的也不少，還有百貨跟超市可以逛，下次還會想入住","","","今回で2回目の滞在です。空港シャトルバスはとても便利で、地下鉄のおかげで移動も楽々です。周辺にはレストランやデパート、スーパーマーケットもたくさんあります。ぜひまた利用したいと思います。","","","陸‍零‍柒"
"","","","","","","","","","","","","","FALSE","Booking.com","7","2026-03-10","","乾淨整潔 床好睡","這次checking 的工作人員似乎有點不耐煩 是厭世臉的中年大叔 另外3/9早餐開放時間6:30 也晚了啦」好幾分才開放用餐 這對我們七點多就要離開的著實增加困擾","","清潔で整頓されており、快適なベッドで眠ることができます。","チェックインのスタッフは少しせっかちな様子でした。疲れ切った表情をした中年の男性でした。また、3月9日の朝食開始時間は午前6時30分とかなり遅かったです。食事の提供開始まで数分かかり、午前7時頃に出発する必要があった私たちにとっては非常に不便でした。","Sulien"
"","","","","","","","","","","","","","FALSE","Booking.com","7","2026-03-10","","交通地點很好 房間很舒適 早餐雖然簡單但都很好吃","沒有","","立地は最高で、部屋は快適、朝食はシンプルながらも美味しい。","いいえ","Sulien"
"","","","","","","","","","","","","","FALSE","Trip.com","10","2026-03-10","Staff was very cooperative and helpful in many ways. Though metro station was abit far but the convenience store are very easily accessible.","","","スタッフの方々はとても協力的で、様々な面で親切でした。地下鉄の駅は少し遠かったのですが、コンビニエンスストアはとてもアクセスしやすかったです。","","","B‍h‍a‍v‍i‍k‍ ‍K‍a‍c‍h‍a‍r‍e"
"","","","","","","","","","","","","","FALSE","Trip.com","10","2026-03-09","由錦糸町站南口行去酒店4-5分鐘. 途中經過食肆、family mart. 可以買水、補給物品. 酒店位於大馬路. 夜晚返酒店也安全. 錦糸町附近有幾個商場. 本人要行1.5人先行完他們😆酒店大堂有茶包、臉部用品等可自取. 泡澡錠也有3款味道可選擇. 最讚係有 face serum 冬天很啱用👍🏻👍🏻👍🏻","","","錦糸町駅南口から徒歩4～5分。途中には飲食店やファミリーマートがあり、水や日用品などを購入できます。ホテルは道路沿いに位置しており、夜間の帰宅も安全です。錦糸町周辺には複数のショッピングモールがあります。","","","j‍e‍j‍e‍n‍g"
"","","","","","","","","","","","","","FALSE","Trip.com","10","2026-03-09","整體感覺很好","","","全体的な印象は非常に良い","","","ゲ‍ス‍ト"