"","検索文字 URL： チェック","リッチモンドホテル東京目白 サイト名","髪の毛 検索年月： 評価","2026年 投稿日","04月 コメント(全体)","範囲： コメント(良い点)","!A1:K コメント(改善点)","コメント（翻訳:全体)","コメント（翻訳:良い)","コメント（翻訳:改善点)","投稿者","N6 N100 ","IMPORTRANGE(C3,Q3&R3&T3) IMPORTRANGE(C3,Q2&R2&T3) FILTER(N6:X, N6:N<>"""") ","","","関数用 2026年 2026年 ","03月 04月 ","","!A2:K75 ","","","",""
"","FALSE","Trip.com","8","2026-04-16","地點方便，池袋走着也能到","","","池袋まで徒歩圏内の便利な立地。","","","B‍I‍T‍E‍N‍G‍S‍H‍E‍N‍G","","FALSE","Trip.com","8","2026-04-16","地點方便，池袋走着也能到","","","池袋まで徒歩圏内の便利な立地。","","","B‍I‍T‍E‍N‍G‍S‍H‍E‍N‍G"
"","FALSE","Booking.com","9","2026-04-15","","","","","","","Shanghua","","FALSE","Booking.com","9","2026-04-15","","","","","","","Shanghua"
"","FALSE","じゃらん","4","2026-04-15","山手線目白駅近く、周辺にもお店がたくさんありとても利便性の良いホテルでした。スタッフの方も親切で心地良くステイできました。","","","山手線目白駅近く、周辺にもお店がたくさんありとても利便性の良いホテルでした。スタッフの方も親切で心地良くステイできました。","","","chanoさん","","FALSE","じゃらん","4","2026-04-15","山手線目白駅近く、周辺にもお店がたくさんありとても利便性の良いホテルでした。スタッフの方も親切で心地良くステイできました。","","","山手線目白駅近く、周辺にもお店がたくさんありとても利便性の良いホテルでした。スタッフの方も親切で心地良くステイできました。","","","chanoさん"
"","FALSE","Trip.com","6","2026-04-15","古さは仕方がないが、バスルームのカビは掃除できると思う。","","","古さは仕方がないが、バスルームのカビは掃除できると思う。","","","7‍7‍7‍M‍a‍u","","FALSE","Trip.com","6","2026-04-15","古さは仕方がないが、バスルームのカビは掃除できると思う。","","","古さは仕方がないが、バスルームのカビは掃除できると思う。","","","7‍7‍7‍M‍a‍u"
"","FALSE","Trip.com","6","2026-04-15","バスルームのカビを何とかして欲しい。","","","バスルームのカビを何とかして欲しい。","","","7‍7‍7‍M‍a‍u","","FALSE","Trip.com","6","2026-04-15","バスルームのカビを何とかして欲しい。","","","バスルームのカビを何とかして欲しい。","","","7‍7‍7‍M‍a‍u"
"","FALSE","Booking.com","6","2026-04-13","","駅から近い","バストイレが古い 染みついた汚れやサビが残念","","駅から近い","バストイレが古い 染みついた汚れやサビが残念","Miwako","","FALSE","Booking.com","6","2026-04-13","","駅から近い","バストイレが古い 染みついた汚れやサビが残念","","駅から近い","バストイレが古い 染みついた汚れやサビが残念","Miwako"
"","FALSE","Trip.com","6","2026-04-13","口コミが良かったので選んだが、掃除をしてない。バスルームはカビだらけ、バスタオルの中には長い髪の毛。床のカーペットはすぐにめくれ、埃だらけ。また泊まりたいとは思えない。","","","口コミが良かったので選んだが、掃除をしてない。バスルームはカビだらけ、バスタオルの中には長い髪の毛。床のカーペットはすぐにめくれ、埃だらけ。また泊まりたいとは思えない。","","","7‍M‍7","","FALSE","Trip.com","6","2026-04-13","口コミが良かったので選んだが、掃除をしてない。バスルームはカビだらけ、バスタオルの中には長い髪の毛。床のカーペットはすぐにめくれ、埃だらけ。また泊まりたいとは思えない。","","","口コミが良かったので選んだが、掃除をしてない。バスルームはカビだらけ、バスタオルの中には長い髪の毛。床のカーペットはすぐにめくれ、埃だらけ。また泊まりたいとは思えない。","","","7‍M‍7"
"","FALSE","Booking.com","10","2026-04-13","","","","","","","Menozzi","","FALSE","Booking.com","10","2026-04-13","","","","","","","Menozzi"
"","FALSE","Booking.com","10","2026-04-13","","","","","","","羚","","FALSE","Booking.com","10","2026-04-13","","","","","","","羚"
"","FALSE","Google","5","2026-04-13","正直、日本に来てビジネス旅行を体験しないなんて、もったいないと思いませんか？😏  今回は「ジャパン・シグレ・プレミアム・ビジネス旅行」に直行したのですが、今まで経験したことのないレベルでした。  掲載されている写真は全て実在の人物で、偽りの写真は一切ありません。質の高い日本人女性たちが厳選されているのがよく分かります。  そして何より安心できるのは、予約金やデポジットが一切不要で、現金のみで済む点です。これは本当に安心感を与えてくれます。  手続きも非常に簡単で、ホテルまで直接送迎してくれるので、遠方から来た人にもとても便利です。  もし、嫌な思いはしたくないけれど、信頼できるサービスを探しているなら、ぜひこちらをチェックしてみてください👇 TG: kana69","","","正直、日本に来てビジネス旅行を体験しないなんて、もったいないと思いませんか？😏  今回は「ジャパン・シグレ・プレミアム・ビジネス旅行」に直行したのですが、今まで経験したことのないレベルでした。  掲載されている写真は全て実在の人物で、偽りの写真は一切ありません。質の高い日本人女性たちが厳選されているのがよく分かります。  そして何より安心できるのは、予約金やデポジットが一切不要で、現金のみで済む点です。これは本当に安心感を与えてくれます。  手続きも非常に簡単で、ホテルまで直接送迎してくれるので、遠方から来た人にもとても便利です。  もし、嫌な思いはしたくないけれど、信頼できるサービスを探しているなら、ぜひこちらをチェックしてみてください👇 TG: kana69","","","Vũ Huyền Lê","","FALSE","Google","5","2026-04-13","正直、日本に来てビジネス旅行を体験しないなんて、もったいないと思いませんか？😏  今回は「ジャパン・シグレ・プレミアム・ビジネス旅行」に直行したのですが、今まで経験したことのないレベルでした。  掲載されている写真は全て実在の人物で、偽りの写真は一切ありません。質の高い日本人女性たちが厳選されているのがよく分かります。  そして何より安心できるのは、予約金やデポジットが一切不要で、現金のみで済む点です。これは本当に安心感を与えてくれます。  手続きも非常に簡単で、ホテルまで直接送迎してくれるので、遠方から来た人にもとても便利です。  もし、嫌な思いはしたくないけれど、信頼できるサービスを探しているなら、ぜひこちらをチェックしてみてください👇 TG: kana69","","","正直、日本に来てビジネス旅行を体験しないなんて、もったいないと思いませんか？😏  今回は「ジャパン・シグレ・プレミアム・ビジネス旅行」に直行したのですが、今まで経験したことのないレベルでした。  掲載されている写真は全て実在の人物で、偽りの写真は一切ありません。質の高い日本人女性たちが厳選されているのがよく分かります。  そして何より安心できるのは、予約金やデポジットが一切不要で、現金のみで済む点です。これは本当に安心感を与えてくれます。  手続きも非常に簡単で、ホテルまで直接送迎してくれるので、遠方から来た人にもとても便利です。  もし、嫌な思いはしたくないけれど、信頼できるサービスを探しているなら、ぜひこちらをチェックしてみてください👇 TG: kana69","","","Vũ Huyền Lê"
"","FALSE","Google","5","2026-04-13","快適さを求めるけれど、高額な出費は避けたいという方には、このホテルを強くお勧めします。  駅まで徒歩わずか2分。出入口は1つずつなので、新宿や渋谷などの大型駅のように迷う心配もなく、出入りもスムーズです。山手線が東京を一周しているので、都内の主要観光スポットへも簡単にアクセスできます。  客室はそれほど広くはありませんが、同じ価格帯の他のホテルと比べるとゆったりとしています。  ロビーのアメニティは、他のホテルよりも充実しています。クレンジングオイル、フェイスマスク、ヘアジェルまで用意されています！  複数のコネクタを備えた携帯電話充電器も嬉しいポイントです。  廊下には温水と冷水が出るウォーターサーバーがあります。  そして何より、スタッフはほぼ全員が非常に丁寧で親切、そして親身になって対応してくれます。  唯一改善が必要な点は朝食です。特にペストリー用の電子レンジは、もう少し改善の余地があるかもしれません。","","","快適さを求めるけれど、高額な出費は避けたいという方には、このホテルを強くお勧めします。  駅まで徒歩わずか2分。出入口は1つずつなので、新宿や渋谷などの大型駅のように迷う心配もなく、出入りもスムーズです。山手線が東京を一周しているので、都内の主要観光スポットへも簡単にアクセスできます。  客室はそれほど広くはありませんが、同じ価格帯の他のホテルと比べるとゆったりとしています。  ロビーのアメニティは、他のホテルよりも充実しています。クレンジングオイル、フェイスマスク、ヘアジェルまで用意されています！  複数のコネクタを備えた携帯電話充電器も嬉しいポイントです。  廊下には温水と冷水が出るウォーターサーバーがあります。  そして何より、スタッフはほぼ全員が非常に丁寧で親切、そして親身になって対応してくれます。  唯一改善が必要な点は朝食です。特にペストリー用の電子レンジは、もう少し改善の余地があるかもしれません。","","","Frankie Tan TP","","FALSE","Google","5","2026-04-13","快適さを求めるけれど、高額な出費は避けたいという方には、このホテルを強くお勧めします。  駅まで徒歩わずか2分。出入口は1つずつなので、新宿や渋谷などの大型駅のように迷う心配もなく、出入りもスムーズです。山手線が東京を一周しているので、都内の主要観光スポットへも簡単にアクセスできます。  客室はそれほど広くはありませんが、同じ価格帯の他のホテルと比べるとゆったりとしています。  ロビーのアメニティは、他のホテルよりも充実しています。クレンジングオイル、フェイスマスク、ヘアジェルまで用意されています！  複数のコネクタを備えた携帯電話充電器も嬉しいポイントです。  廊下には温水と冷水が出るウォーターサーバーがあります。  そして何より、スタッフはほぼ全員が非常に丁寧で親切、そして親身になって対応してくれます。  唯一改善が必要な点は朝食です。特にペストリー用の電子レンジは、もう少し改善の余地があるかもしれません。","","","快適さを求めるけれど、高額な出費は避けたいという方には、このホテルを強くお勧めします。  駅まで徒歩わずか2分。出入口は1つずつなので、新宿や渋谷などの大型駅のように迷う心配もなく、出入りもスムーズです。山手線が東京を一周しているので、都内の主要観光スポットへも簡単にアクセスできます。  客室はそれほど広くはありませんが、同じ価格帯の他のホテルと比べるとゆったりとしています。  ロビーのアメニティは、他のホテルよりも充実しています。クレンジングオイル、フェイスマスク、ヘアジェルまで用意されています！  複数のコネクタを備えた携帯電話充電器も嬉しいポイントです。  廊下には温水と冷水が出るウォーターサーバーがあります。  そして何より、スタッフはほぼ全員が非常に丁寧で親切、そして親身になって対応してくれます。  唯一改善が必要な点は朝食です。特にペストリー用の電子レンジは、もう少し改善の余地があるかもしれません。","","","Frankie Tan TP"
"","FALSE","Booking.com","10","2026-04-12","","Room is ok in size. Comfortable and clean. Wide range of amenities provided. Location  is great. It is in a quiet neighbourhood but close to main shopping area. Friendly staff.","None.","","部屋の広さはちょうど良いです。快適で清潔です。アメニティも充実しています。立地も最高です。静かな住宅街にありながら、主要なショッピングエリアにも近いです。スタッフも親切です。","なし。","Pw","","FALSE","Booking.com","10","2026-04-12","","Room is ok in size. Comfortable and clean. Wide range of amenities provided. Location  is great. It is in a quiet neighbourhood but close to main shopping area. Friendly staff.","None.","","部屋の広さはちょうど良いです。快適で清潔です。アメニティも充実しています。立地も最高です。静かな住宅街にありながら、主要なショッピングエリアにも近いです。スタッフも親切です。","なし。","Pw"
"","FALSE","Booking.com","10","2026-04-12","","Very close to Mejiro station. Lovely staff and good amenities.","The breakfast buffet is pretty average.","","目白駅からとても近い。スタッフの方々も親切で、設備も充実しています。","朝食ビュッフェはごく普通です。","Rachel","","FALSE","Booking.com","10","2026-04-12","","Very close to Mejiro station. Lovely staff and good amenities.","The breakfast buffet is pretty average.","","目白駅からとても近い。スタッフの方々も親切で、設備も充実しています。","朝食ビュッフェはごく普通です。","Rachel"
"","FALSE","Trip.com","7","2026-04-12","Hotel room is very old and dated. Despite is about 3-4mins walk to JR mejiro station, the surrounding is boring and yet the price I paid for this room is sgd$200+ per night for ""peak Sakura season"" where there's literally no more Sakura... This room don't even worth $100 per night to be honest. The mattress is very hard for my comfort.  The only good thing about this hotel is the breakfast at Gusto... More variety than the typical Japanese breakfast offered by other hotel chains.","","","ホテルの部屋はとても古くて時代遅れです。JR目白駅まで徒歩3～4分ほどですが、周辺はつまらないです。それなのに、桜の見頃の「桜のピークシーズン」に1泊200シンガポールドル以上も払ったのに、実際にはもう桜は咲いていません…。正直言って、この部屋は1泊100ドルの価値もありません。マットレスは硬すぎて快適ではありませんでした。このホテルで唯一良かったのは、Gustoの朝食です。他のホテルチェーンが提供する典型的な日本の朝食よりも種類が豊富です。","","","D‍e‍r‍e‍n‍c‍e","","FALSE","Trip.com","7","2026-04-12","Hotel room is very old and dated. Despite is about 3-4mins walk to JR mejiro station, the surrounding is boring and yet the price I paid for this room is sgd$200+ per night for ""peak Sakura season"" where there's literally no more Sakura... This room don't even worth $100 per night to be honest. The mattress is very hard for my comfort.  The only good thing about this hotel is the breakfast at Gusto... More variety than the typical Japanese breakfast offered by other hotel chains.","","","ホテルの部屋はとても古くて時代遅れです。JR目白駅まで徒歩3～4分ほどですが、周辺はつまらないです。それなのに、桜の見頃の「桜のピークシーズン」に1泊200シンガポールドル以上も払ったのに、実際にはもう桜は咲いていません…。正直言って、この部屋は1泊100ドルの価値もありません。マットレスは硬すぎて快適ではありませんでした。このホテルで唯一良かったのは、Gustoの朝食です。他のホテルチェーンが提供する典型的な日本の朝食よりも種類が豊富です。","","","D‍e‍r‍e‍n‍c‍e"
"","FALSE","Trip.com","9","2026-04-11","Next to the meteo. Location is good. Comfortable and recommanded.","","","気象台のすぐ隣。立地が良い。快適でおすすめです。","","","ゲ‍ス‍ト","","FALSE","Trip.com","9","2026-04-11","Next to the meteo. Location is good. Comfortable and recommanded.","","","気象台のすぐ隣。立地が良い。快適でおすすめです。","","","ゲ‍ス‍ト"
"","FALSE","Trip.com","10","2026-04-11","住了十次了，總體還是很喜歡的。離車站近，服務很好，備品齊全，公區裝修很老錢，電梯華麗，就是房間太老了，衞浴老舊，馬桶總漏水，房間也不寬敞，插頭少不夠用。","","","ここに10回宿泊しましたが、全体的にとても気に入っています。駅に近く、サービスも素晴らしく、アメニティも充実しています。共用エリアの装飾は古めかしいですが、エレベーターは豪華です。しかし、客室は古く、バスルームは時代遅れで、トイレはいつも水漏れしていて、部屋は狭く、電源コンセントの数も足りません。","","","ゲ‍ス‍ト","","FALSE","Trip.com","10","2026-04-11","住了十次了，總體還是很喜歡的。離車站近，服務很好，備品齊全，公區裝修很老錢，電梯華麗，就是房間太老了，衞浴老舊，馬桶總漏水，房間也不寬敞，插頭少不夠用。","","","ここに10回宿泊しましたが、全体的にとても気に入っています。駅に近く、サービスも素晴らしく、アメニティも充実しています。共用エリアの装飾は古めかしいですが、エレベーターは豪華です。しかし、客室は古く、バスルームは時代遅れで、トイレはいつも水漏れしていて、部屋は狭く、電源コンセントの数も足りません。","","","ゲ‍ス‍ト"
"","FALSE","Booking.com","9","2026-04-11","","","","","","","Cho","","FALSE","Booking.com","9","2026-04-11","","","","","","","Cho"
"","FALSE","じゃらん","1","2026-04-11","シングル部屋を予約しましたが、グレートアップしてくださり、ツイン部屋になりました。  嬉しい気持ちでしたが、冷蔵庫が遠く、お風呂の汚れがひどくて、気持ちよく過ごせず、残念な気持ちになりました。  風呂の壁は石鹸泡がこびりつき、浴槽もヌルッとしました。","","","シングル部屋を予約しましたが、グレートアップしてくださり、ツイン部屋になりました。  嬉しい気持ちでしたが、冷蔵庫が遠く、お風呂の汚れがひどくて、気持ちよく過ごせず、残念な気持ちになりました。  風呂の壁は石鹸泡がこびりつき、浴槽もヌルッとしました。","","","いづみんさん","","FALSE","じゃらん","1","2026-04-11","シングル部屋を予約しましたが、グレートアップしてくださり、ツイン部屋になりました。  嬉しい気持ちでしたが、冷蔵庫が遠く、お風呂の汚れがひどくて、気持ちよく過ごせず、残念な気持ちになりました。  風呂の壁は石鹸泡がこびりつき、浴槽もヌルッとしました。","","","シングル部屋を予約しましたが、グレートアップしてくださり、ツイン部屋になりました。  嬉しい気持ちでしたが、冷蔵庫が遠く、お風呂の汚れがひどくて、気持ちよく過ごせず、残念な気持ちになりました。  風呂の壁は石鹸泡がこびりつき、浴槽もヌルッとしました。","","","いづみんさん"
"","FALSE","Trip.com","10","2026-04-10","Just good","","","良い","","","R‍e‍i‍n‍h‍a‍r‍d‍z","","FALSE","Trip.com","10","2026-04-10","Just good","","","良い","","","R‍e‍i‍n‍h‍a‍r‍d‍z"
"","FALSE","Google","4","2026-04-10","10年前に宿泊したことがあるので、これは過去の感想です。部屋は快適でした。","","","10年前に宿泊したことがあるので、これは過去の感想です。部屋は快適でした。","","","Jinna Kuharuangrong","","FALSE","Google","4","2026-04-10","10年前に宿泊したことがあるので、これは過去の感想です。部屋は快適でした。","","","10年前に宿泊したことがあるので、これは過去の感想です。部屋は快適でした。","","","Jinna Kuharuangrong"
"","FALSE","Google","4","2026-04-10","Been here 10 years ago, so this was a review of the past. The room was comfy.","","","10年前に宿泊したことがあるので、これは過去の感想です。部屋は快適でした。","","","Jinna Kuharuangrong","","FALSE","Google","4","2026-04-10","Been here 10 years ago, so this was a review of the past. The room was comfy.","","","10年前に宿泊したことがあるので、これは過去の感想です。部屋は快適でした。","","","Jinna Kuharuangrong"
"","FALSE","Booking.com","8","2026-04-09","","A+ amazing location for travelling round good access to rail links would deff stay again. spacious room and very reasonably priced would recommend","Little out dated but not enough I wouldn’t stay again","","A+ 素晴らしい立地で、周辺観光にも便利。鉄道へのアクセスも良く、間違いなくまた泊まりたい。部屋も広く、料金も非常にリーズナブル。おすすめです。","少し時代遅れではあるが、二度と泊まりたくないというほどではない","Richard","","FALSE","Booking.com","8","2026-04-09","","A+ amazing location for travelling round good access to rail links would deff stay again. spacious room and very reasonably priced would recommend","Little out dated but not enough I wouldn’t stay again","","A+ 素晴らしい立地で、周辺観光にも便利。鉄道へのアクセスも良く、間違いなくまた泊まりたい。部屋も広く、料金も非常にリーズナブル。おすすめです。","少し時代遅れではあるが、二度と泊まりたくないというほどではない","Richard"
"","FALSE","Booking.com","10","2026-04-09","","Bien situé. La gare de Mejiro est facilement accessible.  L'hôtel a un peu de vécu mais la chambre reste confortable et d'une taille correcte. Une fontaine bien pratique est disponible à l'étage.  Nous avons pu laisser nos bagages à la réception avant le check-in et après le checkout.","","","立地は良好です。目白駅へのアクセスも便利です。ホテル自体はやや古さを感じますが、部屋は快適で広さも十分です。同じフロアに便利な給水器があります。チェックイン前とチェックアウト後には、フロントで荷物を預けることができました。","","Rin10","","FALSE","Booking.com","10","2026-04-09","","Bien situé. La gare de Mejiro est facilement accessible.  L'hôtel a un peu de vécu mais la chambre reste confortable et d'une taille correcte. Une fontaine bien pratique est disponible à l'étage.  Nous avons pu laisser nos bagages à la réception avant le check-in et après le checkout.","","","立地は良好です。目白駅へのアクセスも便利です。ホテル自体はやや古さを感じますが、部屋は快適で広さも十分です。同じフロアに便利な給水器があります。チェックイン前とチェックアウト後には、フロントで荷物を預けることができました。","","Rin10"
"","FALSE","Booking.com","9","2026-04-08","","","","","","","Alejandra","","FALSE","Booking.com","9","2026-04-08","","","","","","","Alejandra"
"","FALSE","Booking.com","9","2026-04-08","","","","","","","Brianna","","FALSE","Booking.com","9","2026-04-08","","","","","","","Brianna"
"","FALSE","Booking.com","9","2026-04-08","","A clean hotel and less than 5 minutes walk from Mejiro Yamanote Line.. Just 2 stops away from Shinjuku","","","清潔なホテルで、目白山手線から徒歩5分以内。新宿までわずか2駅です。","","Prashanth","","FALSE","Booking.com","9","2026-04-08","","A clean hotel and less than 5 minutes walk from Mejiro Yamanote Line.. Just 2 stops away from Shinjuku","","","清潔なホテルで、目白山手線から徒歩5分以内。新宿までわずか2駅です。","","Prashanth"
"","FALSE","Trip.com","10","2026-04-08","何度もご利用させて頂いています。 いつも綺麗で快適に過ごせています。 目白駅も便利で次回もまた泊まりたいです。","","","何度もご利用させて頂いています。 いつも綺麗で快適に過ごせています。 目白駅も便利で次回もまた泊まりたいです。","","","ゲ‍ス‍ト","","FALSE","Trip.com","10","2026-04-08","何度もご利用させて頂いています。 いつも綺麗で快適に過ごせています。 目白駅も便利で次回もまた泊まりたいです。","","","何度もご利用させて頂いています。 いつも綺麗で快適に過ごせています。 目白駅も便利で次回もまた泊まりたいです。","","","ゲ‍ス‍ト"
"","FALSE","Agoda","8","2026-04-07","駅から近く、とても分かりやすい場所にあるので、雨の日の利用でしたが、移動に便利なホテルでした。とても、清潔感があり気持ち良く宿泊できました。ひとつ気になったのは、窓の結露が流れて行く先が無く、出窓にそのまま水がたまってしまうことです。置いていた折りたたみ傘のカバーが濡れてしまいました。(T_T)","","","駅から近く、とても分かりやすい場所にあるので、雨の日の利用でしたが、移動に便利なホテルでした。とても、清潔感があり気持ち良く宿泊できました。ひとつ気になったのは、窓の結露が流れて行く先が無く、出窓にそのまま水がたまってしまうことです。置いていた折りたたみ傘のカバーが濡れてしまいました。(T_T)","","","non","","FALSE","Agoda","8","2026-04-07","駅から近く、とても分かりやすい場所にあるので、雨の日の利用でしたが、移動に便利なホテルでした。とても、清潔感があり気持ち良く宿泊できました。ひとつ気になったのは、窓の結露が流れて行く先が無く、出窓にそのまま水がたまってしまうことです。置いていた折りたたみ傘のカバーが濡れてしまいました。(T_T)","","","駅から近く、とても分かりやすい場所にあるので、雨の日の利用でしたが、移動に便利なホテルでした。とても、清潔感があり気持ち良く宿泊できました。ひとつ気になったのは、窓の結露が流れて行く先が無く、出窓にそのまま水がたまってしまうことです。置いていた折りたたみ傘のカバーが濡れてしまいました。(T_T)","","","non"
"","FALSE","Booking.com","8","2026-04-07","","","","","","","Ailing","","FALSE","Booking.com","8","2026-04-07","","","","","","","Ailing"
"","FALSE","Booking.com","10","2026-04-07","","","","","","","Rosemarie","","FALSE","Booking.com","10","2026-04-07","","","","","","","Rosemarie"
"","FALSE","Trip.com","10","2026-04-07","Everything was excellent!","","","全てが素晴らしかった！","","","ゲ‍ス‍ト","","FALSE","Trip.com","10","2026-04-07","Everything was excellent!","","","全てが素晴らしかった！","","","ゲ‍ス‍ト"
"","FALSE","Trip.com","10","2026-04-06","Hotel G floor with laundry machine by pay, next door with a good restaurant","","","ホテルのG階には有料のランドリー設備があり、隣には良いレストランがあります。","","","ゲ‍ス‍ト","","FALSE","Trip.com","10","2026-04-06","Hotel G floor with laundry machine by pay, next door with a good restaurant","","","ホテルのG階には有料のランドリー設備があり、隣には良いレストランがあります。","","","ゲ‍ス‍ト"
"","FALSE","Booking.com","10","2026-04-05","","","","","","","Miwa","","FALSE","Booking.com","10","2026-04-05","","","","","","","Miwa"
"","FALSE","Booking.com","10","2026-04-05","","","","","","","Kyu","","FALSE","Booking.com","10","2026-04-05","","","","","","","Kyu"
"","FALSE","じゃらん","5","2026-04-05","子供と泊まりました。  清潔で、ホテルの方も親切でした。  子供のパジャマなどのセットがついているのも良いです","","","子供と泊まりました。  清潔で、ホテルの方も親切でした。  子供のパジャマなどのセットがついているのも良いです","","","うたこさん","","FALSE","じゃらん","5","2026-04-05","子供と泊まりました。  清潔で、ホテルの方も親切でした。  子供のパジャマなどのセットがついているのも良いです","","","子供と泊まりました。  清潔で、ホテルの方も親切でした。  子供のパジャマなどのセットがついているのも良いです","","","うたこさん"
"","FALSE","楽天トラベル","5","2026-04-05","部屋がとても広かったです。 ガストの朝食バイキングも良かったです。","","","部屋がとても広かったです。 ガストの朝食バイキングも良かったです。","","","三毛猫405","","FALSE","楽天トラベル","5","2026-04-05","部屋がとても広かったです。 ガストの朝食バイキングも良かったです。","","","部屋がとても広かったです。 ガストの朝食バイキングも良かったです。","","","三毛猫405"
"","FALSE","Booking.com","5","2026-04-04","","","","","","","黒木","","FALSE","Booking.com","5","2026-04-04","","","","","","","黒木"
"","FALSE","Google","5","2026-04-04","","","","","","","Enjoy8572","","FALSE","Google","5","2026-04-04","","","","","","","Enjoy8572"
"","FALSE","Trip.com","9","2026-04-04","Satisfied","","","満足","","","ゲ‍ス‍ト","","FALSE","Trip.com","9","2026-04-04","Satisfied","","","満足","","","ゲ‍ス‍ト"
"","FALSE","Booking.com","8","2026-04-04","","Hoe vriendelijk het personeel was. Dat je sochtend lekker aan een buffet kan aanschuiven en dat het hotel dicht bij de metro zit in een rustig gedeelte van tokio","De kussens waren iets te hard voor mijn doen maar niet zo slecht dat ik niet kon slapen","","スタッフの対応がとても親切でした。朝食には美味しいビュッフェが楽しめ、ホテルは東京の静かなエリアにありながら地下鉄の駅にも近いのが良かったです。","枕は私の好みより少し硬かったけれど、眠れないほどではなかった。","Nieuwendijk","","FALSE","Booking.com","8","2026-04-04","","Hoe vriendelijk het personeel was. Dat je sochtend lekker aan een buffet kan aanschuiven en dat het hotel dicht bij de metro zit in een rustig gedeelte van tokio","De kussens waren iets te hard voor mijn doen maar niet zo slecht dat ik niet kon slapen","","スタッフの対応がとても親切でした。朝食には美味しいビュッフェが楽しめ、ホテルは東京の静かなエリアにありながら地下鉄の駅にも近いのが良かったです。","枕は私の好みより少し硬かったけれど、眠れないほどではなかった。","Nieuwendijk"
"","FALSE","Google","5","2026-04-04","","","","","","","TJ-xAonamix","","FALSE","Google","5","2026-04-04","","","","","","","TJ-xAonamix"
"","FALSE","Booking.com","8","2026-04-03","","Location","A bit expensive but it’s likely because we booked during the Sakura season","","位置","少し高かったけど、桜の季節に予約したからだろう。","Kathrine","","FALSE","Booking.com","8","2026-04-03","","Location","A bit expensive but it’s likely because we booked during the Sakura season","","位置","少し高かったけど、桜の季節に予約したからだろう。","Kathrine"
"","FALSE","じゃらん","5","2026-04-03","都内を旅行する際はいつも決まったホテルに泊まることが多いのですが、今回は息子の入学式の会場が近いこちらのホテルを初めて利用させていただきました。  宿泊した感想は簡単に言うととても良かったです！  まず、スタッフの方々の丁寧な対応が素晴らしく、好印象でした。  色々なホテルを利用してきましたが、忙しかったりすると横柄な対応をするスタッフさんおり嫌な思いをしたこともありましたが、こちらのスタッフの方々はすごく丁寧ですごく好印象でした！  また、お風呂もゆったり入れるサイズ感、洗い場もしっかりあり、トイレとは別なのが大変よかったです！  都内観光をすると沢山歩いて疲れるので、足を伸ばしてゆったり入れるお風呂は最高でした！  ホテル滞在中はいつも朝夕お風呂に入ることが多いので、お風呂のゆったりさは本当に良かったです！  そして、お部屋も清潔でベットの寝心地もよく、疲れた体をゆっくり休めることができました。  朝食はホテル2階にあるガストでゆったり食べることができ大満足でした！  ブュッフェスタイルで、自分が好きなものを好きなだけ食べられるのが子どもがいる家族旅行では助かります。  いつも補充され、あれ？食べたいのにこれがない？ということがなかったので楽しく食事ができました！  お部屋に紙コップで飲み物を一杯持っていける券があったのもとても嬉しかったです。  そして、今回は余裕を持ってパッキングしなかったのでいつも持って行く洗顔クリームなど、アメニティを忘れたこともあり、フロント付近にアメニティがあるのも助かりました！  雪肌精なのが嬉しかったです！ボディーソープも良い香りで癒されました！  バスソルトも嬉しかったです！！  今回は初めてと言うことでお安くなっていたお部屋を予約しましたが、別のお部屋にも泊まってみたいと感じました。  チェックアウトの際も荷物を預かっていただき、そこでもとても丁寧な対応ありがとうございました！  色んな国、色々な方が利用するので大変なこともあるかと思いますが今後も頑張ってくださいね！  良い思い出をありがとうございました！","","","都内を旅行する際はいつも決まったホテルに泊まることが多いのですが、今回は息子の入学式の会場が近いこちらのホテルを初めて利用させていただきました。  宿泊した感想は簡単に言うととても良かったです！  まず、スタッフの方々の丁寧な対応が素晴らしく、好印象でした。  色々なホテルを利用してきましたが、忙しかったりすると横柄な対応をするスタッフさんおり嫌な思いをしたこともありましたが、こちらのスタッフの方々はすごく丁寧ですごく好印象でした！  また、お風呂もゆったり入れるサイズ感、洗い場もしっかりあり、トイレとは別なのが大変よかったです！  都内観光をすると沢山歩いて疲れるので、足を伸ばしてゆったり入れるお風呂は最高でした！  ホテル滞在中はいつも朝夕お風呂に入ることが多いので、お風呂のゆったりさは本当に良かったです！  そして、お部屋も清潔でベットの寝心地もよく、疲れた体をゆっくり休めることができました。  朝食はホテル2階にあるガストでゆったり食べることができ大満足でした！  ブュッフェスタイルで、自分が好きなものを好きなだけ食べられるのが子どもがいる家族旅行では助かります。  いつも補充され、あれ？食べたいのにこれがない？ということがなかったので楽しく食事ができました！  お部屋に紙コップで飲み物を一杯持っていける券があったのもとても嬉しかったです。  そして、今回は余裕を持ってパッキングしなかったのでいつも持って行く洗顔クリームなど、アメニティを忘れたこともあり、フロント付近にアメニティがあるのも助かりました！  雪肌精なのが嬉しかったです！ボディーソープも良い香りで癒されました！  バスソルトも嬉しかったです！！  今回は初めてと言うことでお安くなっていたお部屋を予約しましたが、別のお部屋にも泊まってみたいと感じました。  チェックアウトの際も荷物を預かっていただき、そこでもとても丁寧な対応ありがとうございました！  色んな国、色々な方が利用するので大変なこともあるかと思いますが今後も頑張ってくださいね！  良い思い出をありがとうございました！","","","マディさん","","FALSE","じゃらん","5","2026-04-03","都内を旅行する際はいつも決まったホテルに泊まることが多いのですが、今回は息子の入学式の会場が近いこちらのホテルを初めて利用させていただきました。  宿泊した感想は簡単に言うととても良かったです！  まず、スタッフの方々の丁寧な対応が素晴らしく、好印象でした。  色々なホテルを利用してきましたが、忙しかったりすると横柄な対応をするスタッフさんおり嫌な思いをしたこともありましたが、こちらのスタッフの方々はすごく丁寧ですごく好印象でした！  また、お風呂もゆったり入れるサイズ感、洗い場もしっかりあり、トイレとは別なのが大変よかったです！  都内観光をすると沢山歩いて疲れるので、足を伸ばしてゆったり入れるお風呂は最高でした！  ホテル滞在中はいつも朝夕お風呂に入ることが多いので、お風呂のゆったりさは本当に良かったです！  そして、お部屋も清潔でベットの寝心地もよく、疲れた体をゆっくり休めることができました。  朝食はホテル2階にあるガストでゆったり食べることができ大満足でした！  ブュッフェスタイルで、自分が好きなものを好きなだけ食べられるのが子どもがいる家族旅行では助かります。  いつも補充され、あれ？食べたいのにこれがない？ということがなかったので楽しく食事ができました！  お部屋に紙コップで飲み物を一杯持っていける券があったのもとても嬉しかったです。  そして、今回は余裕を持ってパッキングしなかったのでいつも持って行く洗顔クリームなど、アメニティを忘れたこともあり、フロント付近にアメニティがあるのも助かりました！  雪肌精なのが嬉しかったです！ボディーソープも良い香りで癒されました！  バスソルトも嬉しかったです！！  今回は初めてと言うことでお安くなっていたお部屋を予約しましたが、別のお部屋にも泊まってみたいと感じました。  チェックアウトの際も荷物を預かっていただき、そこでもとても丁寧な対応ありがとうございました！  色んな国、色々な方が利用するので大変なこともあるかと思いますが今後も頑張ってくださいね！  良い思い出をありがとうございました！","","","都内を旅行する際はいつも決まったホテルに泊まることが多いのですが、今回は息子の入学式の会場が近いこちらのホテルを初めて利用させていただきました。  宿泊した感想は簡単に言うととても良かったです！  まず、スタッフの方々の丁寧な対応が素晴らしく、好印象でした。  色々なホテルを利用してきましたが、忙しかったりすると横柄な対応をするスタッフさんおり嫌な思いをしたこともありましたが、こちらのスタッフの方々はすごく丁寧ですごく好印象でした！  また、お風呂もゆったり入れるサイズ感、洗い場もしっかりあり、トイレとは別なのが大変よかったです！  都内観光をすると沢山歩いて疲れるので、足を伸ばしてゆったり入れるお風呂は最高でした！  ホテル滞在中はいつも朝夕お風呂に入ることが多いので、お風呂のゆったりさは本当に良かったです！  そして、お部屋も清潔でベットの寝心地もよく、疲れた体をゆっくり休めることができました。  朝食はホテル2階にあるガストでゆったり食べることができ大満足でした！  ブュッフェスタイルで、自分が好きなものを好きなだけ食べられるのが子どもがいる家族旅行では助かります。  いつも補充され、あれ？食べたいのにこれがない？ということがなかったので楽しく食事ができました！  お部屋に紙コップで飲み物を一杯持っていける券があったのもとても嬉しかったです。  そして、今回は余裕を持ってパッキングしなかったのでいつも持って行く洗顔クリームなど、アメニティを忘れたこともあり、フロント付近にアメニティがあるのも助かりました！  雪肌精なのが嬉しかったです！ボディーソープも良い香りで癒されました！  バスソルトも嬉しかったです！！  今回は初めてと言うことでお安くなっていたお部屋を予約しましたが、別のお部屋にも泊まってみたいと感じました。  チェックアウトの際も荷物を預かっていただき、そこでもとても丁寧な対応ありがとうございました！  色んな国、色々な方が利用するので大変なこともあるかと思いますが今後も頑張ってくださいね！  良い思い出をありがとうございました！","","","マディさん"
"","FALSE","Trip.com","10","2026-04-02","My daughter and I left some luggages at the hotel and came back to stay for another 3 more nights.  The hotel did not disappoint us.  Once we checked in, our stored luggages were already in our room,  The room type was the same and was very clean as well.  Overall, really pleasant with the stay, except on 2 of the days when we tried to go for breakfast around 10am, we were 1st rejected as the staff said it was already closed (but the breakfast coupon stated breakfast time 6:30-10:30am.  After some protest, we were allowed to go in and had our breakfast.  Other than that, all were well.  Will still be a good choice to stay in Tokyo and will definitely come back again.","","","娘と私はホテルに荷物を預け、さらに3泊滞在するために戻ってきました。ホテルは期待を裏切りませんでした。チェックインすると、預けていた荷物はすでに部屋に運ばれており、部屋の種類も以前と同じで、とても清潔でした。全体的にとても快適な滞在でしたが、2日間、午前10時頃に朝食を食べに行こうとしたところ、スタッフに「もう閉まっています」と言われて最初は断られました（朝食券には午前6時30分から10時30分までと記載されていました）。抗議した後、入店を許可され、朝食をとることができました。それ以外はすべて順調でした。東京に滞在するならこのホテルは良い選択肢であり、間違いなくまた利用したいと思います。","","","a‍m‍y‍c‍h‍o‍w‍k‍w","","FALSE","Trip.com","10","2026-04-02","My daughter and I left some luggages at the hotel and came back to stay for another 3 more nights.  The hotel did not disappoint us.  Once we checked in, our stored luggages were already in our room,  The room type was the same and was very clean as well.  Overall, really pleasant with the stay, except on 2 of the days when we tried to go for breakfast around 10am, we were 1st rejected as the staff said it was already closed (but the breakfast coupon stated breakfast time 6:30-10:30am.  After some protest, we were allowed to go in and had our breakfast.  Other than that, all were well.  Will still be a good choice to stay in Tokyo and will definitely come back again.","","","娘と私はホテルに荷物を預け、さらに3泊滞在するために戻ってきました。ホテルは期待を裏切りませんでした。チェックインすると、預けていた荷物はすでに部屋に運ばれており、部屋の種類も以前と同じで、とても清潔でした。全体的にとても快適な滞在でしたが、2日間、午前10時頃に朝食を食べに行こうとしたところ、スタッフに「もう閉まっています」と言われて最初は断られました（朝食券には午前6時30分から10時30分までと記載されていました）。抗議した後、入店を許可され、朝食をとることができました。それ以外はすべて順調でした。東京に滞在するならこのホテルは良い選択肢であり、間違いなくまた利用したいと思います。","","","a‍m‍y‍c‍h‍o‍w‍k‍w"
"","FALSE","じゃらん","5","2026-04-02","とにかく部屋が最高です！  お風呂と部屋も広くて旅の疲れが吹っ飛びます！  近くにコンビニもあり駅からも近くリピートしております！  また、東京旅行がありましたら、利用します(^^)","","","とにかく部屋が最高です！  お風呂と部屋も広くて旅の疲れが吹っ飛びます！  近くにコンビニもあり駅からも近くリピートしております！  また、東京旅行がありましたら、利用します(^^)","","","ありささん","","FALSE","じゃらん","5","2026-04-02","とにかく部屋が最高です！  お風呂と部屋も広くて旅の疲れが吹っ飛びます！  近くにコンビニもあり駅からも近くリピートしております！  また、東京旅行がありましたら、利用します(^^)","","","とにかく部屋が最高です！  お風呂と部屋も広くて旅の疲れが吹っ飛びます！  近くにコンビニもあり駅からも近くリピートしております！  また、東京旅行がありましたら、利用します(^^)","","","ありささん"
"","FALSE","Trip.com","10","2026-04-01","3 min walk to Meijiro station which is on JR line and will bring you to all major attractions. The hotel looks a bit dated due to decor, however pevides everything you’ll need. Staff is trying best to help.","","","JR線の明治路駅まで徒歩3分。主要観光スポットへのアクセスも抜群です。内装はやや古さを感じさせますが、必要なものはすべて揃っています。スタッフは親切丁寧に対応してくれます。","","","ゲ‍ス‍ト","","FALSE","Trip.com","10","2026-04-01","3 min walk to Meijiro station which is on JR line and will bring you to all major attractions. The hotel looks a bit dated due to decor, however pevides everything you’ll need. Staff is trying best to help.","","","JR線の明治路駅まで徒歩3分。主要観光スポットへのアクセスも抜群です。内装はやや古さを感じさせますが、必要なものはすべて揃っています。スタッフは親切丁寧に対応してくれます。","","","ゲ‍ス‍ト"
"","FALSE","Booking.com","8","2026-04-01","","Grand hotel sympa. Equipements gratuits (creme, thé, brosse à dents…) Distributeur d’eau chaude ou froide à chaque étage. A coté de Shubya. Super calme","","","広くて素敵なホテルです。アメニティ（クリーム、紅茶、歯ブラシなど）は無料です。各階に温水・冷水ディスペンサーがあります。シュビャのすぐ隣です。とても静かです。","","Sandra","","FALSE","Booking.com","8","2026-04-01","","Grand hotel sympa. Equipements gratuits (creme, thé, brosse à dents…) Distributeur d’eau chaude ou froide à chaque étage. A coté de Shubya. Super calme","","","広くて素敵なホテルです。アメニティ（クリーム、紅茶、歯ブラシなど）は無料です。各階に温水・冷水ディスペンサーがあります。シュビャのすぐ隣です。とても静かです。","","Sandra"
"","FALSE","Trip.com","8","2026-03-31","The location of the hotel was great. It was easily accessible to all the attractions.","","","ホテルの立地は最高でした。観光スポットへのアクセスも抜群でした。","","","匿‍名‍ユ‍ー‍ザ‍ー","","","","","","","","","","","",""
"","FALSE","楽天トラベル","4","2026-03-31","ベッドが少し堅かった。","","","ベッドが少し堅かった。","","","甘口さしみ醤油","","","","","","","","","","","",""
"","FALSE","Trip.com","10","2026-03-31","The room is big and clean… will stay at this hotel if we go to Tokyo again 👍🏻","","","部屋は広くて清潔です…また東京に行く機会があれば、このホテルに泊まります👍🏻","","","ゲ‍ス‍ト","","","","","","","","","","","",""
"","FALSE","Trip.com","9","2026-03-31","OMG we cannot sleep well aircon very noisy. Really disturbed us . Anyways called the staff they are very approachable and appreciate there action but aircon still noisy . The rest are good . Like the food so many  choices.","","","ああ、エアコンの音がうるさくてよく眠れません。本当に邪魔されました。とにかくスタッフに電話したら、とても親切に対応してくれて、対応してくれたのはありがたかったのですが、エアコンの音は相変わらずうるさいです。それ以外は良かったです。食事の種類も豊富で気に入りました。","","","ゲ‍ス‍ト","","","","","","","","","","","",""
"","FALSE","Booking.com","10","2026-03-31","","Great location","Nothing","","絶好のロケーション","何もない","Diana","","","","","","","","","","","",""
"","FALSE","じゃらん","4","2026-03-31","子どもと2人旅で利用させていただきました。チェックイン時間が遅めだったので大丈夫かなと思いましたが快く荷物を預かってくださり、部屋まで運んでくれてとても助かりました。チェックイン後、アメニティを選んでいたらスタッフの方が子供用の可愛いアメニティを持ってきてくださり、その他にも塗り絵や絵本など子どもが喜ぶ物が色々用意されていてありがたかったです。スタッフの方々も笑顔で気軽に話しかけてくださり、安心して過ごすことができました。朝食はガストのビュッフェでした。パンにご飯に麺にとても種類が多かったです。また池袋に遊びに行く時にはこちらのホテルを利用しようと思います。","","","子どもと2人旅で利用させていただきました。チェックイン時間が遅めだったので大丈夫かなと思いましたが快く荷物を預かってくださり、部屋まで運んでくれてとても助かりました。チェックイン後、アメニティを選んでいたらスタッフの方が子供用の可愛いアメニティを持ってきてくださり、その他にも塗り絵や絵本など子どもが喜ぶ物が色々用意されていてありがたかったです。スタッフの方々も笑顔で気軽に話しかけてくださり、安心して過ごすことができました。朝食はガストのビュッフェでした。パンにご飯に麺にとても種類が多かったです。また池袋に遊びに行く時にはこちらのホテルを利用しようと思います。","","","えりこさん","","","","","","","","","","","",""
"","FALSE","Google","1","2026-03-30","汚いです","","","汚いです","","","ハクサイ","","","","","","","","","","","",""
"","FALSE","Booking.com","8","2026-03-30","","Fantastic location and great room. Very quiet and peaceful and the staff were really nice. You can’t ask for a better location in Tokyo than this. Loved the robots and the iPad ordering for dinner. Great to have the restaurant so close to the hotel.","The breakfast is super interesting. Very busy and strange western options. We enjoyed it because we are relaxed people but you do need to go with an open mind.","","最高のロケーションと素晴らしいお部屋でした。とても静かで落ち着いた雰囲気で、スタッフの方々も本当に親切でした。東京でこれ以上良いロケーションは望めないでしょう。ロボットとiPadで夕食を注文できるシステムも気に入りました。ホテルのすぐ近くにレストランがあるのも最高です。","朝食はすごく面白かったです。とても賑やかで、変わった洋食メニューがたくさんありました。私たちは気楽な性格なので楽しめましたが、先入観を持たずに臨むことをお勧めします。","Deanne","","","","","","","","","","","",""
"","FALSE","じゃらん","1","2026-03-30","空調が故障していて、室温が暑い。対応をフロントに依頼しました。待っている間、廊下とのドアを空けっ放しにし、対応が終わったのが、深夜0時をまわっていて、身体が休まりませんでしま。","","","空調が故障していて、室温が暑い。対応をフロントに依頼しました。待っている間、廊下とのドアを空けっ放しにし、対応が終わったのが、深夜0時をまわっていて、身体が休まりませんでしま。","","","いっち〜さん","","","","","","","","","","","",""
"","FALSE","Trip.com","10","2026-03-29","Tuyệt vời","","","素晴らしい","","","V‍â‍n‍ ‍N‍g‍u‍y‍ễ‍n‍ ‍0‍7","","","","","","","","","","","",""
"","FALSE","Trip.com","10","2026-03-29","The location is near a train station.  The room is bigger than we expected.","","","駅の近くという立地です。部屋は予想以上に広かったです。","","","J‍u‍t‍z","","","","","","","","","","","",""
"","FALSE","じゃらん","4","2026-03-29","朝早い出発で朝食をとる時間がなかったので、ホテルのオリジナルケーキに引き換えました。チョコとオレンジのケーキでした。とてもおいしかったので、ホテルのグッズとして販売してほしいくらいです。","","","朝早い出発で朝食をとる時間がなかったので、ホテルのオリジナルケーキに引き換えました。チョコとオレンジのケーキでした。とてもおいしかったので、ホテルのグッズとして販売してほしいくらいです。","","","さんださん","","","","","","","","","","","",""
"","FALSE","Trip.com","8","2026-03-28","離目白車站近，出站左轉走約三、五分鐘，比較好找。房間雖小，基本設施齊全，性價比可以，去池袋十分方便。有洗漱用品、小袋化粧水、洗面奶等，咖啡放抽屜裏，需要的話問服務員要。","","","目白駅からすぐ近く、駅を出て左へ徒歩3～5分なので、簡単に見つけることができます。部屋は小さいですが、基本的なアメニティはすべて揃っているので、コストパフォーマンスに優れています。池袋へのアクセスも非常に便利です。洗面用具、化粧水、洗顔料の小袋が備え付けられています。コーヒーは引き出しに入っているので、必要な場合はスタッフにお申し付けください。","","","ゲ‍ス‍ト","","","","","","","","","","","",""
"","FALSE","Booking.com","8","2026-03-28","","","","","","","Sopheak","","","","","","","","","","","",""
"","FALSE","Booking.com","5","2026-03-28","","駅から近かった。","最初は、洗濯機の音が煩いと思っていたが、換気扇の音だった。　煩くて眠れなかった！","","駅から近かった。","最初は、洗濯機の音が煩いと思っていたが、換気扇の音だった。　煩くて眠れなかった！","平野hirano","","","","","","","","","","","",""
"","FALSE","Trip.com","10","2026-03-27","Hotel be ubicato. Servizio molto buono, camere pulite . Tornerò sicuramente! Unica pecca forse camere un po piccole.","","","ホテルは立地が良く、サービスも素晴らしく、部屋も清潔です。必ずまた利用します！唯一の難点は、部屋が少し狭いことです。","","","ゲ‍ス‍ト","","","","","","","","","","","",""
"","FALSE","Google","5","2026-03-27","素敵でお手頃価格","","","素敵でお手頃価格","","","Daniel Cardenas","","","","","","","","","","","",""
"","FALSE","Trip.com","9","2026-03-27","這次住6天5夜 本以為離車站很遠 但實際走2、3分鐘就到了 是ㄧ間cp值很高的飯店 安靜、離車站近、環境舒服 早餐豐富  下次會考慮再住","","","今回は6日間5泊しました。駅から遠いと思っていましたが、実際は徒歩2～3分ほどでした。コストパフォーマンスが非常に高いホテルです。静かで駅にも近く、快適な環境で、朝食も充実しています。次回もまた利用したいと思います。","","","ゲ‍ス‍ト","","","","","","","","","","","",""
"","FALSE","Trip.com","10","2026-03-27","房間很不錯 酒店負一層有投幣的洗衣機 500日圓就可以把衣服洗凈烘乾 非常方便 前台服務職員非常溫馨 服務態度很好","","","部屋はとても快適でした。地下にはコインランドリーがあり、洗濯乾燥がたったの500円で済んだので大変便利でした。フロントのスタッフもとても親切で、素晴らしいサービスを提供してくれました。","","","匿‍名‍ユ‍ー‍ザ‍ー","","","","","","","","","","","",""
"","FALSE","楽天トラベル","4","2026-03-27","駅から非常に近く、雨が降ってきたときは特に助かりました。また、ホテルの周りの商店街には大変魅力的なお店が多く、夕食をどこでとるか非常に悩むくらいでした。部屋はやや年季が入っていますが、きれいに掃除されておりました。理由はわかりませんが、廊下とバスルームの室温が高く、ときに暑く感じるほどでした。朝食は非常に混む時間帯がありますが、それをうまく避けられれば、落ち着いて食べることができます。近くに用事のある時は、また利用したいと思わせる場所でした。ありがとうございました。","","","駅から非常に近く、雨が降ってきたときは特に助かりました。また、ホテルの周りの商店街には大変魅力的なお店が多く、夕食をどこでとるか非常に悩むくらいでした。部屋はやや年季が入っていますが、きれいに掃除されておりました。理由はわかりませんが、廊下とバスルームの室温が高く、ときに暑く感じるほどでした。朝食は非常に混む時間帯がありますが、それをうまく避けられれば、落ち着いて食べることができます。近くに用事のある時は、また利用したいと思わせる場所でした。ありがとうございました。","","","不明","","","","","","","","","","","",""
"","FALSE","Booking.com","8","2026-03-27","","離地鐵站很近 交通方便","","","地下鉄の駅にとても近く、交通の便が良いです。","","Hsin","","","","","","","","","","","",""
"","FALSE","Google","5","2026-03-27","素敵で経済的","","","素敵で経済的","","","Daniel Cardenas","","","","","","","","","","","",""
"","FALSE","Trip.com","10","2026-03-27","飯店在JR山手線目白站出來左手邊走路2分鐘的地方，途中還有一間LAWSON且離池袋一站、新宿三站非常方便，接近櫻花季的時間好險有提早訂，價格還是蠻划算的。 房間比APA大，有空間可以把2個29吋行李箱打開來整理，打掃的也很乾淨，電視還可以airplay，沒得挑剔👍","","","ホテルはJR山手線目白駅から徒歩2分、左手にあります。途中にローソンがあり、池袋から1駅、新宿から3駅と非常に便利な立地です。桜の季節に近い時期に早めに予約しておいて正解でした。料金もかなりリーズナブルでした。部屋はAPAよりも広く、29インチのスーツケース2個を広げるのに十分なスペースがありました。とても清潔で、テレビにはAirPlay機能も付いていました。まさに完璧！👍","","","M‍i‍c‍h‍a‍e‍l‍7‍2‍3","","","","","","","","","","","",""
"","FALSE","じゃらん","4","2026-03-27","初めて娘と二人での東京1泊旅で利用しました。  家族旅行(夫と一緒)の時は車移動なので荷物の心配はありませんでしたが、今回は電車移動だったため、駅から近くてわかりやすいということと、何より都心のホテルなのに和室があるということが決め手となりこちらを選びました。  短い時間とはいえ靴を脱いで過ごせるのは本当にリラックスでき、部屋もお風呂もとても広くて、東京のホテルとは思えないほどでした！  自宅以外のベッドだとあまりよく眠れないと言っていた娘も、「ここのはちゃんと寝れた」と喜んでいました。ただ、目が覚めた後から、部屋の外でガタゴトとうるさい音がしているのが気になり、朝からなんだろう？と思っていたのですが、朝食を食べるため廊下に出たところ、4〜5名の方が掃除やら補修のようなことをしていて、そこはマイナスな点だったかなと思います。(もちろん掃除するのは仕方ありませんが、、、)  ガストでは、バイキングなのでついつい食べ過ぎてしまいましたが、ソファ椅子なのでゆっくりできて良かったです。  チェックイン前とチェックイン後に荷物を預かっていただき、身軽に２日間東京旅を満喫できてありがたかったです。また東京に行くときはぜひ利用したいです。  部屋のTVが普通の地デジが映らなくてBS?は観られたのですが、たまたまだったんですかね、、、？","","","初めて娘と二人での東京1泊旅で利用しました。  家族旅行(夫と一緒)の時は車移動なので荷物の心配はありませんでしたが、今回は電車移動だったため、駅から近くてわかりやすいということと、何より都心のホテルなのに和室があるということが決め手となりこちらを選びました。  短い時間とはいえ靴を脱いで過ごせるのは本当にリラックスでき、部屋もお風呂もとても広くて、東京のホテルとは思えないほどでした！  自宅以外のベッドだとあまりよく眠れないと言っていた娘も、「ここのはちゃんと寝れた」と喜んでいました。ただ、目が覚めた後から、部屋の外でガタゴトとうるさい音がしているのが気になり、朝からなんだろう？と思っていたのですが、朝食を食べるため廊下に出たところ、4〜5名の方が掃除やら補修のようなことをしていて、そこはマイナスな点だったかなと思います。(もちろん掃除するのは仕方ありませんが、、、)  ガストでは、バイキングなのでついつい食べ過ぎてしまいましたが、ソファ椅子なのでゆっくりできて良かったです。  チェックイン前とチェックイン後に荷物を預かっていただき、身軽に２日間東京旅を満喫できてありがたかったです。また東京に行くときはぜひ利用したいです。  部屋のTVが普通の地デジが映らなくてBS?は観られたのですが、たまたまだったんですかね、、、？","","","ちゃりままさん","","","","","","","","","","","",""
"","FALSE","Trip.com","10","2026-03-26","I would highly recommend this hotel for anyone visiting Tokyo for a short term stay. The room is nice with amenities such as comfortable beds, AC, a clean bathroom, and a large TV. The staff are also very nice and helpful. You also get free breakfast for each day you stay. The breakfast is really good with many options to choose from. There is also a laundry room in case you need to do laundry. Finally, the location is really nice since it is close to Meijiro Station.","","","東京に短期滞在される方には、このホテルを強くお勧めします。快適なベッド、エアコン、清潔なバスルーム、大型テレビなど、設備が整った素敵なお部屋です。スタッフの方々もとても親切で親身になって対応してくれます。滞在中は毎日無料の朝食が付いてきます。朝食は種類も豊富でとても美味しいです。洗濯が必要な場合は、ランドリールームも利用できます。そして何より、明治路駅に近いという立地の良さが魅力です。","","","ゲ‍ス‍ト","","","","","","","","","","","",""
"","FALSE","Booking.com","7","2026-03-26","","","","","","","Moritz","","","","","","","","","","","",""
"","FALSE","じゃらん","3","2026-03-26","親子三世代で利用しました  トルプル部屋の為少し狭く感じましたが使いやすくて良かったです。  フロントの対応も感じ良かったです。  朝食付き(二階のガスト)も良かったです","","","親子三世代で利用しました  トルプル部屋の為少し狭く感じましたが使いやすくて良かったです。  フロントの対応も感じ良かったです。  朝食付き(二階のガスト)も良かったです","","","ちっちゃんさん","","","","","","","","","","","",""
"","FALSE","Trip.com","9","2026-03-25","利用した部屋は清潔で満足できました。何か書き残す事を絞り出すとすれば、宿泊代金は先に決済を済ませていたので、身一つで伺えば済むと思っていたところ、チェックイン時に宿泊税とやらを徴収された事。領収書は出ますが、先に決算した宿泊料の領収書と当日払った宿泊税の領収書が分かれる事が無く、先に纏めて徴収する事はできないものでしょうか？","","","利用した部屋は清潔で満足できました。何か書き残す事を絞り出すとすれば、宿泊代金は先に決済を済ませていたので、身一つで伺えば済むと思っていたところ、チェックイン時に宿泊税とやらを徴収された事。領収書は出ますが、先に決算した宿泊料の領収書と当日払った宿泊税の領収書が分かれる事が無く、先に纏めて徴収する事はできないものでしょうか？","","","ゲ‍ス‍ト","","","","","","","","","","","",""
"","FALSE","Agoda","10","2026-03-25","二泊しましたが駅近で便利。 部屋は清潔で25㎡とやや広め、 浴槽とシャワーが別々、 スタッフ対応も良く非常に満足しました。","","","二泊しましたが駅近で便利。 部屋は清潔で25㎡とやや広め、 浴槽とシャワーが別々、 スタッフ対応も良く非常に満足しました。","","","徹","","","","","","","","","","","",""
"","FALSE","楽天トラベル","4","2026-03-25","2回目の利用。  前回よりも広い部屋だったので、更にのんびり過ごせてよかった。 また機会があれば利用したいと思います。","","","2回目の利用。  前回よりも広い部屋だったので、更にのんびり過ごせてよかった。 また機会があれば利用したいと思います。","","","tomoki_000","","","","","","","","","","","",""
"","FALSE","楽天トラベル","4","2026-03-25","2回目の利用。  前回よりも広い部屋だったので、更にのんびり過ごせてよかった。 また機会があれば利用したいと思います。  今回、ウェルカムドリンクの券をもらえなかったのは、素泊まりだったからでしょうか？","","","2回目の利用。  前回よりも広い部屋だったので、更にのんびり過ごせてよかった。 また機会があれば利用したいと思います。  今回、ウェルカムドリンクの券をもらえなかったのは、素泊まりだったからでしょうか？","","","tomoki_000","","","","","","","","","","","",""
"","FALSE","Trip.com","10","2026-03-24","Lovely simple breakfast and room space is good enough for the group. Washing machine is at the B1 level","","","素敵なシンプルな朝食で、部屋もグループには十分な広さです。洗濯機は地下1階にあります。","","","匿‍名‍ユ‍ー‍ザ‍ー","","","","","","","","","","","",""
"","FALSE","Booking.com","9","2026-03-24","","Cama muy cómoda y personal muy agradable. El desayuno estaba muy bien para el precio que tenía. Está cerca de una estación muy bien comunicada.","","","ベッドはとても快適で、スタッフもとても親切でした。朝食も値段の割にとても美味しかったです。交通の便の良い駅にも近いです。","","Judit","","","","","","","","","","","",""
"","FALSE","Trip.com","10","2026-03-23","設施：應有具有，每層的樓梯口都有飲水機可以喝到温水 衞生：非常好 環境：很棒，附近有松本清，cocona,紅色羅森。還有cafe 快餐店，和果子寬永堂，咖啡伴茶夢，法甜，自釀威士忌等等的。目白站出來走3分鐘就到了，非常方便","","","設備：必要なアメニティはすべて揃っており、各階段の下には温水が出る給水器も設置されています。衛生状態：良好。環境：素晴らしい。近隣には松本清、ココナ、赤いローソンコンビニエンスストアがあります。その他にもカフェ、ファストフード店、和菓子店、コーヒーショップ、フランス菓子店、自家製ウイスキー店などがあります。目白駅から徒歩わずか3分と大変便利です。","","","ゲ‍ス‍ト","","","","","","","","","","","",""
"","FALSE","Trip.com","10","2026-03-23","綺麗なのとアニメティが充実していて、スタッフの対応ロケーションも最高でした！後値段もお手頃でした！ 窓がない部屋だったので寝泊まりだけでは充分ですがホテル滞在メインだと部屋有りのとこがいいかもです！","","","綺麗なのとアニメティが充実していて、スタッフの対応ロケーションも最高でした！後値段もお手頃でした！ 窓がない部屋だったので寝泊まりだけでは充分ですがホテル滞在メインだと部屋有りのとこがいいかもです！","","","ゲ‍ス‍ト","","","","","","","","","","","",""
"","FALSE","Booking.com","9","2026-03-23","","","","","","","Low","","","","","","","","","","","",""
"","FALSE","楽天トラベル","3","2026-03-23","部屋の大窓が隣接ビルの兼ね合いで完全目隠しされており、圧迫感閉そく感がどうにもならなかった。部屋に居たくない時間帯は近隣のカフェ等で控えているしかなく、ガストのお茶券はいただいていたが、イザ入店となると使いづらく、食事にかこつける必要を感じた。そのガストの朝食は代金に見合っていてなかなか良かった。","","","部屋の大窓が隣接ビルの兼ね合いで完全目隠しされており、圧迫感閉そく感がどうにもならなかった。部屋に居たくない時間帯は近隣のカフェ等で控えているしかなく、ガストのお茶券はいただいていたが、イザ入店となると使いづらく、食事にかこつける必要を感じた。そのガストの朝食は代金に見合っていてなかなか良かった。","","","不明","","","","","","","","","","","",""
"","FALSE","Trip.com","9","2026-03-23","Good location","","","立地が良い","","","B‍s‍u‍p‍a‍p‍o‍r‍n","","","","","","","","","","","",""
"","FALSE","じゃらん","4","2026-03-23","こちらの相談に対応してくださり、お部屋をかえてくださり、ありがたかったです。ご飯もちょーどよく、おいしかったです","","","こちらの相談に対応してくださり、お部屋をかえてくださり、ありがたかったです。ご飯もちょーどよく、おいしかったです","","","ゆきえさん","","","","","","","","","","","",""
"","FALSE","Booking.com","8","2026-03-22","","L'emplacement nous a permis de rayonner dans Tokyo très facilement. La suite était très grande et la douche et les toilettes supers.  Tout un panel d'équipements mis a disposition des clients","L'ascenseur était un peu capricieux et les lits un peu durs","","立地が良かったので、東京観光にとても便利でした。スイートルームは非常に広々としていて、シャワーとトイレも素晴らしかったです。宿泊客向けのアメニティも充実していました。","エレベーターは少し気まぐれで、ベッドは少し硬かった。","Mathilde","","","","","","","","","","","",""
"","FALSE","楽天トラベル","4","2026-03-22","周辺環境も良く快適に過ごせました。ウォーターサーバーが設置されているのも良かったです。ただドライヤーの吸い込み部分の汚れが酷く残念でした。","","","周辺環境も良く快適に過ごせました。ウォーターサーバーが設置されているのも良かったです。ただドライヤーの吸い込み部分の汚れが酷く残念でした。","","","ksktmk","","","","","","","","","","","",""
"","FALSE","Trip.com","10","2026-03-21","Otelde hizmet güleryüz temizlik ve fiyatlama mükemmeldi .Ancak sabah kahvaltısında malum japonyadaydık ama zeytin peynir suda 3-5 dk pişmiş yumurta ,salatalık gibi çeşitler ve ekmek olmaması nedeniyle biraz zorlandık.Ancak güzel bir tatildi.Otel ekibine çok teşekkür ederiz.Selsm ve Saygılarımızla. Karagöz Ailesi","","","ホテルのサービス、親切さ、清潔さ、そして価格は素晴らしかったです。ただ、日本に滞在していたため、朝食はオリーブ、チーズ、3～​​5分ゆでた卵、キュウリの種類が限られていて、パンがなかったのは少し残念でした。それでも、素晴らしい休暇になりました。ホテルのスタッフの皆様に心より感謝申し上げます。カラギョズ一家より","","","H‍a‍r‍u‍n‍ ‍K‍a‍r‍a‍g‍ö‍z","","","","","","","","","","","",""
"","FALSE","楽天トラベル","5","2026-03-20","壁、エレベーターの内装が綺麗、 お部屋も浴室もチェックアウト時間もゆったりしていて、気分よく過ごせました。  ガストでのウェルカムドリンクもお部屋に持って行けて、紅茶やフェイスマスクなどのアメニティも充実していて、嬉しいです！","","","壁、エレベーターの内装が綺麗、 お部屋も浴室もチェックアウト時間もゆったりしていて、気分よく過ごせました。  ガストでのウェルカムドリンクもお部屋に持って行けて、紅茶やフェイスマスクなどのアメニティも充実していて、嬉しいです！","","","aaa.a","","","","","","","","","","","",""
"","FALSE","楽天トラベル","5","2026-03-20","アメニティが充実していて嬉しかったです。また、事前予約ではありますがストレート•カールアイロンを無料貸出して頂けるのは有り難かったです。スタッフさんの対応も事務的でなく安心感がありました。 滞在中は快適に過ごすことが出来ありがとうございました☺︎","","","アメニティが充実していて嬉しかったです。また、事前予約ではありますがストレート•カールアイロンを無料貸出して頂けるのは有り難かったです。スタッフさんの対応も事務的でなく安心感がありました。 滞在中は快適に過ごすことが出来ありがとうございました☺︎","","","な。な。な。","","","","","","","","","","","",""
"","FALSE","Booking.com","10","2026-03-19","","Everyone was very accommodating and our room was very clean!","","","皆さんとても親切で、部屋もとても清潔でした！","","Megan","","","","","","","","","","","",""
"","FALSE","Trip.com","10","2026-03-19","Nice location and the hotel is spacious. Would like to visit again for next trip!","","","立地も良く、ホテルも広々としていました。次の旅行でもまた利用したいです！","","","ゲ‍ス‍ト","","","","","","","","","","","",""
"","FALSE","楽天トラベル","3","2026-03-19","以前宿泊した際、駅から近くお部屋も広々としていて綺麗でベッドも広くて是非また泊まりたいと思いリピートしました。 アメニティがたくさんあり、顔パックは嬉しかったです。 間違えてツインを予約してしまい、ベッドが狭く残念でしたが自分のミスなのでそれは仕方ないですね。 2泊しましたが、1日目にシャワーを使用したら水がどんどん浴槽に溜まり、排水されなくひたすら溜まり続けて気持ち悪かったです。 その日は美容室に行ったのでシャンプーはしてない為、自分の髪の毛が詰まっているとかではありません。たぶん何かが詰まっていたのだと思います… そして朝起きてシーツの隙間からふとんがはみ出していて、よく見たら大きめの黄色いシミが付いていました。これもまた気持ち悪かったです。 ツインだった為、次の日は隣のベッドに移動して寝ました。 前回の印象がすごく良かっただけに、今回はとても残念な気持ちになりました。やはり掃除と清潔感は大切だと思いました。 フロントの方はとても優しく丁寧で素敵な方でした。ありがとうございました。","","","以前宿泊した際、駅から近くお部屋も広々としていて綺麗でベッドも広くて是非また泊まりたいと思いリピートしました。 アメニティがたくさんあり、顔パックは嬉しかったです。 間違えてツインを予約してしまい、ベッドが狭く残念でしたが自分のミスなのでそれは仕方ないですね。 2泊しましたが、1日目にシャワーを使用したら水がどんどん浴槽に溜まり、排水されなくひたすら溜まり続けて気持ち悪かったです。 その日は美容室に行ったのでシャンプーはしてない為、自分の髪の毛が詰まっているとかではありません。たぶん何かが詰まっていたのだと思います… そして朝起きてシーツの隙間からふとんがはみ出していて、よく見たら大きめの黄色いシミが付いていました。これもまた気持ち悪かったです。 ツインだった為、次の日は隣のベッドに移動して寝ました。 前回の印象がすごく良かっただけに、今回はとても残念な気持ちになりました。やはり掃除と清潔感は大切だと思いました。 フロントの方はとても優しく丁寧で素敵な方でした。ありがとうございました。","","","ゆっち2023","","","","","","","","","","","",""
"","FALSE","Booking.com","8","2026-03-18","","","","","","","Hiroyuki","","FALSE","Trip.com","8","2026-03-31","The location of the hotel was great. It was easily accessible to all the attractions.","","","ホテルの立地は最高でした。観光スポットへのアクセスも抜群でした。","","","匿‍名‍ユ‍ー‍ザ‍ー"
"","FALSE","じゃらん","5","2026-03-18","娘と2人で利用しました。  お部屋は天井が高くて広々。独立のお風呂も広く清潔で、手足を伸ばしてゆったり浸かることができ、旅の疲れを癒すことができました。  このご時世に、このクオリティで、比較的お安く宿泊する事ができて、とても満足しています。  ぜひまた利用したいです。","","","娘と2人で利用しました。  お部屋は天井が高くて広々。独立のお風呂も広く清潔で、手足を伸ばしてゆったり浸かることができ、旅の疲れを癒すことができました。  このご時世に、このクオリティで、比較的お安く宿泊する事ができて、とても満足しています。  ぜひまた利用したいです。","","","あっこさん","","FALSE","楽天トラベル","4","2026-03-31","ベッドが少し堅かった。","","","ベッドが少し堅かった。","","","甘口さしみ醤油"
"","FALSE","Trip.com","10","2026-03-17","รร ดี ห้องพักดี อุปกรณ์ครบ เดินทางสะดวกด้วย JR Yamanote line","","","ホテルは快適で、部屋も良く、設備も充実しています。JR山手線にも近く、立地も便利です。","","","ゲ‍ス‍ト","","FALSE","Trip.com","10","2026-03-31","The room is big and clean… will stay at this hotel if we go to Tokyo again 👍🏻","","","部屋は広くて清潔です…また東京に行く機会があれば、このホテルに泊まります👍🏻","","","ゲ‍ス‍ト"
"","FALSE","Booking.com","8","2026-03-17","","","","","","","Katagiri","","FALSE","Trip.com","9","2026-03-31","OMG we cannot sleep well aircon very noisy. Really disturbed us . Anyways called the staff they are very approachable and appreciate there action but aircon still noisy . The rest are good . Like the food so many  choices.","","","ああ、エアコンの音がうるさくてよく眠れません。本当に邪魔されました。とにかくスタッフに電話したら、とても親切に対応してくれて、対応してくれたのはありがたかったのですが、エアコンの音は相変わらずうるさいです。それ以外は良かったです。食事の種類も豊富で気に入りました。","","","ゲ‍ス‍ト"
"","FALSE","Booking.com","10","2026-03-17","","超多備品，沒去過備品那麼齊全的飯店，連面膜都有！窗台很大，如果扛得上去可以放單開行李，這點超滿意！最後是地理位置真的非常好，目白位於山手線上，去哪都方便。這也是我第一次住目白，整體感受是住宅區環境非常適居，人不多步調很清幽，一出車站就有非常漂亮的景色，很難想像位於池袋跟新宿兩個熱門商業區中間會有這麼舒適的環境。妹妹在池袋上課，這也是我飯店選目白的原因，每天早上出門10-15分鐘就能到池袋一起逛街，交通方便到不行。","完全沒有","","ホテルには素晴らしいアメニティが揃っていました。こんなに充実したアメニティが揃っているホテルは初めてで、なんとフェイスマスクまでありました！窓辺がとても広く、スーツケースを運べるなら、そこに荷物を1つ置くことができるので、とても助かりました！そして何より、立地が最高です。網代は山手線沿線にあるので、どこへ行くにも便利です。今回初めて網代に滞在しましたが、全体的にとても住みやすく、静かで平和な住宅街だと感じました。駅のすぐ外からの眺めは素晴らしく、池袋と新宿という人気のショッピング街の間に、こんなに快適な環境があるとは想像もできませんでした。妹が池袋で授業を受けているので、網代を選びました。毎朝、一緒に買い物に行くために池袋まで歩いて10～15分なので、交通の便が本当に便利です。","まったくない","Yuyen","","FALSE","Booking.com","10","2026-03-31","","Great location","Nothing","","絶好のロケーション","何もない","Diana"
"","FALSE","じゃらん","4","2026-03-16","ゆっくり過ごせて満足しました、  一人で泊まるには十分良かった。また泊まりたいと思える良い部屋でした","","","ゆっくり過ごせて満足しました、  一人で泊まるには十分良かった。また泊まりたいと思える良い部屋でした","","","ユウスケさん","","FALSE","じゃらん","4","2026-03-31","子どもと2人旅で利用させていただきました。チェックイン時間が遅めだったので大丈夫かなと思いましたが快く荷物を預かってくださり、部屋まで運んでくれてとても助かりました。チェックイン後、アメニティを選んでいたらスタッフの方が子供用の可愛いアメニティを持ってきてくださり、その他にも塗り絵や絵本など子どもが喜ぶ物が色々用意されていてありがたかったです。スタッフの方々も笑顔で気軽に話しかけてくださり、安心して過ごすことができました。朝食はガストのビュッフェでした。パンにご飯に麺にとても種類が多かったです。また池袋に遊びに行く時にはこちらのホテルを利用しようと思います。","","","子どもと2人旅で利用させていただきました。チェックイン時間が遅めだったので大丈夫かなと思いましたが快く荷物を預かってくださり、部屋まで運んでくれてとても助かりました。チェックイン後、アメニティを選んでいたらスタッフの方が子供用の可愛いアメニティを持ってきてくださり、その他にも塗り絵や絵本など子どもが喜ぶ物が色々用意されていてありがたかったです。スタッフの方々も笑顔で気軽に話しかけてくださり、安心して過ごすことができました。朝食はガストのビュッフェでした。パンにご飯に麺にとても種類が多かったです。また池袋に遊びに行く時にはこちらのホテルを利用しようと思います。","","","えりこさん"
"","FALSE","楽天トラベル","4","2026-03-15","Very good location, nice room, but the window is blocked by the wall of the adjacent building which is so close that you can touch it, convenient stores and bakery nearby, only a few restaurants around.","","","立地はとても良いし、部屋も素敵ですが、窓が隣の建物の壁に遮られていて、壁が触れられるほど近いのが難点です。近くにコンビニやパン屋はありますが、周辺にはレストランが数軒しかありません。","","","Icefire","","FALSE","Google","1","2026-03-30","汚いです","","","汚いです","","","ハクサイ"
"","FALSE","Booking.com","3","2026-03-15","","","","","","","Takako","","FALSE","Booking.com","8","2026-03-30","","Fantastic location and great room. Very quiet and peaceful and the staff were really nice. You can’t ask for a better location in Tokyo than this. Loved the robots and the iPad ordering for dinner. Great to have the restaurant so close to the hotel.","The breakfast is super interesting. Very busy and strange western options. We enjoyed it because we are relaxed people but you do need to go with an open mind.","","最高のロケーションと素晴らしいお部屋でした。とても静かで落ち着いた雰囲気で、スタッフの方々も本当に親切でした。東京でこれ以上良いロケーションは望めないでしょう。ロボットとiPadで夕食を注文できるシステムも気に入りました。ホテルのすぐ近くにレストランがあるのも最高です。","朝食はすごく面白かったです。とても賑やかで、変わった洋食メニューがたくさんありました。私たちは気楽な性格なので楽しめましたが、先入観を持たずに臨むことをお勧めします。","Deanne"
"","FALSE","Booking.com","8","2026-03-15","","駅から近く、迷わずにたどり着けました。","","","駅から近く、迷わずにたどり着けました。","","Haruna","","FALSE","じゃらん","1","2026-03-30","空調が故障していて、室温が暑い。対応をフロントに依頼しました。待っている間、廊下とのドアを空けっ放しにし、対応が終わったのが、深夜0時をまわっていて、身体が休まりませんでしま。","","","空調が故障していて、室温が暑い。対応をフロントに依頼しました。待っている間、廊下とのドアを空けっ放しにし、対応が終わったのが、深夜0時をまわっていて、身体が休まりませんでしま。","","","いっち〜さん"
"","FALSE","Trip.com","8","2026-03-15","禁煙ルームの予約をしたはずが、喫煙ルームの予約になっていた。でも、消臭スプレーを貸してくれたので良かったです。 お部屋もタバコの匂いは気にならなかったので良かったです。","","","禁煙ルームの予約をしたはずが、喫煙ルームの予約になっていた。でも、消臭スプレーを貸してくれたので良かったです。 お部屋もタバコの匂いは気にならなかったので良かったです。","","","ゲ‍ス‍ト","","FALSE","Trip.com","10","2026-03-29","Tuyệt vời","","","素晴らしい","","","V‍â‍n‍ ‍N‍g‍u‍y‍ễ‍n‍ ‍0‍7"
"","FALSE","じゃらん","4","2026-03-15","東京旅行に、姉妹で泊まりました。全国で数店舗しかない、ガストのバイキング付きでとてもお得に泊まれました！とても、美味しく、お得な気分でした。","","","東京旅行に、姉妹で泊まりました。全国で数店舗しかない、ガストのバイキング付きでとてもお得に泊まれました！とても、美味しく、お得な気分でした。","","","ゆっきさん","","FALSE","Trip.com","10","2026-03-29","The location is near a train station.  The room is bigger than we expected.","","","駅の近くという立地です。部屋は予想以上に広かったです。","","","J‍u‍t‍z"
"","FALSE","Trip.com","7","2026-03-14","駅からのアクセスはよかったです  池袋の隣なのに夜は落ち着いてて治安は良さそうでした ホテルに行くまでにコンビニもあります お部屋はお値段相応かな？という感じですがミネラルウォーターはなくまさかのタンブラー？のようなもので浄水器へ汲みにいかないとだめでした 氷も地下しかありません リネン庫の近くだったからか夜中洗濯機の音が聞こえてうるさかったです エレベーターから近いお部屋でよかったのですがうるさくて寝づらいのは…… アメニティはフロント前にあって好きなものを持って行けるのでよかったです","","","駅からのアクセスはよかったです  池袋の隣なのに夜は落ち着いてて治安は良さそうでした ホテルに行くまでにコンビニもあります お部屋はお値段相応かな？という感じですがミネラルウォーターはなくまさかのタンブラー？のようなもので浄水器へ汲みにいかないとだめでした 氷も地下しかありません リネン庫の近くだったからか夜中洗濯機の音が聞こえてうるさかったです エレベーターから近いお部屋でよかったのですがうるさくて寝づらいのは…… アメニティはフロント前にあって好きなものを持って行けるのでよかったです","","","ゲ‍ス‍ト","","FALSE","じゃらん","4","2026-03-29","朝早い出発で朝食をとる時間がなかったので、ホテルのオリジナルケーキに引き換えました。チョコとオレンジのケーキでした。とてもおいしかったので、ホテルのグッズとして販売してほしいくらいです。","","","朝早い出発で朝食をとる時間がなかったので、ホテルのオリジナルケーキに引き換えました。チョコとオレンジのケーキでした。とてもおいしかったので、ホテルのグッズとして販売してほしいくらいです。","","","さんださん"
"","FALSE","Booking.com","9","2026-03-14","","Die Lage ist sehr gut. Nicht weit von der Mejiro Station. Und ikebukuro Station kann man in 15 Minuten zu Fuß erreichen, wenn man ein bißchen laufen will. Bäckerei oder KFC sind auch sehr nah vom Hotel entfernt.","","","立地はとても良いです。目白駅からも遠くなく、少し歩けば池袋駅まで徒歩15分ほどで行けます。パン屋さんやKFCもホテルのすぐ近くにあります。","","Urlauber21","","FALSE","Trip.com","8","2026-03-28","離目白車站近，出站左轉走約三、五分鐘，比較好找。房間雖小，基本設施齊全，性價比可以，去池袋十分方便。有洗漱用品、小袋化粧水、洗面奶等，咖啡放抽屜裏，需要的話問服務員要。","","","目白駅からすぐ近く、駅を出て左へ徒歩3～5分なので、簡単に見つけることができます。部屋は小さいですが、基本的なアメニティはすべて揃っているので、コストパフォーマンスに優れています。池袋へのアクセスも非常に便利です。洗面用具、化粧水、洗顔料の小袋が備え付けられています。コーヒーは引き出しに入っているので、必要な場合はスタッフにお申し付けください。","","","ゲ‍ス‍ト"
"","FALSE","じゃらん","5","2026-03-14","２回目の利用です。前回の対応がとても良く今回も絶対に泊まろうと予約しました。  娘と２人での利用でしたが、部屋も広くゆっくりできました。また、遅い時間に到着予定でしたがホテル内で夕食がとれるのは良かったです。  リッチモンドホテル系列は４軒目ですが、間違えないですね。","","","２回目の利用です。前回の対応がとても良く今回も絶対に泊まろうと予約しました。  娘と２人での利用でしたが、部屋も広くゆっくりできました。また、遅い時間に到着予定でしたがホテル内で夕食がとれるのは良かったです。  リッチモンドホテル系列は４軒目ですが、間違えないですね。","","","ひまわりさん","","FALSE","Booking.com","8","2026-03-28","","","","","","","Sopheak"
"","FALSE","Trip.com","10","2026-03-13","Staffs were very friendly and supportive. Amenities like toiletries and room supplies will be provided at the lobby which guests can pick based on their need. The hotel is located near 7Eleven and Family Mart so super convenient!!! It is also close to Mejiro station which is very accessible to downtown and central area (~15-20 minutes by subway). Price is much affordable compared to the downtown area! Highly recommended 💯","","","スタッフはとてもフレンドリーで親切でした。アメニティ（洗面用具や客室備品など）はロビーに用意されており、必要に応じて自由に選ぶことができます。ホテルはセブンイレブンとファミリーマートの近くにあり、とても便利です！目白駅にも近く、都心部や中心部へのアクセスも抜群です（地下鉄で約15～20分）。都心部と比べて料金もかなりお手頃です！強くお勧めします💯","","","匿‍名‍ユ‍ー‍ザ‍ー","","FALSE","Booking.com","5","2026-03-28","","駅から近かった。","最初は、洗濯機の音が煩いと思っていたが、換気扇の音だった。　煩くて眠れなかった！","","駅から近かった。","最初は、洗濯機の音が煩いと思っていたが、換気扇の音だった。　煩くて眠れなかった！","平野hirano"
"","FALSE","Booking.com","7","2026-03-12","","立地が良い。静かに過ごせる。","古さのためか清掃にも限界があるように感じた。 価格との折り合いがつきづらい。","","立地が良い。静かに過ごせる。","古さのためか清掃にも限界があるように感じた。 価格との折り合いがつきづらい。","Akiko","","FALSE","Trip.com","10","2026-03-27","Hotel be ubicato. Servizio molto buono, camere pulite . Tornerò sicuramente! Unica pecca forse camere un po piccole.","","","ホテルは立地が良く、サービスも素晴らしく、部屋も清潔です。必ずまた利用します！唯一の難点は、部屋が少し狭いことです。","","","ゲ‍ス‍ト"
"","FALSE","Google","5","2026-03-12","山手線の駅に近い、素晴らしい立地です。 お手頃価格です。 コンビニもすぐ近くにあります。 ホテルの隣に薬局があります。 強くお勧めします。","","","山手線の駅に近い、素晴らしい立地です。 お手頃価格です。 コンビニもすぐ近くにあります。 ホテルの隣に薬局があります。 強くお勧めします。","","","Kittiphop Chaiyaphan","","FALSE","Google","5","2026-03-27","素敵でお手頃価格","","","素敵でお手頃価格","","","Daniel Cardenas"
"","FALSE","Trip.com","10","2026-03-12","お部屋もベッドも1人には十分な広さでした お風呂洗面台トイレはひとつになっていますが広々としていて使いやすかったです お風呂に入る時に着替え等を入れるための物入れがとても助かりました","","","お部屋もベッドも1人には十分な広さでした お風呂洗面台トイレはひとつになっていますが広々としていて使いやすかったです お風呂に入る時に着替え等を入れるための物入れがとても助かりました","","","ゲ‍ス‍ト","","FALSE","Trip.com","9","2026-03-27","這次住6天5夜 本以為離車站很遠 但實際走2、3分鐘就到了 是ㄧ間cp值很高的飯店 安靜、離車站近、環境舒服 早餐豐富  下次會考慮再住","","","今回は6日間5泊しました。駅から遠いと思っていましたが、実際は徒歩2～3分ほどでした。コストパフォーマンスが非常に高いホテルです。静かで駅にも近く、快適な環境で、朝食も充実しています。次回もまた利用したいと思います。","","","ゲ‍ス‍ト"
"","FALSE","Trip.com","10","2026-03-12","親子で海外から帰ってきて泊まりました。 湯船に久しぶりにつかれてその夜は、ぐっすり眠れました。 アメニティもたくさんあり、リファのドライヤーで、カーラーも貸出あって、娘は、大変喜んでました。","","","親子で海外から帰ってきて泊まりました。 湯船に久しぶりにつかれてその夜は、ぐっすり眠れました。 アメニティもたくさんあり、リファのドライヤーで、カーラーも貸出あって、娘は、大変喜んでました。","","","ゲ‍ス‍ト","","FALSE","Trip.com","10","2026-03-27","房間很不錯 酒店負一層有投幣的洗衣機 500日圓就可以把衣服洗凈烘乾 非常方便 前台服務職員非常溫馨 服務態度很好","","","部屋はとても快適でした。地下にはコインランドリーがあり、洗濯乾燥がたったの500円で済んだので大変便利でした。フロントのスタッフもとても親切で、素晴らしいサービスを提供してくれました。","","","匿‍名‍ユ‍ー‍ザ‍ー"
"","FALSE","Google","5","2026-03-12","山手線駅に近く、立地抜群です。  料金もお手頃です。  コンビニエンスストアもすぐ近くにあります。  ホテルのすぐ隣に薬局があります。  大変おすすめです。","","","山手線駅に近く、立地抜群です。  料金もお手頃です。  コンビニエンスストアもすぐ近くにあります。  ホテルのすぐ隣に薬局があります。  大変おすすめです。","","","Kittiphop Chaiyaphan","","FALSE","楽天トラベル","4","2026-03-27","駅から非常に近く、雨が降ってきたときは特に助かりました。また、ホテルの周りの商店街には大変魅力的なお店が多く、夕食をどこでとるか非常に悩むくらいでした。部屋はやや年季が入っていますが、きれいに掃除されておりました。理由はわかりませんが、廊下とバスルームの室温が高く、ときに暑く感じるほどでした。朝食は非常に混む時間帯がありますが、それをうまく避けられれば、落ち着いて食べることができます。近くに用事のある時は、また利用したいと思わせる場所でした。ありがとうございました。","","","駅から非常に近く、雨が降ってきたときは特に助かりました。また、ホテルの周りの商店街には大変魅力的なお店が多く、夕食をどこでとるか非常に悩むくらいでした。部屋はやや年季が入っていますが、きれいに掃除されておりました。理由はわかりませんが、廊下とバスルームの室温が高く、ときに暑く感じるほどでした。朝食は非常に混む時間帯がありますが、それをうまく避けられれば、落ち着いて食べることができます。近くに用事のある時は、また利用したいと思わせる場所でした。ありがとうございました。","","","不明"
"","FALSE","Booking.com","9","2026-03-11","","Quiet neighborhood. Close to Yamanote line. Can reach major spots easily. Room space is bigger than Tokyo average.","","","閑静な住宅街。山手線に近く、主要な観光スポットへのアクセスも良好。部屋の広さは東京の平均よりも広い。","","Chaya","","FALSE","Booking.com","8","2026-03-27","","離地鐵站很近 交通方便","","","地下鉄の駅にとても近く、交通の便が良いです。","","Hsin"
"","FALSE","じゃらん","5","2026-03-11","ベルーナドームでコンサートがあったので2023年ぶりにその時と同じ友達と１泊させていただきました。  ホテルに到着し、荷物を預けさせていただいた時からとても丁寧な接客でした。ありがとうございました。  フロントのアメニティに割りばしやプラのスプーンがあって、気遣いが素晴らしいと思いました。  雪肌精のクレンジング等を使わせていただきましたが最高です。  宿泊者サービスがどこもウェルカムドリンクでチェックイン時には終わっていることがほどんどでしたが、こちらは朝食時にホテル２階のガストで使えるので大変ありがたかったです。  やはり今回もこちらを選んで正解でした。  近隣の美味しいお店で今回も食事ができましたし、コンビニ、ドラッグストアが充実していていいですね。  全てにおいて大満足です。  また東京へ行った際は泊まらせていただきます。","","","ベルーナドームでコンサートがあったので2023年ぶりにその時と同じ友達と１泊させていただきました。  ホテルに到着し、荷物を預けさせていただいた時からとても丁寧な接客でした。ありがとうございました。  フロントのアメニティに割りばしやプラのスプーンがあって、気遣いが素晴らしいと思いました。  雪肌精のクレンジング等を使わせていただきましたが最高です。  宿泊者サービスがどこもウェルカムドリンクでチェックイン時には終わっていることがほどんどでしたが、こちらは朝食時にホテル２階のガストで使えるので大変ありがたかったです。  やはり今回もこちらを選んで正解でした。  近隣の美味しいお店で今回も食事ができましたし、コンビニ、ドラッグストアが充実していていいですね。  全てにおいて大満足です。  また東京へ行った際は泊まらせていただきます。","","","勇音さん","","FALSE","Google","5","2026-03-27","素敵で経済的","","","素敵で経済的","","","Daniel Cardenas"
"","FALSE","Booking.com","5","2026-03-09","","","","","","","清島","","FALSE","Trip.com","10","2026-03-27","飯店在JR山手線目白站出來左手邊走路2分鐘的地方，途中還有一間LAWSON且離池袋一站、新宿三站非常方便，接近櫻花季的時間好險有提早訂，價格還是蠻划算的。 房間比APA大，有空間可以把2個29吋行李箱打開來整理，打掃的也很乾淨，電視還可以airplay，沒得挑剔👍","","","ホテルはJR山手線目白駅から徒歩2分、左手にあります。途中にローソンがあり、池袋から1駅、新宿から3駅と非常に便利な立地です。桜の季節に近い時期に早めに予約しておいて正解でした。料金もかなりリーズナブルでした。部屋はAPAよりも広く、29インチのスーツケース2個を広げるのに十分なスペースがありました。とても清潔で、テレビにはAirPlay機能も付いていました。まさに完璧！👍","","","M‍i‍c‍h‍a‍e‍l‍7‍2‍3"
"","FALSE","じゃらん","4","2026-03-09","目白で結婚式あり式場から近かったので前日から宿泊しました。目白駅からも近く周辺にはコンビニ、薬局などもありガストの朝食ブュッフェもついていて良かったのですが6時半からの朝食で息子家族が7時に行った時には目玉商品の唐揚げが品切れで補充されなかったそうです。それ以外はスタッフさんの接客も良く手頃な価格で満足でした。","","","目白で結婚式あり式場から近かったので前日から宿泊しました。目白駅からも近く周辺にはコンビニ、薬局などもありガストの朝食ブュッフェもついていて良かったのですが6時半からの朝食で息子家族が7時に行った時には目玉商品の唐揚げが品切れで補充されなかったそうです。それ以外はスタッフさんの接客も良く手頃な価格で満足でした。","","","シンシンさん","","FALSE","じゃらん","4","2026-03-27","初めて娘と二人での東京1泊旅で利用しました。  家族旅行(夫と一緒)の時は車移動なので荷物の心配はありませんでしたが、今回は電車移動だったため、駅から近くてわかりやすいということと、何より都心のホテルなのに和室があるということが決め手となりこちらを選びました。  短い時間とはいえ靴を脱いで過ごせるのは本当にリラックスでき、部屋もお風呂もとても広くて、東京のホテルとは思えないほどでした！  自宅以外のベッドだとあまりよく眠れないと言っていた娘も、「ここのはちゃんと寝れた」と喜んでいました。ただ、目が覚めた後から、部屋の外でガタゴトとうるさい音がしているのが気になり、朝からなんだろう？と思っていたのですが、朝食を食べるため廊下に出たところ、4〜5名の方が掃除やら補修のようなことをしていて、そこはマイナスな点だったかなと思います。(もちろん掃除するのは仕方ありませんが、、、)  ガストでは、バイキングなのでついつい食べ過ぎてしまいましたが、ソファ椅子なのでゆっくりできて良かったです。  チェックイン前とチェックイン後に荷物を預かっていただき、身軽に２日間東京旅を満喫できてありがたかったです。また東京に行くときはぜひ利用したいです。  部屋のTVが普通の地デジが映らなくてBS?は観られたのですが、たまたまだったんですかね、、、？","","","初めて娘と二人での東京1泊旅で利用しました。  家族旅行(夫と一緒)の時は車移動なので荷物の心配はありませんでしたが、今回は電車移動だったため、駅から近くてわかりやすいということと、何より都心のホテルなのに和室があるということが決め手となりこちらを選びました。  短い時間とはいえ靴を脱いで過ごせるのは本当にリラックスでき、部屋もお風呂もとても広くて、東京のホテルとは思えないほどでした！  自宅以外のベッドだとあまりよく眠れないと言っていた娘も、「ここのはちゃんと寝れた」と喜んでいました。ただ、目が覚めた後から、部屋の外でガタゴトとうるさい音がしているのが気になり、朝からなんだろう？と思っていたのですが、朝食を食べるため廊下に出たところ、4〜5名の方が掃除やら補修のようなことをしていて、そこはマイナスな点だったかなと思います。(もちろん掃除するのは仕方ありませんが、、、)  ガストでは、バイキングなのでついつい食べ過ぎてしまいましたが、ソファ椅子なのでゆっくりできて良かったです。  チェックイン前とチェックイン後に荷物を預かっていただき、身軽に２日間東京旅を満喫できてありがたかったです。また東京に行くときはぜひ利用したいです。  部屋のTVが普通の地デジが映らなくてBS?は観られたのですが、たまたまだったんですかね、、、？","","","ちゃりままさん"
"","FALSE","Trip.com","10","2026-03-08","因為不想在住鳥籠房型，這次特別找大間的訂，三晚在WBC期間的房間搭配信用卡優惠不到一萬，房間真的很大，浴室也超大，還有一個小客廳，飯店的備品超豐富什麼都有，很推薦","","","狭い部屋には二度と泊まりたくなかったので、今回は特に広い部屋を予約しました。WBCでの3泊は、クレジットカードの割引を利用して1万元以下でした。部屋は本当に広々としていて、バスルームも巨大で、小さなリビングルームまでありました。ホテルには様々なアメニティが揃っていて、とてもおすすめです。","","","H‍a‍o‍ ‍t‍r‍i‍p","","FALSE","Trip.com","10","2026-03-26","I would highly recommend this hotel for anyone visiting Tokyo for a short term stay. The room is nice with amenities such as comfortable beds, AC, a clean bathroom, and a large TV. The staff are also very nice and helpful. You also get free breakfast for each day you stay. The breakfast is really good with many options to choose from. There is also a laundry room in case you need to do laundry. Finally, the location is really nice since it is close to Meijiro Station.","","","東京に短期滞在される方には、このホテルを強くお勧めします。快適なベッド、エアコン、清潔なバスルーム、大型テレビなど、設備が整った素敵なお部屋です。スタッフの方々もとても親切で親身になって対応してくれます。滞在中は毎日無料の朝食が付いてきます。朝食は種類も豊富でとても美味しいです。洗濯が必要な場合は、ランドリールームも利用できます。そして何より、明治路駅に近いという立地の良さが魅力です。","","","ゲ‍ス‍ト"
"","FALSE","Booking.com","7","2026-03-07","","立地がよく移動しやすいうえに、近隣の飲食店についてロビーの方が丁寧に教えてくれた。","","","立地がよく移動しやすいうえに、近隣の飲食店についてロビーの方が丁寧に教えてくれた。","","高橋","","FALSE","Booking.com","7","2026-03-26","","","","","","","Moritz"
"","FALSE","Booking.com","9","2026-03-07","","","","","","","Chalermsak","","FALSE","じゃらん","3","2026-03-26","親子三世代で利用しました  トルプル部屋の為少し狭く感じましたが使いやすくて良かったです。  フロントの対応も感じ良かったです。  朝食付き(二階のガスト)も良かったです","","","親子三世代で利用しました  トルプル部屋の為少し狭く感じましたが使いやすくて良かったです。  フロントの対応も感じ良かったです。  朝食付き(二階のガスト)も良かったです","","","ちっちゃんさん"
"","","","","","","","","","","","","","FALSE","Trip.com","9","2026-03-25","利用した部屋は清潔で満足できました。何か書き残す事を絞り出すとすれば、宿泊代金は先に決済を済ませていたので、身一つで伺えば済むと思っていたところ、チェックイン時に宿泊税とやらを徴収された事。領収書は出ますが、先に決算した宿泊料の領収書と当日払った宿泊税の領収書が分かれる事が無く、先に纏めて徴収する事はできないものでしょうか？","","","利用した部屋は清潔で満足できました。何か書き残す事を絞り出すとすれば、宿泊代金は先に決済を済ませていたので、身一つで伺えば済むと思っていたところ、チェックイン時に宿泊税とやらを徴収された事。領収書は出ますが、先に決算した宿泊料の領収書と当日払った宿泊税の領収書が分かれる事が無く、先に纏めて徴収する事はできないものでしょうか？","","","ゲ‍ス‍ト"
"","","","","","","","","","","","","","FALSE","Agoda","10","2026-03-25","二泊しましたが駅近で便利。 部屋は清潔で25㎡とやや広め、 浴槽とシャワーが別々、 スタッフ対応も良く非常に満足しました。","","","二泊しましたが駅近で便利。 部屋は清潔で25㎡とやや広め、 浴槽とシャワーが別々、 スタッフ対応も良く非常に満足しました。","","","徹"
"","","","","","","","","","","","","","FALSE","楽天トラベル","4","2026-03-25","2回目の利用。  前回よりも広い部屋だったので、更にのんびり過ごせてよかった。 また機会があれば利用したいと思います。","","","2回目の利用。  前回よりも広い部屋だったので、更にのんびり過ごせてよかった。 また機会があれば利用したいと思います。","","","tomoki_000"
"","","","","","","","","","","","","","FALSE","楽天トラベル","4","2026-03-25","2回目の利用。  前回よりも広い部屋だったので、更にのんびり過ごせてよかった。 また機会があれば利用したいと思います。  今回、ウェルカムドリンクの券をもらえなかったのは、素泊まりだったからでしょうか？","","","2回目の利用。  前回よりも広い部屋だったので、更にのんびり過ごせてよかった。 また機会があれば利用したいと思います。  今回、ウェルカムドリンクの券をもらえなかったのは、素泊まりだったからでしょうか？","","","tomoki_000"
"","","","","","","","","","","","","","FALSE","Trip.com","10","2026-03-24","Lovely simple breakfast and room space is good enough for the group. Washing machine is at the B1 level","","","素敵なシンプルな朝食で、部屋もグループには十分な広さです。洗濯機は地下1階にあります。","","","匿‍名‍ユ‍ー‍ザ‍ー"
"","","","","","","","","","","","","","FALSE","Booking.com","9","2026-03-24","","Cama muy cómoda y personal muy agradable. El desayuno estaba muy bien para el precio que tenía. Está cerca de una estación muy bien comunicada.","","","ベッドはとても快適で、スタッフもとても親切でした。朝食も値段の割にとても美味しかったです。交通の便の良い駅にも近いです。","","Judit"
"","","","","","","","","","","","","","FALSE","Trip.com","10","2026-03-23","設施：應有具有，每層的樓梯口都有飲水機可以喝到温水 衞生：非常好 環境：很棒，附近有松本清，cocona,紅色羅森。還有cafe 快餐店，和果子寬永堂，咖啡伴茶夢，法甜，自釀威士忌等等的。目白站出來走3分鐘就到了，非常方便","","","設備：必要なアメニティはすべて揃っており、各階段の下には温水が出る給水器も設置されています。衛生状態：良好。環境：素晴らしい。近隣には松本清、ココナ、赤いローソンコンビニエンスストアがあります。その他にもカフェ、ファストフード店、和菓子店、コーヒーショップ、フランス菓子店、自家製ウイスキー店などがあります。目白駅から徒歩わずか3分と大変便利です。","","","ゲ‍ス‍ト"
"","","","","","","","","","","","","","FALSE","Trip.com","10","2026-03-23","綺麗なのとアニメティが充実していて、スタッフの対応ロケーションも最高でした！後値段もお手頃でした！ 窓がない部屋だったので寝泊まりだけでは充分ですがホテル滞在メインだと部屋有りのとこがいいかもです！","","","綺麗なのとアニメティが充実していて、スタッフの対応ロケーションも最高でした！後値段もお手頃でした！ 窓がない部屋だったので寝泊まりだけでは充分ですがホテル滞在メインだと部屋有りのとこがいいかもです！","","","ゲ‍ス‍ト"
"","","","","","","","","","","","","","FALSE","Booking.com","9","2026-03-23","","","","","","","Low"
"","","","","","","","","","","","","","FALSE","楽天トラベル","3","2026-03-23","部屋の大窓が隣接ビルの兼ね合いで完全目隠しされており、圧迫感閉そく感がどうにもならなかった。部屋に居たくない時間帯は近隣のカフェ等で控えているしかなく、ガストのお茶券はいただいていたが、イザ入店となると使いづらく、食事にかこつける必要を感じた。そのガストの朝食は代金に見合っていてなかなか良かった。","","","部屋の大窓が隣接ビルの兼ね合いで完全目隠しされており、圧迫感閉そく感がどうにもならなかった。部屋に居たくない時間帯は近隣のカフェ等で控えているしかなく、ガストのお茶券はいただいていたが、イザ入店となると使いづらく、食事にかこつける必要を感じた。そのガストの朝食は代金に見合っていてなかなか良かった。","","","不明"
"","","","","","","","","","","","","","FALSE","Trip.com","9","2026-03-23","Good location","","","立地が良い","","","B‍s‍u‍p‍a‍p‍o‍r‍n"
"","","","","","","","","","","","","","FALSE","じゃらん","4","2026-03-23","こちらの相談に対応してくださり、お部屋をかえてくださり、ありがたかったです。ご飯もちょーどよく、おいしかったです","","","こちらの相談に対応してくださり、お部屋をかえてくださり、ありがたかったです。ご飯もちょーどよく、おいしかったです","","","ゆきえさん"
"","","","","","","","","","","","","","FALSE","Booking.com","8","2026-03-22","","L'emplacement nous a permis de rayonner dans Tokyo très facilement. La suite était très grande et la douche et les toilettes supers.  Tout un panel d'équipements mis a disposition des clients","L'ascenseur était un peu capricieux et les lits un peu durs","","立地が良かったので、東京観光にとても便利でした。スイートルームは非常に広々としていて、シャワーとトイレも素晴らしかったです。宿泊客向けのアメニティも充実していました。","エレベーターは少し気まぐれで、ベッドは少し硬かった。","Mathilde"
"","","","","","","","","","","","","","FALSE","楽天トラベル","4","2026-03-22","周辺環境も良く快適に過ごせました。ウォーターサーバーが設置されているのも良かったです。ただドライヤーの吸い込み部分の汚れが酷く残念でした。","","","周辺環境も良く快適に過ごせました。ウォーターサーバーが設置されているのも良かったです。ただドライヤーの吸い込み部分の汚れが酷く残念でした。","","","ksktmk"
"","","","","","","","","","","","","","FALSE","Trip.com","10","2026-03-21","Otelde hizmet güleryüz temizlik ve fiyatlama mükemmeldi .Ancak sabah kahvaltısında malum japonyadaydık ama zeytin peynir suda 3-5 dk pişmiş yumurta ,salatalık gibi çeşitler ve ekmek olmaması nedeniyle biraz zorlandık.Ancak güzel bir tatildi.Otel ekibine çok teşekkür ederiz.Selsm ve Saygılarımızla. Karagöz Ailesi","","","ホテルのサービス、親切さ、清潔さ、そして価格は素晴らしかったです。ただ、日本に滞在していたため、朝食はオリーブ、チーズ、3～​​5分ゆでた卵、キュウリの種類が限られていて、パンがなかったのは少し残念でした。それでも、素晴らしい休暇になりました。ホテルのスタッフの皆様に心より感謝申し上げます。カラギョズ一家より","","","H‍a‍r‍u‍n‍ ‍K‍a‍r‍a‍g‍ö‍z"
"","","","","","","","","","","","","","FALSE","楽天トラベル","5","2026-03-20","壁、エレベーターの内装が綺麗、 お部屋も浴室もチェックアウト時間もゆったりしていて、気分よく過ごせました。  ガストでのウェルカムドリンクもお部屋に持って行けて、紅茶やフェイスマスクなどのアメニティも充実していて、嬉しいです！","","","壁、エレベーターの内装が綺麗、 お部屋も浴室もチェックアウト時間もゆったりしていて、気分よく過ごせました。  ガストでのウェルカムドリンクもお部屋に持って行けて、紅茶やフェイスマスクなどのアメニティも充実していて、嬉しいです！","","","aaa.a"
"","","","","","","","","","","","","","FALSE","楽天トラベル","5","2026-03-20","アメニティが充実していて嬉しかったです。また、事前予約ではありますがストレート•カールアイロンを無料貸出して頂けるのは有り難かったです。スタッフさんの対応も事務的でなく安心感がありました。 滞在中は快適に過ごすことが出来ありがとうございました☺︎","","","アメニティが充実していて嬉しかったです。また、事前予約ではありますがストレート•カールアイロンを無料貸出して頂けるのは有り難かったです。スタッフさんの対応も事務的でなく安心感がありました。 滞在中は快適に過ごすことが出来ありがとうございました☺︎","","","な。な。な。"
"","","","","","","","","","","","","","FALSE","Booking.com","10","2026-03-19","","Everyone was very accommodating and our room was very clean!","","","皆さんとても親切で、部屋もとても清潔でした！","","Megan"
"","","","","","","","","","","","","","FALSE","Trip.com","10","2026-03-19","Nice location and the hotel is spacious. Would like to visit again for next trip!","","","立地も良く、ホテルも広々としていました。次の旅行でもまた利用したいです！","","","ゲ‍ス‍ト"
"","","","","","","","","","","","","","FALSE","楽天トラベル","3","2026-03-19","以前宿泊した際、駅から近くお部屋も広々としていて綺麗でベッドも広くて是非また泊まりたいと思いリピートしました。 アメニティがたくさんあり、顔パックは嬉しかったです。 間違えてツインを予約してしまい、ベッドが狭く残念でしたが自分のミスなのでそれは仕方ないですね。 2泊しましたが、1日目にシャワーを使用したら水がどんどん浴槽に溜まり、排水されなくひたすら溜まり続けて気持ち悪かったです。 その日は美容室に行ったのでシャンプーはしてない為、自分の髪の毛が詰まっているとかではありません。たぶん何かが詰まっていたのだと思います… そして朝起きてシーツの隙間からふとんがはみ出していて、よく見たら大きめの黄色いシミが付いていました。これもまた気持ち悪かったです。 ツインだった為、次の日は隣のベッドに移動して寝ました。 前回の印象がすごく良かっただけに、今回はとても残念な気持ちになりました。やはり掃除と清潔感は大切だと思いました。 フロントの方はとても優しく丁寧で素敵な方でした。ありがとうございました。","","","以前宿泊した際、駅から近くお部屋も広々としていて綺麗でベッドも広くて是非また泊まりたいと思いリピートしました。 アメニティがたくさんあり、顔パックは嬉しかったです。 間違えてツインを予約してしまい、ベッドが狭く残念でしたが自分のミスなのでそれは仕方ないですね。 2泊しましたが、1日目にシャワーを使用したら水がどんどん浴槽に溜まり、排水されなくひたすら溜まり続けて気持ち悪かったです。 その日は美容室に行ったのでシャンプーはしてない為、自分の髪の毛が詰まっているとかではありません。たぶん何かが詰まっていたのだと思います… そして朝起きてシーツの隙間からふとんがはみ出していて、よく見たら大きめの黄色いシミが付いていました。これもまた気持ち悪かったです。 ツインだった為、次の日は隣のベッドに移動して寝ました。 前回の印象がすごく良かっただけに、今回はとても残念な気持ちになりました。やはり掃除と清潔感は大切だと思いました。 フロントの方はとても優しく丁寧で素敵な方でした。ありがとうございました。","","","ゆっち2023"
"","","","","","","","","","","","","","FALSE","Booking.com","8","2026-03-18","","","","","","","Hiroyuki"
"","","","","","","","","","","","","","FALSE","じゃらん","5","2026-03-18","娘と2人で利用しました。  お部屋は天井が高くて広々。独立のお風呂も広く清潔で、手足を伸ばしてゆったり浸かることができ、旅の疲れを癒すことができました。  このご時世に、このクオリティで、比較的お安く宿泊する事ができて、とても満足しています。  ぜひまた利用したいです。","","","娘と2人で利用しました。  お部屋は天井が高くて広々。独立のお風呂も広く清潔で、手足を伸ばしてゆったり浸かることができ、旅の疲れを癒すことができました。  このご時世に、このクオリティで、比較的お安く宿泊する事ができて、とても満足しています。  ぜひまた利用したいです。","","","あっこさん"
"","","","","","","","","","","","","","FALSE","Trip.com","10","2026-03-17","รร ดี ห้องพักดี อุปกรณ์ครบ เดินทางสะดวกด้วย JR Yamanote line","","","ホテルは快適で、部屋も良く、設備も充実しています。JR山手線にも近く、立地も便利です。","","","ゲ‍ス‍ト"
"","","","","","","","","","","","","","FALSE","Booking.com","8","2026-03-17","","","","","","","Katagiri"
"","","","","","","","","","","","","","FALSE","Booking.com","10","2026-03-17","","超多備品，沒去過備品那麼齊全的飯店，連面膜都有！窗台很大，如果扛得上去可以放單開行李，這點超滿意！最後是地理位置真的非常好，目白位於山手線上，去哪都方便。這也是我第一次住目白，整體感受是住宅區環境非常適居，人不多步調很清幽，一出車站就有非常漂亮的景色，很難想像位於池袋跟新宿兩個熱門商業區中間會有這麼舒適的環境。妹妹在池袋上課，這也是我飯店選目白的原因，每天早上出門10-15分鐘就能到池袋一起逛街，交通方便到不行。","完全沒有","","ホテルには素晴らしいアメニティが揃っていました。こんなに充実したアメニティが揃っているホテルは初めてで、なんとフェイスマスクまでありました！窓辺がとても広く、スーツケースを運べるなら、そこに荷物を1つ置くことができるので、とても助かりました！そして何より、立地が最高です。網代は山手線沿線にあるので、どこへ行くにも便利です。今回初めて網代に滞在しましたが、全体的にとても住みやすく、静かで平和な住宅街だと感じました。駅のすぐ外からの眺めは素晴らしく、池袋と新宿という人気のショッピング街の間に、こんなに快適な環境があるとは想像もできませんでした。妹が池袋で授業を受けているので、網代を選びました。毎朝、一緒に買い物に行くために池袋まで歩いて10～15分なので、交通の便が本当に便利です。","まったくない","Yuyen"
"","","","","","","","","","","","","","FALSE","じゃらん","4","2026-03-16","ゆっくり過ごせて満足しました、  一人で泊まるには十分良かった。また泊まりたいと思える良い部屋でした","","","ゆっくり過ごせて満足しました、  一人で泊まるには十分良かった。また泊まりたいと思える良い部屋でした","","","ユウスケさん"
"","","","","","","","","","","","","","FALSE","楽天トラベル","4","2026-03-15","Very good location, nice room, but the window is blocked by the wall of the adjacent building which is so close that you can touch it, convenient stores and bakery nearby, only a few restaurants around.","","","立地はとても良いし、部屋も素敵ですが、窓が隣の建物の壁に遮られていて、壁が触れられるほど近いのが難点です。近くにコンビニやパン屋はありますが、周辺にはレストランが数軒しかありません。","","","Icefire"
"","","","","","","","","","","","","","FALSE","Booking.com","3","2026-03-15","","","","","","","Takako"
"","","","","","","","","","","","","","FALSE","Booking.com","8","2026-03-15","","駅から近く、迷わずにたどり着けました。","","","駅から近く、迷わずにたどり着けました。","","Haruna"
"","","","","","","","","","","","","","FALSE","Trip.com","8","2026-03-15","禁煙ルームの予約をしたはずが、喫煙ルームの予約になっていた。でも、消臭スプレーを貸してくれたので良かったです。 お部屋もタバコの匂いは気にならなかったので良かったです。","","","禁煙ルームの予約をしたはずが、喫煙ルームの予約になっていた。でも、消臭スプレーを貸してくれたので良かったです。 お部屋もタバコの匂いは気にならなかったので良かったです。","","","ゲ‍ス‍ト"
"","","","","","","","","","","","","","FALSE","じゃらん","4","2026-03-15","東京旅行に、姉妹で泊まりました。全国で数店舗しかない、ガストのバイキング付きでとてもお得に泊まれました！とても、美味しく、お得な気分でした。","","","東京旅行に、姉妹で泊まりました。全国で数店舗しかない、ガストのバイキング付きでとてもお得に泊まれました！とても、美味しく、お得な気分でした。","","","ゆっきさん"
"","","","","","","","","","","","","","FALSE","Trip.com","7","2026-03-14","駅からのアクセスはよかったです  池袋の隣なのに夜は落ち着いてて治安は良さそうでした ホテルに行くまでにコンビニもあります お部屋はお値段相応かな？という感じですがミネラルウォーターはなくまさかのタンブラー？のようなもので浄水器へ汲みにいかないとだめでした 氷も地下しかありません リネン庫の近くだったからか夜中洗濯機の音が聞こえてうるさかったです エレベーターから近いお部屋でよかったのですがうるさくて寝づらいのは…… アメニティはフロント前にあって好きなものを持って行けるのでよかったです","","","駅からのアクセスはよかったです  池袋の隣なのに夜は落ち着いてて治安は良さそうでした ホテルに行くまでにコンビニもあります お部屋はお値段相応かな？という感じですがミネラルウォーターはなくまさかのタンブラー？のようなもので浄水器へ汲みにいかないとだめでした 氷も地下しかありません リネン庫の近くだったからか夜中洗濯機の音が聞こえてうるさかったです エレベーターから近いお部屋でよかったのですがうるさくて寝づらいのは…… アメニティはフロント前にあって好きなものを持って行けるのでよかったです","","","ゲ‍ス‍ト"
"","","","","","","","","","","","","","FALSE","Booking.com","9","2026-03-14","","Die Lage ist sehr gut. Nicht weit von der Mejiro Station. Und ikebukuro Station kann man in 15 Minuten zu Fuß erreichen, wenn man ein bißchen laufen will. Bäckerei oder KFC sind auch sehr nah vom Hotel entfernt.","","","立地はとても良いです。目白駅からも遠くなく、少し歩けば池袋駅まで徒歩15分ほどで行けます。パン屋さんやKFCもホテルのすぐ近くにあります。","","Urlauber21"
"","","","","","","","","","","","","","FALSE","じゃらん","5","2026-03-14","２回目の利用です。前回の対応がとても良く今回も絶対に泊まろうと予約しました。  娘と２人での利用でしたが、部屋も広くゆっくりできました。また、遅い時間に到着予定でしたがホテル内で夕食がとれるのは良かったです。  リッチモンドホテル系列は４軒目ですが、間違えないですね。","","","２回目の利用です。前回の対応がとても良く今回も絶対に泊まろうと予約しました。  娘と２人での利用でしたが、部屋も広くゆっくりできました。また、遅い時間に到着予定でしたがホテル内で夕食がとれるのは良かったです。  リッチモンドホテル系列は４軒目ですが、間違えないですね。","","","ひまわりさん"
"","","","","","","","","","","","","","FALSE","Trip.com","10","2026-03-13","Staffs were very friendly and supportive. Amenities like toiletries and room supplies will be provided at the lobby which guests can pick based on their need. The hotel is located near 7Eleven and Family Mart so super convenient!!! It is also close to Mejiro station which is very accessible to downtown and central area (~15-20 minutes by subway). Price is much affordable compared to the downtown area! Highly recommended 💯","","","スタッフはとてもフレンドリーで親切でした。アメニティ（洗面用具や客室備品など）はロビーに用意されており、必要に応じて自由に選ぶことができます。ホテルはセブンイレブンとファミリーマートの近くにあり、とても便利です！目白駅にも近く、都心部や中心部へのアクセスも抜群です（地下鉄で約15～20分）。都心部と比べて料金もかなりお手頃です！強くお勧めします💯","","","匿‍名‍ユ‍ー‍ザ‍ー"
"","","","","","","","","","","","","","FALSE","Booking.com","7","2026-03-12","","立地が良い。静かに過ごせる。","古さのためか清掃にも限界があるように感じた。 価格との折り合いがつきづらい。","","立地が良い。静かに過ごせる。","古さのためか清掃にも限界があるように感じた。 価格との折り合いがつきづらい。","Akiko"
"","","","","","","","","","","","","","FALSE","Google","5","2026-03-12","山手線の駅に近い、素晴らしい立地です。 お手頃価格です。 コンビニもすぐ近くにあります。 ホテルの隣に薬局があります。 強くお勧めします。","","","山手線の駅に近い、素晴らしい立地です。 お手頃価格です。 コンビニもすぐ近くにあります。 ホテルの隣に薬局があります。 強くお勧めします。","","","Kittiphop Chaiyaphan"
"","","","","","","","","","","","","","FALSE","Trip.com","10","2026-03-12","お部屋もベッドも1人には十分な広さでした お風呂洗面台トイレはひとつになっていますが広々としていて使いやすかったです お風呂に入る時に着替え等を入れるための物入れがとても助かりました","","","お部屋もベッドも1人には十分な広さでした お風呂洗面台トイレはひとつになっていますが広々としていて使いやすかったです お風呂に入る時に着替え等を入れるための物入れがとても助かりました","","","ゲ‍ス‍ト"
"","","","","","","","","","","","","","FALSE","Trip.com","10","2026-03-12","親子で海外から帰ってきて泊まりました。 湯船に久しぶりにつかれてその夜は、ぐっすり眠れました。 アメニティもたくさんあり、リファのドライヤーで、カーラーも貸出あって、娘は、大変喜んでました。","","","親子で海外から帰ってきて泊まりました。 湯船に久しぶりにつかれてその夜は、ぐっすり眠れました。 アメニティもたくさんあり、リファのドライヤーで、カーラーも貸出あって、娘は、大変喜んでました。","","","ゲ‍ス‍ト"
"","","","","","","","","","","","","","FALSE","Google","5","2026-03-12","山手線駅に近く、立地抜群です。  料金もお手頃です。  コンビニエンスストアもすぐ近くにあります。  ホテルのすぐ隣に薬局があります。  大変おすすめです。","","","山手線駅に近く、立地抜群です。  料金もお手頃です。  コンビニエンスストアもすぐ近くにあります。  ホテルのすぐ隣に薬局があります。  大変おすすめです。","","","Kittiphop Chaiyaphan"
"","","","","","","","","","","","","","FALSE","Booking.com","9","2026-03-11","","Quiet neighborhood. Close to Yamanote line. Can reach major spots easily. Room space is bigger than Tokyo average.","","","閑静な住宅街。山手線に近く、主要な観光スポットへのアクセスも良好。部屋の広さは東京の平均よりも広い。","","Chaya"
"","","","","","","","","","","","","","FALSE","じゃらん","5","2026-03-11","ベルーナドームでコンサートがあったので2023年ぶりにその時と同じ友達と１泊させていただきました。  ホテルに到着し、荷物を預けさせていただいた時からとても丁寧な接客でした。ありがとうございました。  フロントのアメニティに割りばしやプラのスプーンがあって、気遣いが素晴らしいと思いました。  雪肌精のクレンジング等を使わせていただきましたが最高です。  宿泊者サービスがどこもウェルカムドリンクでチェックイン時には終わっていることがほどんどでしたが、こちらは朝食時にホテル２階のガストで使えるので大変ありがたかったです。  やはり今回もこちらを選んで正解でした。  近隣の美味しいお店で今回も食事ができましたし、コンビニ、ドラッグストアが充実していていいですね。  全てにおいて大満足です。  また東京へ行った際は泊まらせていただきます。","","","ベルーナドームでコンサートがあったので2023年ぶりにその時と同じ友達と１泊させていただきました。  ホテルに到着し、荷物を預けさせていただいた時からとても丁寧な接客でした。ありがとうございました。  フロントのアメニティに割りばしやプラのスプーンがあって、気遣いが素晴らしいと思いました。  雪肌精のクレンジング等を使わせていただきましたが最高です。  宿泊者サービスがどこもウェルカムドリンクでチェックイン時には終わっていることがほどんどでしたが、こちらは朝食時にホテル２階のガストで使えるので大変ありがたかったです。  やはり今回もこちらを選んで正解でした。  近隣の美味しいお店で今回も食事ができましたし、コンビニ、ドラッグストアが充実していていいですね。  全てにおいて大満足です。  また東京へ行った際は泊まらせていただきます。","","","勇音さん"
"","","","","","","","","","","","","","FALSE","Booking.com","5","2026-03-09","","","","","","","清島"
"","","","","","","","","","","","","","FALSE","じゃらん","4","2026-03-09","目白で結婚式あり式場から近かったので前日から宿泊しました。目白駅からも近く周辺にはコンビニ、薬局などもありガストの朝食ブュッフェもついていて良かったのですが6時半からの朝食で息子家族が7時に行った時には目玉商品の唐揚げが品切れで補充されなかったそうです。それ以外はスタッフさんの接客も良く手頃な価格で満足でした。","","","目白で結婚式あり式場から近かったので前日から宿泊しました。目白駅からも近く周辺にはコンビニ、薬局などもありガストの朝食ブュッフェもついていて良かったのですが6時半からの朝食で息子家族が7時に行った時には目玉商品の唐揚げが品切れで補充されなかったそうです。それ以外はスタッフさんの接客も良く手頃な価格で満足でした。","","","シンシンさん"
"","","","","","","","","","","","","","FALSE","Trip.com","10","2026-03-08","因為不想在住鳥籠房型，這次特別找大間的訂，三晚在WBC期間的房間搭配信用卡優惠不到一萬，房間真的很大，浴室也超大，還有一個小客廳，飯店的備品超豐富什麼都有，很推薦","","","狭い部屋には二度と泊まりたくなかったので、今回は特に広い部屋を予約しました。WBCでの3泊は、クレジットカードの割引を利用して1万元以下でした。部屋は本当に広々としていて、バスルームも巨大で、小さなリビングルームまでありました。ホテルには様々なアメニティが揃っていて、とてもおすすめです。","","","H‍a‍o‍ ‍t‍r‍i‍p"
"","","","","","","","","","","","","","FALSE","Booking.com","7","2026-03-07","","立地がよく移動しやすいうえに、近隣の飲食店についてロビーの方が丁寧に教えてくれた。","","","立地がよく移動しやすいうえに、近隣の飲食店についてロビーの方が丁寧に教えてくれた。","","高橋"
"","","","","","","","","","","","","","FALSE","Booking.com","9","2026-03-07","","","","","","","Chalermsak"